Workbook

Sheet 1ER. TRIM
B1: Segundo A | C1: CUADRO DE EVALUACION 2025 | V1: 1er. Trimestre
B3: Prof(a): | Q3: AREA:
A5: N° | B5: NOMBRES Y APELLIDOS | C5: REGISTRO DE VALORACION CUANTITATIVA DEL DOCENTE | X5: PROMEDIO TOTAL | Y5: AUTOEV. (5 pts.) | Z5: PROM.TRIMESTRAL | AA5: OBSERVACIONES
C6: SER (5 PTS) | D6: SABER (45 PTS) | M6: HACER (40 PTS) | W6: DECIDIR (5 PTS)
D7: A | E7: A | F7: A | G7: A | H7: NOTA AYUDA | I7: A | J7: A | K7: NOTA DE AYUDA | L7: PROMEDIO | M7: A | N7: A | O7: A | P7: TRABAJO DESARROLLO HUMANO | Q7: A | R7: A | S7: A | T7: A | U7: A | V7: PROMEDIO
A8: 1 | L8: =IF(ROUND(AVERAGE(D8:K8),0)>0,ROUND(AVERAGE(D8:K8),0)," ") -> #DIV/0! | V8: =IF(ROUND(AVERAGE(M8:U8),0)>0,ROUND(AVERAGE(M8:U8),0)," ") -> #DIV/0! | X8: =SUM(C8+L8+V8+W8) -> #DIV/0! | Z8: =(X8+Y8) -> #DIV/0!
A9: 2 | L9: =IF(ROUND(AVERAGE(D9:K9),0)>0,ROUND(AVERAGE(D9:K9),0)," ") -> #DIV/0! | V9: =IF(ROUND(AVERAGE(M9:U9),0)>0,ROUND(AVERAGE(M9:U9),0)," ") -> #DIV/0! | X9: =SUM(C9+L9+V9+W9) -> #DIV/0! | Z9: =(X9+Y9) -> #DIV/0!
A10: 3 | L10: =IF(ROUND(AVERAGE(D10:K10),0)>0,ROUND(AVERAGE(D10:K10),0)," ") -> #DIV/0! | V10: =IF(ROUND(AVERAGE(M10:U10),0)>0,ROUND(AVERAGE(M10:U10),0)," ") -> #DIV/0! | X10: =SUM(C10+L10+V10+W10) -> #DIV/0! | Z10: =(X10+Y10) -> #DIV/0!
A11: 4 | L11: =IF(ROUND(AVERAGE(D11:K11),0)>0,ROUND(AVERAGE(D11:K11),0)," ") -> #DIV/0! | V11: =IF(ROUND(AVERAGE(M11:U11),0)>0,ROUND(AVERAGE(M11:U11),0)," ") -> #DIV/0! | X11: =SUM(C11+L11+V11+W11) -> #DIV/0! | Z11: =(X11+Y11) -> #DIV/0!
A12: 5 | L12: =IF(ROUND(AVERAGE(D12:K12),0)>0,ROUND(AVERAGE(D12:K12),0)," ") -> #DIV/0! | V12: =IF(ROUND(AVERAGE(M12:U12),0)>0,ROUND(AVERAGE(M12:U12),0)," ") -> #DIV/0! | X12: =SUM(C12+L12+V12+W12) -> #DIV/0! | Z12: =(X12+Y12) -> #DIV/0!
A13: 6 | L13: =IF(ROUND(AVERAGE(D13:K13),0)>0,ROUND(AVERAGE(D13:K13),0)," ") -> #DIV/0! | V13: =IF(ROUND(AVERAGE(M13:U13),0)>0,ROUND(AVERAGE(M13:U13),0)," ") -> #DIV/0! | X13: =SUM(C13+L13+V13+W13) -> #DIV/0! | Z13: =(X13+Y13) -> #DIV/0!
A14: 7 | L14: =IF(ROUND(AVERAGE(D14:K14),0)>0,ROUND(AVERAGE(D14:K14),0)," ") -> #DIV/0! | V14: =IF(ROUND(AVERAGE(M14:U14),0)>0,ROUND(AVERAGE(M14:U14),0)," ") -> #DIV/0! | X14: =SUM(C14+L14+V14+W14) -> #DIV/0! | Z14: =(X14+Y14) -> #DIV/0!
A15: 8 | L15: =IF(ROUND(AVERAGE(D15:K15),0)>0,ROUND(AVERAGE(D15:K15),0)," ") -> #DIV/0! | V15: =IF(ROUND(AVERAGE(M15:U15),0)>0,ROUND(AVERAGE(M15:U15),0)," ") -> #DIV/0! | X15: =SUM(C15+L15+V15+W15) -> #DIV/0! | Z15: =(X15+Y15) -> #DIV/0!
A16: 9 | L16: =IF(ROUND(AVERAGE(D16:K16),0)>0,ROUND(AVERAGE(D16:K16),0)," ") -> #DIV/0! | V16: =IF(ROUND(AVERAGE(M16:U16),0)>0,ROUND(AVERAGE(M16:U16),0)," ") -> #DIV/0! | X16: =SUM(C16+L16+V16+W16) -> #DIV/0! | Z16: =(X16+Y16) -> #DIV/0!
A17: 10 | L17: =IF(ROUND(AVERAGE(D17:K17),0)>0,ROUND(AVERAGE(D17:K17),0)," ") -> #DIV/0! | V17: =IF(ROUND(AVERAGE(M17:U17),0)>0,ROUND(AVERAGE(M17:U17),0)," ") -> #DIV/0! | X17: =SUM(C17+L17+V17+W17) -> #DIV/0! | Z17: =(X17+Y17) -> #DIV/0!
A18: 11 | L18: =IF(ROUND(AVERAGE(D18:K18),0)>0,ROUND(AVERAGE(D18:K18),0)," ") -> #DIV/0! | V18: =IF(ROUND(AVERAGE(M18:U18),0)>0,ROUND(AVERAGE(M18:U18),0)," ") -> #DIV/0! | X18: =SUM(C18+L18+V18+W18) -> #DIV/0! | Z18: =(X18+Y18) -> #DIV/0!
A19: 12 | L19: =IF(ROUND(AVERAGE(D19:K19),0)>0,ROUND(AVERAGE(D19:K19),0)," ") -> #DIV/0! | V19: =IF(ROUND(AVERAGE(M19:U19),0)>0,ROUND(AVERAGE(M19:U19),0)," ") -> #DIV/0! | X19: =SUM(C19+L19+V19+W19) -> #DIV/0! | Z19: =(X19+Y19) -> #DIV/0!
... A48: 41 | L48: =IF(ROUND(AVERAGE(D48:K48),0)>0,ROUND(AVERAGE(D48:K48),0)," ") -> #DIV/0! | V48: =IF(ROUND(AVERAGE(M48:U48),0)>0,ROUND(AVERAGE(M48:U48),0)," ") -> #DIV/0! | X48: =SUM(C48+L48+V48+W48) -> #DIV/0! | Z48: =(X48+Y48) -> #DIV/0!

Sheet 2DO. TRIM 
B1: ='1ER. TRIM'!$B$1 -> Segundo A | C1: CUADRO DE EVALUACION 2025 | V1: 2do. Trimestre
B3: Prof(a): | C3: ='1ER. TRIM'!$C$3 -> 0 | Q3: AREA: | S3: ='1ER. TRIM'!$S$3 -> 0
A5: N° | B5: NOMBRES Y APELLIDOS | C5: REGISTRO DE VALORACION CUANTITATIVA DEL DOCENTE | X5: PROMEDIO TOTAL | Y5: AUTOEV. (5 pts.) | Z5: PROM.TRIMESTRAL
C6: SER (5 PTS) | D6: SABER (45 PTS) | M6: HACER (40 PTS) | W6: DECIDIR (5 PTS) | AA6: OBSERVACIONES
D7: A | E7: A | F7: A | G7: A | I7: A | J7: A | K7: A | L7: PROMEDIO | M7: B | N7: D | O7: B | P7: B | Q7: B | R7: B | S7: B | T7: B | U7: B | V7: PROMEDIO
A8: 1 | B8: ='1ER. TRIM'!B8 -> 0 | L8: =IF(ROUND(AVERAGE(D8:K8),0)>0,ROUND(AVERAGE(D8:K8),0)," ") -> #DIV/0! | V8: =IF(ROUND(AVERAGE(M8:U8),0)>0,ROUND(AVERAGE(M8:U8),0)," ") -> #DIV/0! | X8: =SUM(C8+L8+V8+W8) -> #DIV/0! | Z8: =(X8+Y8) -> #DIV/0!
A9: 2 | B9: ='1ER. TRIM'!B9 -> 0 | L9: =IF(ROUND(AVERAGE(D9:K9),0)>0,ROUND(AVERAGE(D9:K9),0)," ") -> #DIV/0! | V9: =IF(ROUND(AVERAGE(M9:U9),0)>0,ROUND(AVERAGE(M9:U9),0)," ") -> #DIV/0! | X9: =SUM(C9+L9+V9+W9) -> #DIV/0! | Z9: =(X9+Y9) -> #DIV/0!
A10: 3 | B10: ='1ER. TRIM'!B10 -> 0 | L10: =IF(ROUND(AVERAGE(D10:K10),0)>0,ROUND(AVERAGE(D10:K10),0)," ") -> #DIV/0! | V10: =IF(ROUND(AVERAGE(M10:U10),0)>0,ROUND(AVERAGE(M10:U10),0)," ") -> #DIV/0! | X10: =SUM(C10+L10+V10+W10) -> #DIV/0! | Z10: =(X10+Y10) -> #DIV/0!
A11: 4 | B11: ='1ER. TRIM'!B11 -> 0 | L11: =IF(ROUND(AVERAGE(D11:K11),0)>0,ROUND(AVERAGE(D11:K11),0)," ") -> #DIV/0! | V11: =IF(ROUND(AVERAGE(M11:U11),0)>0,ROUND(AVERAGE(M11:U11),0)," ") -> #DIV/0! | X11: =SUM(C11+L11+V11+W11) -> #DIV/0! | Z11: =(X11+Y11) -> #DIV/0!
A12: 5 | B12: ='1ER. TRIM'!B12 -> 0 | L12: =IF(ROUND(AVERAGE(D12:K12),0)>0,ROUND(AVERAGE(D12:K12),0)," ") -> #DIV/0! | V12: =IF(ROUND(AVERAGE(M12:U12),0)>0,ROUND(AVERAGE(M12:U12),0)," ") -> #DIV/0! | X12: =SUM(C12+L12+V12+W12) -> #DIV/0! | Z12: =(X12+Y12) -> #DIV/0!
A13: 6 | B13: ='1ER. TRIM'!B13 -> 0 | L13: =IF(ROUND(AVERAGE(D13:K13),0)>0,ROUND(AVERAGE(D13:K13),0)," ") -> #DIV/0! | V13: =IF(ROUND(AVERAGE(M13:U13),0)>0,ROUND(AVERAGE(M13:U13),0)," ") -> #DIV/0! | X13: =SUM(C13+L13+V13+W13) -> #DIV/0! | Z13: =(X13+Y13) -> #DIV/0!
A14: 7 | B14: ='1ER. TRIM'!B14 -> 0 | L14: =IF(ROUND(AVERAGE(D14:K14),0)>0,ROUND(AVERAGE(D14:K14),0)," ") -> #DIV/0! | V14: =IF(ROUND(AVERAGE(M14:U14),0)>0,ROUND(AVERAGE(M14:U14),0)," ") -> #DIV/0! | X14: =SUM(C14+L14+V14+W14) -> #DIV/0! | Z14: =(X14+Y14) -> #DIV/0!
A15: 8 | B15: ='1ER. TRIM'!B15 -> 0 | L15: =IF(ROUND(AVERAGE(D15:K15),0)>0,ROUND(AVERAGE(D15:K15),0)," ") -> #DIV/0! | V15: =IF(ROUND(AVERAGE(M15:U15),0)>0,ROUND(AVERAGE(M15:U15),0)," ") -> #DIV/0! | X15: =SUM(C15+L15+V15+W15) -> #DIV/0! | Z15: =(X15+Y15) -> #DIV/0!
A16: 9 | B16: ='1ER. TRIM'!B16 -> 0 | L16: =IF(ROUND(AVERAGE(D16:K16),0)>0,ROUND(AVERAGE(D16:K16),0)," ") -> #DIV/0! | V16: =IF(ROUND(AVERAGE(M16:U16),0)>0,ROUND(AVERAGE(M16:U16),0)," ") -> #DIV/0! | X16: =SUM(C16+L16+V16+W16) -> #DIV/0! | Z16: =(X16+Y16) -> #DIV/0!
A17: 10 | B17: ='1ER. TRIM'!B17 -> 0 | L17: =IF(ROUND(AVERAGE(D17:K17),0)>0,ROUND(AVERAGE(D17:K17),0)," ") -> #DIV/0! | V17: =IF(ROUND(AVERAGE(M17:U17),0)>0,ROUND(AVERAGE(M17:U17),0)," ") -> #DIV/0! | X17: =SUM(C17+L17+V17+W17) -> #DIV/0! | Z17: =(X17+Y17) -> #DIV/0!
A18: 11 | B18: ='1ER. TRIM'!B18 -> 0 | L18: =IF(ROUND(AVERAGE(D18:K18),0)>0,ROUND(AVERAGE(D18:K18),0)," ") -> #DIV/0! | V18: =IF(ROUND(AVERAGE(M18:U18),0)>0,ROUND(AVERAGE(M18:U18),0)," ") -> #DIV/0! | X18: =SUM(C18+L18+V18+W18) -> #DIV/0! | Z18: =(X18+Y18) -> #DIV/0!
A19: 12 | B19: ='1ER. TRIM'!B19 -> 0 | L19: =IF(ROUND(AVERAGE(D19:K19),0)>0,ROUND(AVERAGE(D19:K19),0)," ") -> #DIV/0! | V19: =IF(ROUND(AVERAGE(M19:U19),0)>0,ROUND(AVERAGE(M19:U19),0)," ") -> #DIV/0! | X19: =SUM(C19+L19+V19+W19) -> #DIV/0! | Z19: =(X19+Y19) -> #DIV/0!
... A48: 41 | B48: ='1ER. TRIM'!B48 -> 0 | L48: =IF(ROUND(AVERAGE(D48:K48),0)>0,ROUND(AVERAGE(D48:K48),0)," ") -> #DIV/0! | V48: =IF(ROUND(AVERAGE(M48:U48),0)>0,ROUND(AVERAGE(M48:U48),0)," ") -> #DIV/0! | X48: =SUM(C48+L48+V48+W48) -> #DIV/0! | Z48: =(X48+Y48) -> #DIV/0!

Sheet 3ER. TRIM
B1: ='1ER. TRIM'!$B$1 -> Segundo A | C1: CUADRO DE EVALUACION 2025 | V1: 3er. Trimestre
B3: Prof(a): | C3: ='1ER. TRIM'!$C$3 -> 0 | Q3: AREA: | S3: ='1ER. TRIM'!$S$3 -> 0
A5: N° | B5: NOMBRES Y APELLIDOS | C5: REGISTRO DE VALORACION CUANTITATIVA DEL DOCENTE | X5: PROMEDIO TOTAL | Y5: AUTOEV. (5 pts.) | Z5: PROM.TRIMESTRAL
C6: SER (5 PTS) | D6: SABER (45 PTS) | M6: HACER (40 PTS) | W6: DECIDIR (5 PTS) | AA6: OBSERVACIONES
D7: A | E7: A | F7: A | G7: A | H7: A | I7: A | J7: A | K7: A | L7: PROMEDIO | M7: B | N7: B | P7: B | Q7: B | R7: B | S7: B | T7: B | U7: B | V7: PROMEDIO
A8: 1 | B8: ='1ER. TRIM'!B8 -> 0 | L8: =IF(ROUND(AVERAGE(D8:K8),0)>0,ROUND(AVERAGE(D8:K8),0)," ") -> #DIV/0! | V8: =IF(ROUND(AVERAGE(M8:U8),0)>0,ROUND(AVERAGE(M8:U8),0)," ") -> #DIV/0! | X8: =SUM(C8+L8+V8+W8) -> #DIV/0! | Z8: =(X8+Y8) -> #DIV/0!
A9: 2 | B9: ='1ER. TRIM'!B9 -> 0 | L9: =IF(ROUND(AVERAGE(D9:K9),0)>0,ROUND(AVERAGE(D9:K9),0)," ") -> #DIV/0! | V9: =IF(ROUND(AVERAGE(M9:U9),0)>0,ROUND(AVERAGE(M9:U9),0)," ") -> #DIV/0! | X9: =SUM(C9+L9+V9+W9) -> #DIV/0! | Z9: =(X9+Y9) -> #DIV/0!
A10: 3 | B10: ='1ER. TRIM'!B10 -> 0 | L10: =IF(ROUND(AVERAGE(D10:K10),0)>0,ROUND(AVERAGE(D10:K10),0)," ") -> #DIV/0! | V10: =IF(ROUND(AVERAGE(M10:U10),0)>0,ROUND(AVERAGE(M10:U10),0)," ") -> #DIV/0! | X10: =SUM(C10+L10+V10+W10) -> #DIV/0! | Z10: =(X10+Y10) -> #DIV/0!
A11: 4 | B11: ='1ER. TRIM'!B11 -> 0 | L11: =IF(ROUND(AVERAGE(D11:K11),0)>0,ROUND(AVERAGE(D11:K11),0)," ") -> #DIV/0! | V11: =IF(ROUND(AVERAGE(M11:U11),0)>0,ROUND(AVERAGE(M11:U11),0)," ") -> #DIV/0! | X11: =SUM(C11+L11+V11+W11) -> #DIV/0! | Z11: =(X11+Y11) -> #DIV/0!
A12: 5 | B12: ='1ER. TRIM'!B12 -> 0 | L12: =IF(ROUND(AVERAGE(D12:K12),0)>0,ROUND(AVERAGE(D12:K12),0)," ") -> #DIV/0! | V12: =IF(ROUND(AVERAGE(M12:U12),0)>0,ROUND(AVERAGE(M12:U12),0)," ") -> #DIV/0! | X12: =SUM(C12+L12+V12+W12) -> #DIV/0! | Z12: =(X12+Y12) -> #DIV/0!
A13: 6 | B13: ='1ER. TRIM'!B13 -> 0 | L13: =IF(ROUND(AVERAGE(D13:K13),0)>0,ROUND(AVERAGE(D13:K13),0)," ") -> #DIV/0! | V13: =IF(ROUND(AVERAGE(M13:U13),0)>0,ROUND(AVERAGE(M13:U13),0)," ") -> #DIV/0! | X13: =SUM(C13+L13+V13+W13) -> #DIV/0! | Z13: =(X13+Y13) -> #DIV/0!
A14: 7 | B14: ='1ER. TRIM'!B14 -> 0 | L14: =IF(ROUND(AVERAGE(D14:K14),0)>0,ROUND(AVERAGE(D14:K14),0)," ") -> #DIV/0! | V14: =IF(ROUND(AVERAGE(M14:U14),0)>0,ROUND(AVERAGE(M14:U14),0)," ") -> #DIV/0! | X14: =SUM(C14+L14+V14+W14) -> #DIV/0! | Z14: =(X14+Y14) -> #DIV/0!
A15: 8 | B15: ='1ER. TRIM'!B15 -> 0 | L15: =IF(ROUND(AVERAGE(D15:K15),0)>0,ROUND(AVERAGE(D15:K15),0)," ") -> #DIV/0! | V15: =IF(ROUND(AVERAGE(M15:U15),0)>0,ROUND(AVERAGE(M15:U15),0)," ") -> #DIV/0! | X15: =SUM(C15+L15+V15+W15) -> #DIV/0! | Z15: =(X15+Y15) -> #DIV/0!
A16: 9 | B16: ='1ER. TRIM'!B16 -> 0 | L16: =IF(ROUND(AVERAGE(D16:K16),0)>0,ROUND(AVERAGE(D16:K16),0)," ") -> #DIV/0! | V16: =IF(ROUND(AVERAGE(M16:U16),0)>0,ROUND(AVERAGE(M16:U16),0)," ") -> #DIV/0! | X16: =SUM(C16+L16+V16+W16) -> #DIV/0! | Z16: =(X16+Y16) -> #DIV/0!
A17: 10 | B17: ='1ER. TRIM'!B17 -> 0 | L17: =IF(ROUND(AVERAGE(D17:K17),0)>0,ROUND(AVERAGE(D17:K17),0)," ") -> #DIV/0! | V17: =IF(ROUND(AVERAGE(M17:U17),0)>0,ROUND(AVERAGE(M17:U17),0)," ") -> #DIV/0! | X17: =SUM(C17+L17+V17+W17) -> #DIV/0! | Z17: =(X17+Y17) -> #DIV/0!
A18: 11 | B18: ='1ER. TRIM'!B18 -> 0 | L18: =IF(ROUND(AVERAGE(D18:K18),0)>0,ROUND(AVERAGE(D18:K18),0)," ") -> #DIV/0! | V18: =IF(ROUND(AVERAGE(M18:U18),0)>0,ROUND(AVERAGE(M18:U18),0)," ") -> #DIV/0! | X18: =SUM(C18+L18+V18+W18) -> #DIV/0! | Z18: =(X18+Y18) -> #DIV/0!
A19: 12 | B19: ='1ER. TRIM'!B19 -> 0 | L19: =IF(ROUND(AVERAGE(D19:K19),0)>0,ROUND(AVERAGE(D19:K19),0)," ") -> #DIV/0! | V19: =IF(ROUND(AVERAGE(M19:U19),0)>0,ROUND(AVERAGE(M19:U19),0)," ") -> #DIV/0! | X19: =SUM(C19+L19+V19+W19) -> #DIV/0! | Z19: =(X19+Y19) -> #DIV/0!
... A22: 15 | B22: ='1ER. TRIM'!B22 -> 0 | L22: =IF(ROUND(AVERAGE(D22:K22),0)>0,ROUND(AVERAGE(D22:K22),0)," ") -> #DIV/0! | V22: =IF(ROUND(AVERAGE(M22:U22),0)>0,ROUND(AVERAGE(M22:U22),0)," ") -> #DIV/0! | X22: =SUM(C22+L22+V22+W22) -> #DIV/0! | Z22: =(X22+Y22) -> #DIV/0!
A23: 16 | B23: ='1ER. TRIM'!B23 -> 0 | L23: =IF(ROUND(AVERAGE(D23:K23),0)>0,ROUND(AVERAGE(D23:K23),0)," ") -> #DIV/0! | V23: =IF(ROUND(AVERAGE(M23:U23),0)>0,ROUND(AVERAGE(M23:U23),0)," ") -> #DIV/0! | X23: =SUM(C23+L23+V23+W23) -> #DIV/0! | Z23: =(X23+Y23) -> #DIV/0! | AA23: 3
A24: 17 | B24: ='1ER. TRIM'!B24 -> 0 | L24: =IF(ROUND(AVERAGE(D24:K24),0)>0,ROUND(AVERAGE(D24:K24),0)," ") -> #DIV/0! | V24: =IF(ROUND(AVERAGE(M24:U24),0)>0,ROUND(AVERAGE(M24:U24),0)," ") -> #DIV/0! | X24: =SUM(C24+L24+V24+W24) -> #DIV/0! | Z24: =(X24+Y24) -> #DIV/0!
A25: 18 | B25: ='1ER. TRIM'!B25 -> 0 | L25: =IF(ROUND(AVERAGE(D25:K25),0)>0,ROUND(AVERAGE(D25:K25),0)," ") -> #DIV/0! | V25: =IF(ROUND(AVERAGE(M25:U25),0)>0,ROUND(AVERAGE(M25:U25),0)," ") -> #DIV/0! | X25: =SUM(C25+L25+V25+W25) -> #DIV/0! | Z25: =(X25+Y25) -> #DIV/0!
A26: 19 | B26: ='1ER. TRIM'!B26 -> 0 | L26: =IF(ROUND(AVERAGE(D26:K26),0)>0,ROUND(AVERAGE(D26:K26),0)," ") -> #DIV/0! | V26: =IF(ROUND(AVERAGE(M26:U26),0)>0,ROUND(AVERAGE(M26:U26),0)," ") -> #DIV/0! | X26: =SUM(C26+L26+V26+W26) -> #DIV/0! | Z26: =(X26+Y26) -> #DIV/0!
A27: 20 | B27: ='1ER. TRIM'!B27 -> 0 | L27: =IF(ROUND(AVERAGE(D27:K27),0)>0,ROUND(AVERAGE(D27:K27),0)," ") -> #DIV/0! | V27: =IF(ROUND(AVERAGE(M27:U27),0)>0,ROUND(AVERAGE(M27:U27),0)," ") -> #DIV/0! | X27: =SUM(C27+L27+V27+W27) -> #DIV/0! | Z27: =(X27+Y27) -> #DIV/0!
A28: 21 | B28: ='1ER. TRIM'!B28 -> 0 | L28: =IF(ROUND(AVERAGE(D28:K28),0)>0,ROUND(AVERAGE(D28:K28),0)," ") -> #DIV/0! | V28: =IF(ROUND(AVERAGE(M28:U28),0)>0,ROUND(AVERAGE(M28:U28),0)," ") -> #DIV/0! | X28: =SUM(C28+L28+V28+W28) -> #DIV/0! | Z28: =(X28+Y28) -> #DIV/0!
A29: 22 | B29: ='1ER. TRIM'!B29 -> 0 | L29: =IF(ROUND(AVERAGE(D29:K29),0)>0,ROUND(AVERAGE(D29:K29),0)," ") -> #DIV/0! | V29: =IF(ROUND(AVERAGE(M29:U29),0)>0,ROUND(AVERAGE(M29:U29),0)," ") -> #DIV/0! | X29: =SUM(C29+L29+V29+W29) -> #DIV/0! | Z29: =(X29+Y29) -> #DIV/0!
A30: 23 | B30: ='1ER. TRIM'!B30 -> 0 | L30: =IF(ROUND(AVERAGE(D30:K30),0)>0,ROUND(AVERAGE(D30:K30),0)," ") -> #DIV/0! | V30: =IF(ROUND(AVERAGE(M30:U30),0)>0,ROUND(AVERAGE(M30:U30),0)," ") -> #DIV/0! | X30: =SUM(C30+L30+V30+W30) -> #DIV/0! | Z30: =(X30+Y30) -> #DIV/0!
A31: 24 | B31: ='1ER. TRIM'!B31 -> 0 | L31: =IF(ROUND(AVERAGE(D31:K31),0)>0,ROUND(AVERAGE(D31:K31),0)," ") -> #DIV/0! | V31: =IF(ROUND(AVERAGE(M31:U31),0)>0,ROUND(AVERAGE(M31:U31),0)," ") -> #DIV/0! | X31: =SUM(C31+L31+V31+W31) -> #DIV/0! | Z31: =(X31+Y31) -> #DIV/0!
A32: 25 | B32: ='1ER. TRIM'!B32 -> 0 | L32: =IF(ROUND(AVERAGE(D32:K32),0)>0,ROUND(AVERAGE(D32:K32),0)," ") -> #DIV/0! | V32: =IF(ROUND(AVERAGE(M32:U32),0)>0,ROUND(AVERAGE(M32:U32),0)," ") -> #DIV/0! | X32: =SUM(C32+L32+V32+W32) -> #DIV/0! | Z32: =(X32+Y32) -> #DIV/0!
A33: 26 | B33: ='1ER. TRIM'!B33 -> 0 | L33: =IF(ROUND(AVERAGE(D33:K33),0)>0,ROUND(AVERAGE(D33:K33),0)," ") -> #DIV/0! | V33: =IF(ROUND(AVERAGE(M33:U33),0)>0,ROUND(AVERAGE(M33:U33),0)," ") -> #DIV/0! | X33: =SUM(C33+L33+V33+W33) -> #DIV/0! | Z33: =(X33+Y33) -> #DIV/0!
A34: 27 | B34: ='1ER. TRIM'!B34 -> 0 | L34: =IF(ROUND(AVERAGE(D34:K34),0)>0,ROUND(AVERAGE(D34:K34),0)," ") -> #DIV/0! | V34: =IF(ROUND(AVERAGE(M34:U34),0)>0,ROUND(AVERAGE(M34:U34),0)," ") -> #DIV/0! | X34: =SUM(C34+L34+V34+W34) -> #DIV/0! | Z34: =(X34+Y34) -> #DIV/0!
A35: 28 | B35: ='1ER. TRIM'!B35 -> 0 | L35: =IF(ROUND(AVERAGE(D35:K35),0)>0,ROUND(AVERAGE(D35:K35),0)," ") -> #DIV/0! | V35: =IF(ROUND(AVERAGE(M35:U35),0)>0,ROUND(AVERAGE(M35:U35),0)," ") -> #DIV/0! | X35: =SUM(C35+L35+V35+W35) -> #DIV/0! | Z35: =(X35+Y35) -> #DIV/0!
... A48: 41 | B48: ='1ER. TRIM'!B48 -> 0 | L48: =IF(ROUND(AVERAGE(D48:K48),0)>0,ROUND(AVERAGE(D48:K48),0)," ") -> #DIV/0! | V48: =IF(ROUND(AVERAGE(M48:U48),0)>0,ROUND(AVERAGE(M48:U48),0)," ") -> #DIV/0! | X48: =SUM(C48+L48+V48+W48) -> #DIV/0! | Z48: =(X48+Y48) -> #DIV/0!

Sheet CENTRALIZADOR
B1: ='1ER. TRIM'!$B$1 -> Segundo A | C1: CENTRALIZADOR DE NOTAS 2025
B3: ='1ER. TRIM'!$B$3 -> Prof(a): | C3: ='1ER. TRIM'!$C$3 -> 0 | M3: AREA: | O3: ='1ER. TRIM'!$S$3 -> 0
B4: J
B5: N O M I N A | C5: PRIMER TRIMESTRE | I5: SEGUNDO TRIMESTRE | O5: TERCER TRIMESTRE | U5: PROMEDIO TOTAL | V5: OBSERVACIONES
C6: SER (5 PTS) | D6: SABER (45TS) | E6: HACER (40 PTS) | F6: DECIDIR (5 PTS) | G6: AUTOEV..5pts) | H6: EV. TRIMESTRAL | I6: SER (5 PTS) | J6: SABER (45TS) | K6: HACER (40 PTS) | L6: DECIDIR (5 PTS) | M6: AUTOEV..5pts) | N6: EV. TRIMESTRAL | O6: SER (5 PTS) | P6: SABER (45TS) | Q6: HACER (40 PTS) | R6: DECIDIR (5 PTS) | S6: (AUTOEV..5pts) | T6: EV. TRIMESTRAL
A7: 1 | B7: ='1ER. TRIM'!B8 -> 0 | C7: ='1ER. TRIM'!C8 -> 0 | D7: ='1ER. TRIM'!L8 -> #DIV/0! | E7: ='1ER. TRIM'!V8 -> #DIV/0! | F7: ='1ER. TRIM'!W8 -> 0 | G7: ='1ER. TRIM'!Y8 -> 0 | H7: ='1ER. TRIM'!Z8 -> #DIV/0! | I7: ='2DO. TRIM '!C8 -> 0 | J7: ='2DO. TRIM '!L8 -> #DIV/0! | K7: ='2DO. TRIM '!V8 -> #DIV/0! | L7: ='2DO. TRIM '!W8 -> 0 | M7: ='2DO. TRIM '!Y8 -> 0 | N7: ='2DO. TRIM '!Z8 -> #DIV/0! | O7: ='3ER. TRIM'!C8 -> 0 | P7: ='3ER. TRIM'!L8 -> #DIV/0! | Q7: ='3ER. TRIM'!V8 -> #DIV/0! | R7: ='3ER. TRIM'!W8 -> 0 | S7: ='3ER. TRIM'!Y8 -> 0 | T7: ='3ER. TRIM'!Z8 -> #DIV/0! | U7: =(H7+N7+T7)/3 -> #DIV/0!
A8: 2 | B8: ='1ER. TRIM'!B9 -> 0 | C8: ='1ER. TRIM'!C9 -> 0 | D8: ='1ER. TRIM'!L9 -> #DIV/0! | E8: ='1ER. TRIM'!V9 -> #DIV/0! | F8: ='1ER. TRIM'!W9 -> 0 | G8: ='1ER. TRIM'!Y9 -> 0 | H8: ='1ER. TRIM'!Z9 -> #DIV/0! | I8: ='2DO. TRIM '!C9 -> 0 | J8: ='2DO. TRIM '!L9 -> #DIV/0! | K8: ='2DO. TRIM '!V9 -> #DIV/0! | L8: ='2DO. TRIM '!W9 -> 0 | M8: ='2DO. TRIM '!Y9 -> 0 | N8: ='2DO. TRIM '!Z9 -> #DIV/0! | O8: ='3ER. TRIM'!C9 -> 0 | P8: ='3ER. TRIM'!L9 -> #DIV/0! | Q8: ='3ER. TRIM'!V9 -> #DIV/0! | R8: ='3ER. TRIM'!W9 -> 0 | S8: ='3ER. TRIM'!Y9 -> 0 | T8: ='3ER. TRIM'!Z9 -> #DIV/0! | U8: =(H8+N8+T8)/3 -> #DIV/0!
A9: 3 | B9: ='1ER. TRIM'!B10 -> 0 | C9: ='1ER. TRIM'!C10 -> 0 | D9: ='1ER. TRIM'!L10 -> #DIV/0! | E9: ='1ER. TRIM'!V10 -> #DIV/0! | F9: ='1ER. TRIM'!W10 -> 0 | G9: ='1ER. TRIM'!Y10 -> 0 | H9: ='1ER. TRIM'!Z10 -> #DIV/0! | I9: ='2DO. TRIM '!C10 -> 0 | J9: ='2DO. TRIM '!L10 -> #DIV/0! | K9: ='2DO. TRIM '!V10 -> #DIV/0! | L9: ='2DO. TRIM '!W10 -> 0 | M9: ='2DO. TRIM '!Y10 -> 0 | N9: ='2DO. TRIM '!Z10 -> #DIV/0! | O9: ='3ER. TRIM'!C10 -> 0 | P9: ='3ER. TRIM'!L10 -> #DIV/0! | Q9: ='3ER. TRIM'!V10 -> #DIV/0! | R9: ='3ER. TRIM'!W10 -> 0 | S9: ='3ER. TRIM'!Y10 -> 0 | T9: ='3ER. TRIM'!Z10 -> #DIV/0! | U9: =(H9+N9+T9)/3 -> #DIV/0!
A10: 4 | B10: ='1ER. TRIM'!B11 -> 0 | C10: ='1ER. TRIM'!C11 -> 0 | D10: ='1ER. TRIM'!L11 -> #DIV/0! | E10: ='1ER. TRIM'!V11 -> #DIV/0! | F10: ='1ER. TRIM'!W11 -> 0 | G10: ='1ER. TRIM'!Y11 -> 0 | H10: ='1ER. TRIM'!Z11 -> #DIV/0! | I10: ='2DO. TRIM '!C11 -> 0 | J10: ='2DO. TRIM '!L11 -> #DIV/0! | K10: ='2DO. TRIM '!V11 -> #DIV/0! | L10: ='2DO. TRIM '!W11 -> 0 | M10: ='2DO. TRIM '!Y11 -> 0 | N10: ='2DO. TRIM '!Z11 -> #DIV/0! | O10: ='3ER. TRIM'!C11 -> 0 | P10: ='3ER. TRIM'!L11 -> #DIV/0! | Q10: ='3ER. TRIM'!V11 -> #DIV/0! | R10: ='3ER. TRIM'!W11 -> 0 | S10: ='3ER. TRIM'!Y11 -> 0 | T10: ='3ER. TRIM'!Z11 -> #DIV/0! | U10: =(H10+N10+T10)/3 -> #DIV/0!
A11: 5 | B11: ='1ER. TRIM'!B12 -> 0 | C11: ='1ER. TRIM'!C12 -> 0 | D11: ='1ER. TRIM'!L12 -> #DIV/0! | E11: ='1ER. TRIM'!V12 -> #DIV/0! | F11: ='1ER. TRIM'!W12 -> 0 | G11: ='1ER. TRIM'!Y12 -> 0 | H11: ='1ER. TRIM'!Z12 -> #DIV/0! | I11: ='2DO. TRIM '!C12 -> 0 | J11: ='2DO. TRIM '!L12 -> #DIV/0! | K11: ='2DO. TRIM '!V12 -> #DIV/0! | L11: ='2DO. TRIM '!W12 -> 0 | M11: ='2DO. TRIM '!Y12 -> 0 | N11: ='2DO. TRIM '!Z12 -> #DIV/0! | O11: ='3ER. TRIM'!C12 -> 0 | P11: ='3ER. TRIM'!L12 -> #DIV/0! | Q11: ='3ER. TRIM'!V12 -> #DIV/0! | R11: ='3ER. TRIM'!W12 -> 0 | S11: ='3ER. TRIM'!Y12 -> 0 | T11: ='3ER. TRIM'!Z12 -> #DIV/0! | U11: =(H11+N11+T11)/3 -> #DIV/0!
A12: 6 | B12: ='1ER. TRIM'!B13 -> 0 | C12: ='1ER. TRIM'!C13 -> 0 | D12: ='1ER. TRIM'!L13 -> #DIV/0! | E12: ='1ER. TRIM'!V13 -> #DIV/0! | F12: ='1ER. TRIM'!W13 -> 0 | G12: ='1ER. TRIM'!Y13 -> 0 | H12: ='1ER. TRIM'!Z13 -> #DIV/0! | I12: ='2DO. TRIM '!C13 -> 0 | J12: ='2DO. TRIM '!L13 -> #DIV/0! | K12: ='2DO. TRIM '!V13 -> #DIV/0! | L12: ='2DO. TRIM '!W13 -> 0 | M12: ='2DO. TRIM '!Y13 -> 0 | N12: ='2DO. TRIM '!Z13 -> #DIV/0! | O12: ='3ER. TRIM'!C13 -> 0 | P12: ='3ER. TRIM'!L13 -> #DIV/0! | Q12: ='3ER. TRIM'!V13 -> #DIV/0! | R12: ='3ER. TRIM'!W13 -> 0 | S12: ='3ER. TRIM'!Y13 -> 0 | T12: ='3ER. TRIM'!Z13 -> #DIV/0! | U12: =(H12+N12+T12)/3 -> #DIV/0!
A13: 7 | B13: ='1ER. TRIM'!B14 -> 0 | C13: ='1ER. TRIM'!C14 -> 0 | D13: ='1ER. TRIM'!L14 -> #DIV/0! | E13: ='1ER. TRIM'!V14 -> #DIV/0! | F13: ='1ER. TRIM'!W14 -> 0 | G13: ='1ER. TRIM'!Y14 -> 0 | H13: ='1ER. TRIM'!Z14 -> #DIV/0! | I13: ='2DO. TRIM '!C14 -> 0 | J13: ='2DO. TRIM '!L14 -> #DIV/0! | K13: ='2DO. TRIM '!V14 -> #DIV/0! | L13: ='2DO. TRIM '!W14 -> 0 | M13: ='2DO. TRIM '!Y14 -> 0 | N13: ='2DO. TRIM '!Z14 -> #DIV/0! | O13: ='3ER. TRIM'!C14 -> 0 | P13: ='3ER. TRIM'!L14 -> #DIV/0! | Q13: ='3ER. TRIM'!V14 -> #DIV/0! | R13: ='3ER. TRIM'!W14 -> 0 | S13: ='3ER. TRIM'!Y14 -> 0 | T13: ='3ER. TRIM'!Z14 -> #DIV/0! | U13: =(H13+N13+T13)/3 -> #DIV/0!
A14: 8 | B14: ='1ER. TRIM'!B15 -> 0 | C14: ='1ER. TRIM'!C15 -> 0 | D14: ='1ER. TRIM'!L15 -> #DIV/0! | E14: ='1ER. TRIM'!V15 -> #DIV/0! | F14: ='1ER. TRIM'!W15 -> 0 | G14: ='1ER. TRIM'!Y15 -> 0 | H14: ='1ER. TRIM'!Z15 -> #DIV/0! | I14: ='2DO. TRIM '!C15 -> 0 | J14: ='2DO. TRIM '!L15 -> #DIV/0! | K14: ='2DO. TRIM '!V15 -> #DIV/0! | L14: ='2DO. TRIM '!W15 -> 0 | M14: ='2DO. TRIM '!Y15 -> 0 | N14: ='2DO. TRIM '!Z15 -> #DIV/0! | O14: ='3ER. TRIM'!C15 -> 0 | P14: ='3ER. TRIM'!L15 -> #DIV/0! | Q14: ='3ER. TRIM'!V15 -> #DIV/0! | R14: ='3ER. TRIM'!W15 -> 0 | S14: ='3ER. TRIM'!Y15 -> 0 | T14: ='3ER. TRIM'!Z15 -> #DIV/0! | U14: =(H14+N14+T14)/3 -> #DIV/0!
A15: 9 | B15: ='1ER. TRIM'!B16 -> 0 | C15: ='1ER. TRIM'!C16 -> 0 | D15: ='1ER. TRIM'!L16 -> #DIV/0! | E15: ='1ER. TRIM'!V16 -> #DIV/0! | F15: ='1ER. TRIM'!W16 -> 0 | G15: ='1ER. TRIM'!Y16 -> 0 | H15: ='1ER. TRIM'!Z16 -> #DIV/0! | I15: ='2DO. TRIM '!C16 -> 0 | J15: ='2DO. TRIM '!L16 -> #DIV/0! | K15: ='2DO. TRIM '!V16 -> #DIV/0! | L15: ='2DO. TRIM '!W16 -> 0 | M15: ='2DO. TRIM '!Y16 -> 0 | N15: ='2DO. TRIM '!Z16 -> #DIV/0! | O15: ='3ER. TRIM'!C16 -> 0 | P15: ='3ER. TRIM'!L16 -> #DIV/0! | Q15: ='3ER. TRIM'!V16 -> #DIV/0! | R15: ='3ER. TRIM'!W16 -> 0 | S15: ='3ER. TRIM'!Y16 -> 0 | T15: ='3ER. TRIM'!Z16 -> #DIV/0! | U15: =(H15+N15+T15)/3 -> #DIV/0!
A16: 10 | B16: ='1ER. TRIM'!B17 -> 0 | C16: ='1ER. TRIM'!C17 -> 0 | D16: ='1ER. TRIM'!L17 -> #DIV/0! | E16: ='1ER. TRIM'!V17 -> #DIV/0! | F16: ='1ER. TRIM'!W17 -> 0 | G16: ='1ER. TRIM'!Y17 -> 0 | H16: ='1ER. TRIM'!Z17 -> #DIV/0! | I16: ='2DO. TRIM '!C17 -> 0 | J16: ='2DO. TRIM '!L17 -> #DIV/0! | K16: ='2DO. TRIM '!V17 -> #DIV/0! | L16: ='2DO. TRIM '!W17 -> 0 | M16: ='2DO. TRIM '!Y17 -> 0 | N16: ='2DO. TRIM '!Z17 -> #DIV/0! | O16: ='3ER. TRIM'!C17 -> 0 | P16: ='3ER. TRIM'!L17 -> #DIV/0! | Q16: ='3ER. TRIM'!V17 -> #DIV/0! | R16: ='3ER. TRIM'!W17 -> 0 | S16: ='3ER. TRIM'!Y17 -> 0 | T16: ='3ER. TRIM'!Z17 -> #DIV/0! | U16: =(H16+N16+T16)/3 -> #DIV/0!
A17: 11 | B17: ='1ER. TRIM'!B18 -> 0 | C17: ='1ER. TRIM'!C18 -> 0 | D17: ='1ER. TRIM'!L18 -> #DIV/0! | E17: ='1ER. TRIM'!V18 -> #DIV/0! | F17: ='1ER. TRIM'!W18 -> 0 | G17: ='1ER. TRIM'!Y18 -> 0 | H17: ='1ER. TRIM'!Z18 -> #DIV/0! | I17: ='2DO. TRIM '!C18 -> 0 | J17: ='2DO. TRIM '!L18 -> #DIV/0! | K17: ='2DO. TRIM '!V18 -> #DIV/0! | L17: ='2DO. TRIM '!W18 -> 0 | M17: ='2DO. TRIM '!Y18 -> 0 | N17: ='2DO. TRIM '!Z18 -> #DIV/0! | O17: ='3ER. TRIM'!C18 -> 0 | P17: ='3ER. TRIM'!L18 -> #DIV/0! | Q17: ='3ER. TRIM'!V18 -> #DIV/0! | R17: ='3ER. TRIM'!W18 -> 0 | S17: ='3ER. TRIM'!Y18 -> 0 | T17: ='3ER. TRIM'!Z18 -> #DIV/0! | U17: =(H17+N17+T17)/3 -> #DIV/0!
A18: 12 | B18: ='1ER. TRIM'!B19 -> 0 | C18: ='1ER. TRIM'!C19 -> 0 | D18: ='1ER. TRIM'!L19 -> #DIV/0! | E18: ='1ER. TRIM'!V19 -> #DIV/0! | F18: ='1ER. TRIM'!W19 -> 0 | G18: ='1ER. TRIM'!Y19 -> 0 | H18: ='1ER. TRIM'!Z19 -> #DIV/0! | I18: ='2DO. TRIM '!C19 -> 0 | J18: ='2DO. TRIM '!L19 -> #DIV/0! | K18: ='2DO. TRIM '!V19 -> #DIV/0! | L18: ='2DO. TRIM '!W19 -> 0 | M18: ='2DO. TRIM '!Y19 -> 0 | N18: ='2DO. TRIM '!Z19 -> #DIV/0! | O18: ='3ER. TRIM'!C19 -> 0 | P18: ='3ER. TRIM'!L19 -> #DIV/0! | Q18: ='3ER. TRIM'!V19 -> #DIV/0! | R18: ='3ER. TRIM'!W19 -> 0 | S18: ='3ER. TRIM'!Y19 -> 0 | T18: ='3ER. TRIM'!Z19 -> #DIV/0! | U18: =(H18+N18+T18)/3 -> #DIV/0!
... A47: 41 | B47: ='1ER. TRIM'!B48 -> 0 | C47: ='1ER. TRIM'!C48 -> 0 | D47: ='1ER. TRIM'!L48 -> #DIV/0! | E47: ='1ER. TRIM'!V48 -> #DIV/0! | F47: ='1ER. TRIM'!W48 -> 0 | G47: ='1ER. TRIM'!Y48 -> 0 | H47: ='1ER. TRIM'!Z48 -> #DIV/0! | I47: ='2DO. TRIM '!C48 -> 0 | J47: ='2DO. TRIM '!L48 -> #DIV/0! | K47: ='2DO. TRIM '!V48 -> #DIV/0! | L47: ='2DO. TRIM '!W48 -> 0 | M47: ='2DO. TRIM '!Y48 -> 0 | N47: ='2DO. TRIM '!Z48 -> #DIV/0! | O47: ='3ER. TRIM'!C48 -> 0 | P47: ='3ER. TRIM'!L48 -> #DIV/0! | Q47: ='3ER. TRIM'!V48 -> #DIV/0! | R47: ='3ER. TRIM'!W48 -> 0 | S47: ='3ER. TRIM'!Y48 -> 0 | T47: ='3ER. TRIM'!Z48 -> #DIV/0! | U47: =(H47+N47+T47)/3 -> #DIV/0!
