Workbook

Sheet NOMINA
B2: CURSO 2A | D2: GESTION: 2026
D3: ,
A4: Nº | B4: APELLIDOS Y NOMBRES | C4: GENERO | D4: FECHA DE | F4: C.I.
D5: NACIMIENTO
A6: 1 | B6: ABREU MARRERO LIZ DANIELA
A7: 2 | B7: ALIAGA SAAVEDRA MARCU MAURICIO
A8: 3 | B8: ANTEZANA CACHI JOSE MAXWEL
A9: 4 | B9: ARIZACA SALGUERO SANTIAGO
A10: 5 | B10: BAUTISTA GARCIA ALISON LUCIANA
A11: 6 | B11: BOLIVAR REVOLLO NIVARDO ADOLFO
A12: 7 | B12: CADIMA SOLIZ NICOLAS
A13: 8 | B13: CALLE PEREZ ANDREA BELEN
A14: 9 | B14: CHAVEZ AMURRIO SEBASTIAN FABIAN
A15: 10 | B15: CHOQUE ARISPE YURIANA LUCIA
A16: 11 | B16: CHOQUE PERALTA JHOEL ELIAZAR
A17: 12 | B17: COPA RIVERO MARCIA MARCELA
... A40: 35 | B40: ZAMBRANA MENDEZ MIRCO ALEXANDER
A41: 36
A42: 37
A43: 38
A44: 39
A45: 40
A46: 41
A47: 42
A48: 43
A49: 44
A50: 45

Sheet LEN
B2: =NOMINA!$B$2 -> CURSO 2A | D2: LENGUAJE
A4: Nº | B4: APELLIDOS Y NOMBRES | C4: 1er. TRIM. | D4: 2do. TRIM. | E4: 3er. TRIM. | F4: PRO. ANUAL
C5: CUANT. | D5: CUANT. | E5: CUANT. | F5: P.TOTAL | G5: OBSERV.
A6: =NOMINA!A6 -> 1 | B6: =NOMINA!B6 -> ABREU MARRERO LIZ DANIELA | C6: 54 | F6: =IF(ROUND((C6+D6+E6)/3,0)>0,ROUND((C6+D6+E6)/3,0)," ") -> 18
A7: =NOMINA!A7 -> 2 | B7: =NOMINA!B7 -> ALIAGA SAAVEDRA MARCU MAURICIO | C7: 53 | F7: =IF(ROUND((C7+D7+E7)/3,0)>0,ROUND((C7+D7+E7)/3,0)," ") -> 18
A8: =NOMINA!A8 -> 3 | B8: =NOMINA!B8 -> ANTEZANA CACHI JOSE MAXWEL | C8: 65 | F8: =IF(ROUND((C8+D8+E8)/3,0)>0,ROUND((C8+D8+E8)/3,0)," ") -> 22
A9: =NOMINA!A9 -> 4 | B9: =NOMINA!B9 -> ARIZACA SALGUERO SANTIAGO | C9: 46 | F9: =IF(ROUND((C9+D9+E9)/3,0)>0,ROUND((C9+D9+E9)/3,0)," ") -> 15
A10: =NOMINA!A10 -> 5 | B10: =NOMINA!B10 -> BAUTISTA GARCIA ALISON LUCIANA | C10: 52 | F10: =IF(ROUND((C10+D10+E10)/3,0)>0,ROUND((C10+D10+E10)/3,0)," ") -> 17
A11: =NOMINA!A11 -> 6 | B11: =NOMINA!B11 -> BOLIVAR REVOLLO NIVARDO ADOLFO | C11: 51 | F11: =IF(ROUND((C11+D11+E11)/3,0)>0,ROUND((C11+D11+E11)/3,0)," ") -> 17
A12: =NOMINA!A12 -> 7 | B12: =NOMINA!B12 -> CADIMA SOLIZ NICOLAS | C12: 46 | F12: =IF(ROUND((C12+D12+E12)/3,0)>0,ROUND((C12+D12+E12)/3,0)," ") -> 15
A13: =NOMINA!A13 -> 8 | B13: =NOMINA!B13 -> CALLE PEREZ ANDREA BELEN | C13: 78 | F13: =IF(ROUND((C13+D13+E13)/3,0)>0,ROUND((C13+D13+E13)/3,0)," ") -> 26
A14: =NOMINA!A14 -> 9 | B14: =NOMINA!B14 -> CHAVEZ AMURRIO SEBASTIAN FABIAN | C14: 44 | F14: =IF(ROUND((C14+D14+E14)/3,0)>0,ROUND((C14+D14+E14)/3,0)," ") -> 15
A15: =NOMINA!A15 -> 10 | B15: =NOMINA!B15 -> CHOQUE ARISPE YURIANA LUCIA | C15: 51 | F15: =IF(ROUND((C15+D15+E15)/3,0)>0,ROUND((C15+D15+E15)/3,0)," ") -> 17
A16: =NOMINA!A16 -> 11 | B16: =NOMINA!B16 -> CHOQUE PERALTA JHOEL ELIAZAR | C16: 85 | F16: =IF(ROUND((C16+D16+E16)/3,0)>0,ROUND((C16+D16+E16)/3,0)," ") -> 28
A17: =NOMINA!A17 -> 12 | B17: =NOMINA!B17 -> COPA RIVERO MARCIA MARCELA | C17: 43 | F17: =IF(ROUND((C17+D17+E17)/3,0)>0,ROUND((C17+D17+E17)/3,0)," ") -> 14
... A40: =NOMINA!A40 -> 35 | B40: =NOMINA!B40 -> ZAMBRANA MENDEZ MIRCO ALEXANDER | C40: 45 | F40: =IF(ROUND((C40+D40+E40)/3,0)>0,ROUND((C40+D40+E40)/3,0)," ") -> 15
A41: =NOMINA!A41 -> 36 | B41: =NOMINA!B41 -> 0 | F41: =IF(ROUND((C41+D41+E41)/3,0)>0,ROUND((C41+D41+E41)/3,0)," ")
A42: =NOMINA!A42 -> 37 | B42: =NOMINA!B42 -> 0 | F42: =IF(ROUND((C42+D42+E42)/3,0)>0,ROUND((C42+D42+E42)/3,0)," ")
A43: =NOMINA!A43 -> 38 | B43: =NOMINA!B43 -> 0 | F43: =IF(ROUND((C43+D43+E43)/3,0)>0,ROUND((C43+D43+E43)/3,0)," ")
A44: =NOMINA!A44 -> 39 | B44: =NOMINA!B44 -> 0 | F44: =IF(ROUND((C44+D44+E44)/3,0)>0,ROUND((C44+D44+E44)/3,0)," ")
A45: =NOMINA!A45 -> 40 | B45: =NOMINA!B45 -> 0 | F45: =IF(ROUND((C45+D45+E45)/3,0)>0,ROUND((C45+D45+E45)/3,0)," ")
A46: =NOMINA!A46 -> 41 | B46: =NOMINA!B46 -> 0 | F46: =IF(ROUND((C46+D46+E46)/3,0)>0,ROUND((C46+D46+E46)/3,0)," ")
A47: =NOMINA!A47 -> 42 | B47: =NOMINA!B47 -> 0 | F47: =IF(ROUND((C47+D47+E47)/3,0)>0,ROUND((C47+D47+E47)/3,0)," ")
A48: =NOMINA!A48 -> 43 | B48: =NOMINA!B48 -> 0 | F48: =IF(ROUND((C48+D48+E48)/3,0)>0,ROUND((C48+D48+E48)/3,0)," ")
A49: =NOMINA!A49 -> 44 | B49: =NOMINA!B49 -> 0 | F49: =IF(ROUND((C49+D49+E49)/3,0)>0,ROUND((C49+D49+E49)/3,0)," ")
A50: =NOMINA!A50 -> 45 | B50: =NOMINA!B50 -> 0 | F50: =IF(ROUND((C50+D50+E50)/3,0)>0,ROUND((C50+D50+E50)/3,0)," ")

Sheet ING
B2: =NOMINA!$B$2 -> CURSO 2A | D2: INGLES
A4: Nº | B4: APELLIDOS Y NOMBRES | C4: 1er. TRIM. | D4: 2do. TRIM. | E4: 3er. TRIM. | F4: PRO. ANUAL
C5: CUANT. | D5: CUANT. | E5: CUANT. | F5: P.TOTAL | G5: OBSERV.
A6: =NOMINA!A6 -> 1 | B6: =NOMINA!B6 -> ABREU MARRERO LIZ DANIELA | C6: 60 | F6: =IF(ROUND((C6+D6+E6)/3,0)>0,ROUND((C6+D6+E6)/3,0)," ") -> 20
A7: =NOMINA!A7 -> 2 | B7: =NOMINA!B7 -> ALIAGA SAAVEDRA MARCU MAURICIO | C7: 66 | F7: =IF(ROUND((C7+D7+E7)/3,0)>0,ROUND((C7+D7+E7)/3,0)," ") -> 22
A8: =NOMINA!A8 -> 3 | B8: =NOMINA!B8 -> ANTEZANA CACHI JOSE MAXWEL | C8: 81 | F8: =IF(ROUND((C8+D8+E8)/3,0)>0,ROUND((C8+D8+E8)/3,0)," ") -> 27
A9: =NOMINA!A9 -> 4 | B9: =NOMINA!B9 -> ARIZACA SALGUERO SANTIAGO | C9: 48 | F9: =IF(ROUND((C9+D9+E9)/3,0)>0,ROUND((C9+D9+E9)/3,0)," ") -> 16
A10: =NOMINA!A10 -> 5 | B10: =NOMINA!B10 -> BAUTISTA GARCIA ALISON LUCIANA | C10: 57 | F10: =IF(ROUND((C10+D10+E10)/3,0)>0,ROUND((C10+D10+E10)/3,0)," ") -> 19
A11: =NOMINA!A11 -> 6 | B11: =NOMINA!B11 -> BOLIVAR REVOLLO NIVARDO ADOLFO | C11: 63 | F11: =IF(ROUND((C11+D11+E11)/3,0)>0,ROUND((C11+D11+E11)/3,0)," ") -> 21
A12: =NOMINA!A12 -> 7 | B12: =NOMINA!B12 -> CADIMA SOLIZ NICOLAS | C12: 47 | F12: =IF(ROUND((C12+D12+E12)/3,0)>0,ROUND((C12+D12+E12)/3,0)," ") -> 16
A13: =NOMINA!A13 -> 8 | B13: =NOMINA!B13 -> CALLE PEREZ ANDREA BELEN | C13: 80 | F13: =IF(ROUND((C13+D13+E13)/3,0)>0,ROUND((C13+D13+E13)/3,0)," ") -> 27
A14: =NOMINA!A14 -> 9 | B14: =NOMINA!B14 -> CHAVEZ AMURRIO SEBASTIAN FABIAN | C14: 45 | F14: =IF(ROUND((C14+D14+E14)/3,0)>0,ROUND((C14+D14+E14)/3,0)," ") -> 15
A15: =NOMINA!A15 -> 10 | B15: =NOMINA!B15 -> CHOQUE ARISPE YURIANA LUCIA | C15: 58 | F15: =IF(ROUND((C15+D15+E15)/3,0)>0,ROUND((C15+D15+E15)/3,0)," ") -> 19
A16: =NOMINA!A16 -> 11 | B16: =NOMINA!B16 -> CHOQUE PERALTA JHOEL ELIAZAR | C16: 90 | F16: =IF(ROUND((C16+D16+E16)/3,0)>0,ROUND((C16+D16+E16)/3,0)," ") -> 30
A17: =NOMINA!A17 -> 12 | B17: =NOMINA!B17 -> COPA RIVERO MARCIA MARCELA | C17: 67 | F17: =IF(ROUND((C17+D17+E17)/3,0)>0,ROUND((C17+D17+E17)/3,0)," ") -> 22
... A40: =NOMINA!A40 -> 35 | B40: =NOMINA!B40 -> ZAMBRANA MENDEZ MIRCO ALEXANDER | C40: 41 | F40: =IF(ROUND((C40+D40+E40)/3,0)>0,ROUND((C40+D40+E40)/3,0)," ") -> 14
A41: =NOMINA!A41 -> 36 | B41: =NOMINA!B41 -> 0 | F41: =IF(ROUND((C41+D41+E41)/3,0)>0,ROUND((C41+D41+E41)/3,0)," ")
A42: =NOMINA!A42 -> 37 | B42: =NOMINA!B42 -> 0 | F42: =IF(ROUND((C42+D42+E42)/3,0)>0,ROUND((C42+D42+E42)/3,0)," ")
A43: =NOMINA!A43 -> 38 | B43: =NOMINA!B43 -> 0 | F43: =IF(ROUND((C43+D43+E43)/3,0)>0,ROUND((C43+D43+E43)/3,0)," ")
A44: =NOMINA!A44 -> 39 | B44: =NOMINA!B44 -> 0 | F44: =IF(ROUND((C44+D44+E44)/3,0)>0,ROUND((C44+D44+E44)/3,0)," ")
A45: =NOMINA!A45 -> 40 | B45: =NOMINA!B45 -> 0 | F45: =IF(ROUND((C45+D45+E45)/3,0)>0,ROUND((C45+D45+E45)/3,0)," ")
A46: =NOMINA!A46 -> 41 | B46: =NOMINA!B46 -> 0 | F46: =IF(ROUND((C46+D46+E46)/3,0)>0,ROUND((C46+D46+E46)/3,0)," ")
A47: =NOMINA!A47 -> 42 | B47: =NOMINA!B47 -> 0 | F47: =IF(ROUND((C47+D47+E47)/3,0)>0,ROUND((C47+D47+E47)/3,0)," ")
A48: =NOMINA!A48 -> 43 | B48: =NOMINA!B48 -> 0 | F48: =IF(ROUND((C48+D48+E48)/3,0)>0,ROUND((C48+D48+E48)/3,0)," ")
A49: =NOMINA!A49 -> 44 | B49: =NOMINA!B49 -> 0 | F49: =IF(ROUND((C49+D49+E49)/3,0)>0,ROUND((C49+D49+E49)/3,0)," ")
A50: =NOMINA!A50 -> 45 | B50: =NOMINA!B50 -> 0 | F50: =IF(ROUND((C50+D50+E50)/3,0)>0,ROUND((C50+D50+E50)/3,0)," ")

Sheet C.SOC
B2: =NOMINA!$B$2 -> CURSO 2A | D2: CIENCIAS SOCIALES
A4: Nº | B4: APELLIDOS Y NOMBRES | C4: 1er. TRIM. | D4: 2do. TRIM. | E4: 3er. TRIM. | F4: PRO. ANUAL
C5: CUANT. | D5: CUANT. | E5: CUANT. | F5: P.TOTAL | G5: OBSERV.
A6: =NOMINA!A6 -> 1 | B6: =NOMINA!B6 -> ABREU MARRERO LIZ DANIELA | C6: 73 | F6: =IF(ROUND((C6+D6+E6)/3,0)>0,ROUND((C6+D6+E6)/3,0)," ") -> 24
A7: =NOMINA!A7 -> 2 | B7: =NOMINA!B7 -> ALIAGA SAAVEDRA MARCU MAURICIO | C7: 58 | F7: =IF(ROUND((C7+D7+E7)/3,0)>0,ROUND((C7+D7+E7)/3,0)," ") -> 19
A8: =NOMINA!A8 -> 3 | B8: =NOMINA!B8 -> ANTEZANA CACHI JOSE MAXWEL | C8: 74 | F8: =IF(ROUND((C8+D8+E8)/3,0)>0,ROUND((C8+D8+E8)/3,0)," ") -> 25
A9: =NOMINA!A9 -> 4 | B9: =NOMINA!B9 -> ARIZACA SALGUERO SANTIAGO | C9: 63 | F9: =IF(ROUND((C9+D9+E9)/3,0)>0,ROUND((C9+D9+E9)/3,0)," ") -> 21
A10: =NOMINA!A10 -> 5 | B10: =NOMINA!B10 -> BAUTISTA GARCIA ALISON LUCIANA | C10: 51 | F10: =IF(ROUND((C10+D10+E10)/3,0)>0,ROUND((C10+D10+E10)/3,0)," ") -> 17
A11: =NOMINA!A11 -> 6 | B11: =NOMINA!B11 -> BOLIVAR REVOLLO NIVARDO ADOLFO | C11: 43 | F11: =IF(ROUND((C11+D11+E11)/3,0)>0,ROUND((C11+D11+E11)/3,0)," ") -> 14
A12: =NOMINA!A12 -> 7 | B12: =NOMINA!B12 -> CADIMA SOLIZ NICOLAS | C12: 40 | F12: =IF(ROUND((C12+D12+E12)/3,0)>0,ROUND((C12+D12+E12)/3,0)," ") -> 13
A13: =NOMINA!A13 -> 8 | B13: =NOMINA!B13 -> CALLE PEREZ ANDREA BELEN | C13: 75 | F13: =IF(ROUND((C13+D13+E13)/3,0)>0,ROUND((C13+D13+E13)/3,0)," ") -> 25
A14: =NOMINA!A14 -> 9 | B14: =NOMINA!B14 -> CHAVEZ AMURRIO SEBASTIAN FABIAN | C14: 56 | F14: =IF(ROUND((C14+D14+E14)/3,0)>0,ROUND((C14+D14+E14)/3,0)," ") -> 19
A15: =NOMINA!A15 -> 10 | B15: =NOMINA!B15 -> CHOQUE ARISPE YURIANA LUCIA | C15: 44 | F15: =IF(ROUND((C15+D15+E15)/3,0)>0,ROUND((C15+D15+E15)/3,0)," ") -> 15
A16: =NOMINA!A16 -> 11 | B16: =NOMINA!B16 -> CHOQUE PERALTA JHOEL ELIAZAR | C16: 82 | F16: =IF(ROUND((C16+D16+E16)/3,0)>0,ROUND((C16+D16+E16)/3,0)," ") -> 27
A17: =NOMINA!A17 -> 12 | B17: =NOMINA!B17 -> COPA RIVERO MARCIA MARCELA | C17: 51 | F17: =IF(ROUND((C17+D17+E17)/3,0)>0,ROUND((C17+D17+E17)/3,0)," ") -> 17
... A40: =NOMINA!A40 -> 35 | B40: =NOMINA!B40 -> ZAMBRANA MENDEZ MIRCO ALEXANDER | C40: 53 | F40: =IF(ROUND((C40+D40+E40)/3,0)>0,ROUND((C40+D40+E40)/3,0)," ") -> 18
A41: =NOMINA!A41 -> 36 | B41: =NOMINA!B41 -> 0 | F41: =IF(ROUND((C41+D41+E41)/3,0)>0,ROUND((C41+D41+E41)/3,0)," ")
A42: =NOMINA!A42 -> 37 | B42: =NOMINA!B42 -> 0 | F42: =IF(ROUND((C42+D42+E42)/3,0)>0,ROUND((C42+D42+E42)/3,0)," ")
A43: =NOMINA!A43 -> 38 | B43: =NOMINA!B43 -> 0 | F43: =IF(ROUND((C43+D43+E43)/3,0)>0,ROUND((C43+D43+E43)/3,0)," ")
A44: =NOMINA!A44 -> 39 | B44: =NOMINA!B44 -> 0 | F44: =IF(ROUND((C44+D44+E44)/3,0)>0,ROUND((C44+D44+E44)/3,0)," ")
A45: =NOMINA!A45 -> 40 | B45: =NOMINA!B45 -> 0 | F45: =IF(ROUND((C45+D45+E45)/3,0)>0,ROUND((C45+D45+E45)/3,0)," ")
A46: =NOMINA!A46 -> 41 | B46: =NOMINA!B46 -> 0 | F46: =IF(ROUND((C46+D46+E46)/3,0)>0,ROUND((C46+D46+E46)/3,0)," ")
A47: =NOMINA!A47 -> 42 | B47: =NOMINA!B47 -> 0 | F47: =IF(ROUND((C47+D47+E47)/3,0)>0,ROUND((C47+D47+E47)/3,0)," ")
A48: =NOMINA!A48 -> 43 | B48: =NOMINA!B48 -> 0 | F48: =IF(ROUND((C48+D48+E48)/3,0)>0,ROUND((C48+D48+E48)/3,0)," ")
A49: =NOMINA!A49 -> 44 | B49: =NOMINA!B49 -> 0 | F49: =IF(ROUND((C49+D49+E49)/3,0)>0,ROUND((C49+D49+E49)/3,0)," ")
A50: =NOMINA!A50 -> 45 | B50: =NOMINA!B50 -> 0 | F50: =IF(ROUND((C50+D50+E50)/3,0)>0,ROUND((C50+D50+E50)/3,0)," ")

Sheet E. FIS.
B2: =NOMINA!$B$2 -> CURSO 2A | D2: ED. FÍSICA
A4: Nº | B4: APELLIDOS Y NOMBRES | C4: 1er. TRIM. | D4: 2do. TRIM. | E4: 3er. TRIM. | F4: PRO. ANUAL
C5: CUANT. | D5: CUANT. | E5: CUANT. | F5: P.TOTAL | G5: OBSERV.
A6: =NOMINA!A6 -> 1 | B6: =NOMINA!B6 -> ABREU MARRERO LIZ DANIELA | C6: 70 | F6: =IF(ROUND((C6+D6+E6)/3,0)>0,ROUND((C6+D6+E6)/3,0)," ") -> 23
A7: =NOMINA!A7 -> 2 | B7: =NOMINA!B7 -> ALIAGA SAAVEDRA MARCU MAURICIO | C7: 54 | F7: =IF(ROUND((C7+D7+E7)/3,0)>0,ROUND((C7+D7+E7)/3,0)," ") -> 18
A8: =NOMINA!A8 -> 3 | B8: =NOMINA!B8 -> ANTEZANA CACHI JOSE MAXWEL | C8: 63 | F8: =IF(ROUND((C8+D8+E8)/3,0)>0,ROUND((C8+D8+E8)/3,0)," ") -> 21
A9: =NOMINA!A9 -> 4 | B9: =NOMINA!B9 -> ARIZACA SALGUERO SANTIAGO | C9: 76 | F9: =IF(ROUND((C9+D9+E9)/3,0)>0,ROUND((C9+D9+E9)/3,0)," ") -> 25
A10: =NOMINA!A10 -> 5 | B10: =NOMINA!B10 -> BAUTISTA GARCIA ALISON LUCIANA | C10: 67 | F10: =IF(ROUND((C10+D10+E10)/3,0)>0,ROUND((C10+D10+E10)/3,0)," ") -> 22
A11: =NOMINA!A11 -> 6 | B11: =NOMINA!B11 -> BOLIVAR REVOLLO NIVARDO ADOLFO | C11: 59 | F11: =IF(ROUND((C11+D11+E11)/3,0)>0,ROUND((C11+D11+E11)/3,0)," ") -> 20
A12: =NOMINA!A12 -> 7 | B12: =NOMINA!B12 -> CADIMA SOLIZ NICOLAS | C12: 69 | F12: =IF(ROUND((C12+D12+E12)/3,0)>0,ROUND((C12+D12+E12)/3,0)," ") -> 23
A13: =NOMINA!A13 -> 8 | B13: =NOMINA!B13 -> CALLE PEREZ ANDREA BELEN | C13: 67 | F13: =IF(ROUND((C13+D13+E13)/3,0)>0,ROUND((C13+D13+E13)/3,0)," ") -> 22
A14: =NOMINA!A14 -> 9 | B14: =NOMINA!B14 -> CHAVEZ AMURRIO SEBASTIAN FABIAN | C14: 45 | F14: =IF(ROUND((C14+D14+E14)/3,0)>0,ROUND((C14+D14+E14)/3,0)," ") -> 15
A15: =NOMINA!A15 -> 10 | B15: =NOMINA!B15 -> CHOQUE ARISPE YURIANA LUCIA | C15: 55 | F15: =IF(ROUND((C15+D15+E15)/3,0)>0,ROUND((C15+D15+E15)/3,0)," ") -> 18
A16: =NOMINA!A16 -> 11 | B16: =NOMINA!B16 -> CHOQUE PERALTA JHOEL ELIAZAR | C16: 74 | F16: =IF(ROUND((C16+D16+E16)/3,0)>0,ROUND((C16+D16+E16)/3,0)," ") -> 25
A17: =NOMINA!A17 -> 12 | B17: =NOMINA!B17 -> COPA RIVERO MARCIA MARCELA | C17: 80 | F17: =IF(ROUND((C17+D17+E17)/3,0)>0,ROUND((C17+D17+E17)/3,0)," ") -> 27
... A40: =NOMINA!A40 -> 35 | B40: =NOMINA!B40 -> ZAMBRANA MENDEZ MIRCO ALEXANDER | C40: 51 | F40: =IF(ROUND((C40+D40+E40)/3,0)>0,ROUND((C40+D40+E40)/3,0)," ") -> 17
A41: =NOMINA!A41 -> 36 | B41: =NOMINA!B41 -> 0 | F41: =IF(ROUND((C41+D41+E41)/3,0)>0,ROUND((C41+D41+E41)/3,0)," ")
A42: =NOMINA!A42 -> 37 | B42: =NOMINA!B42 -> 0 | F42: =IF(ROUND((C42+D42+E42)/3,0)>0,ROUND((C42+D42+E42)/3,0)," ")
A43: =NOMINA!A43 -> 38 | B43: =NOMINA!B43 -> 0 | F43: =IF(ROUND((C43+D43+E43)/3,0)>0,ROUND((C43+D43+E43)/3,0)," ")
A44: =NOMINA!A44 -> 39 | B44: =NOMINA!B44 -> 0 | F44: =IF(ROUND((C44+D44+E44)/3,0)>0,ROUND((C44+D44+E44)/3,0)," ")
A45: =NOMINA!A45 -> 40 | B45: =NOMINA!B45 -> 0 | F45: =IF(ROUND((C45+D45+E45)/3,0)>0,ROUND((C45+D45+E45)/3,0)," ")
A46: =NOMINA!A46 -> 41 | B46: =NOMINA!B46 -> 0 | F46: =IF(ROUND((C46+D46+E46)/3,0)>0,ROUND((C46+D46+E46)/3,0)," ")
A47: =NOMINA!A47 -> 42 | B47: =NOMINA!B47 -> 0 | F47: =IF(ROUND((C47+D47+E47)/3,0)>0,ROUND((C47+D47+E47)/3,0)," ")
A48: =NOMINA!A48 -> 43 | B48: =NOMINA!B48 -> 0 | F48: =IF(ROUND((C48+D48+E48)/3,0)>0,ROUND((C48+D48+E48)/3,0)," ")
A49: =NOMINA!A49 -> 44 | B49: =NOMINA!B49 -> 0 | F49: =IF(ROUND((C49+D49+E49)/3,0)>0,ROUND((C49+D49+E49)/3,0)," ")
A50: =NOMINA!A50 -> 45 | B50: =NOMINA!B50 -> 0 | F50: =IF(ROUND((C50+D50+E50)/3,0)>0,ROUND((C50+D50+E50)/3,0)," ")

Sheet MUS.
B2: =NOMINA!$B$2 -> CURSO 2A | D2: ED. MÚSICAL
A4: Nº | B4: APELLIDOS Y NOMBRES | C4: 1er. TRIM. | D4: 2do. TRIM. | E4: 3er. TRIM. | F4: PRO. ANUAL
C5: CUANT. | D5: CUANT. | E5: CUANT. | F5: P.TOTAL | G5: OBSERV.
A6: =NOMINA!A6 -> 1 | B6: =NOMINA!B6 -> ABREU MARRERO LIZ DANIELA | C6: 94 | F6: =IF(ROUND((C6+D6+E6)/3,0)>0,ROUND((C6+D6+E6)/3,0)," ") -> 31
A7: =NOMINA!A7 -> 2 | B7: =NOMINA!B7 -> ALIAGA SAAVEDRA MARCU MAURICIO | C7: 87 | F7: =IF(ROUND((C7+D7+E7)/3,0)>0,ROUND((C7+D7+E7)/3,0)," ") -> 29
A8: =NOMINA!A8 -> 3 | B8: =NOMINA!B8 -> ANTEZANA CACHI JOSE MAXWEL | C8: 96 | F8: =IF(ROUND((C8+D8+E8)/3,0)>0,ROUND((C8+D8+E8)/3,0)," ") -> 32
A9: =NOMINA!A9 -> 4 | B9: =NOMINA!B9 -> ARIZACA SALGUERO SANTIAGO | C9: 70 | F9: =IF(ROUND((C9+D9+E9)/3,0)>0,ROUND((C9+D9+E9)/3,0)," ") -> 23
A10: =NOMINA!A10 -> 5 | B10: =NOMINA!B10 -> BAUTISTA GARCIA ALISON LUCIANA | C10: 76 | F10: =IF(ROUND((C10+D10+E10)/3,0)>0,ROUND((C10+D10+E10)/3,0)," ") -> 25
A11: =NOMINA!A11 -> 6 | B11: =NOMINA!B11 -> BOLIVAR REVOLLO NIVARDO ADOLFO | C11: 72 | F11: =IF(ROUND((C11+D11+E11)/3,0)>0,ROUND((C11+D11+E11)/3,0)," ") -> 24
A12: =NOMINA!A12 -> 7 | B12: =NOMINA!B12 -> CADIMA SOLIZ NICOLAS | C12: 66 | F12: =IF(ROUND((C12+D12+E12)/3,0)>0,ROUND((C12+D12+E12)/3,0)," ") -> 22
A13: =NOMINA!A13 -> 8 | B13: =NOMINA!B13 -> CALLE PEREZ ANDREA BELEN | C13: 97 | F13: =IF(ROUND((C13+D13+E13)/3,0)>0,ROUND((C13+D13+E13)/3,0)," ") -> 32
A14: =NOMINA!A14 -> 9 | B14: =NOMINA!B14 -> CHAVEZ AMURRIO SEBASTIAN FABIAN | C14: 54 | F14: =IF(ROUND((C14+D14+E14)/3,0)>0,ROUND((C14+D14+E14)/3,0)," ") -> 18
A15: =NOMINA!A15 -> 10 | B15: =NOMINA!B15 -> CHOQUE ARISPE YURIANA LUCIA | C15: 58 | F15: =IF(ROUND((C15+D15+E15)/3,0)>0,ROUND((C15+D15+E15)/3,0)," ") -> 19
A16: =NOMINA!A16 -> 11 | B16: =NOMINA!B16 -> CHOQUE PERALTA JHOEL ELIAZAR | C16: 94 | F16: =IF(ROUND((C16+D16+E16)/3,0)>0,ROUND((C16+D16+E16)/3,0)," ") -> 31
A17: =NOMINA!A17 -> 12 | B17: =NOMINA!B17 -> COPA RIVERO MARCIA MARCELA | C17: 70 | F17: =IF(ROUND((C17+D17+E17)/3,0)>0,ROUND((C17+D17+E17)/3,0)," ") -> 23
... A40: =NOMINA!A40 -> 35 | B40: =NOMINA!B40 -> ZAMBRANA MENDEZ MIRCO ALEXANDER | C40: 57 | F40: =IF(ROUND((C40+D40+E40)/3,0)>0,ROUND((C40+D40+E40)/3,0)," ") -> 19
A41: =NOMINA!A41 -> 36 | B41: =NOMINA!B41 -> 0 | F41: =IF(ROUND((C41+D41+E41)/3,0)>0,ROUND((C41+D41+E41)/3,0)," ")
A42: =NOMINA!A42 -> 37 | B42: =NOMINA!B42 -> 0 | F42: =IF(ROUND((C42+D42+E42)/3,0)>0,ROUND((C42+D42+E42)/3,0)," ")
A43: =NOMINA!A43 -> 38 | B43: =NOMINA!B43 -> 0 | F43: =IF(ROUND((C43+D43+E43)/3,0)>0,ROUND((C43+D43+E43)/3,0)," ")
A44: =NOMINA!A44 -> 39 | B44: =NOMINA!B44 -> 0 | F44: =IF(ROUND((C44+D44+E44)/3,0)>0,ROUND((C44+D44+E44)/3,0)," ")
A45: =NOMINA!A45 -> 40 | B45: =NOMINA!B45 -> 0 | F45: =IF(ROUND((C45+D45+E45)/3,0)>0,ROUND((C45+D45+E45)/3,0)," ")
A46: =NOMINA!A46 -> 41 | B46: =NOMINA!B46 -> 0 | F46: =IF(ROUND((C46+D46+E46)/3,0)>0,ROUND((C46+D46+E46)/3,0)," ")
A47: =NOMINA!A47 -> 42 | B47: =NOMINA!B47 -> 0 | F47: =IF(ROUND((C47+D47+E47)/3,0)>0,ROUND((C47+D47+E47)/3,0)," ")
A48: =NOMINA!A48 -> 43 | B48: =NOMINA!B48 -> 0 | F48: =IF(ROUND((C48+D48+E48)/3,0)>0,ROUND((C48+D48+E48)/3,0)," ")
A49: =NOMINA!A49 -> 44 | B49: =NOMINA!B49 -> 0 | F49: =IF(ROUND((C49+D49+E49)/3,0)>0,ROUND((C49+D49+E49)/3,0)," ")
A50: =NOMINA!A50 -> 45 | B50: =NOMINA!B50 -> 0 | F50: =IF(ROUND((C50+D50+E50)/3,0)>0,ROUND((C50+D50+E50)/3,0)," ")

Sheet A.PL. 
B2: =NOMINA!$B$2 -> CURSO 2A | D2: ART. PLÁSTICAS
A4: Nº | B4: APELLIDOS Y NOMBRES | C4: 1er. TRIM. | D4: 2do. TRIM. | E4: 3er. TRIM. | F4: PRO. ANUAL
C5: CUANT. | D5: CUANT. | E5: CUANT. | F5: P.TOTAL | G5: OBSERV.
A6: =NOMINA!A6 -> 1 | B6: =NOMINA!B6 -> ABREU MARRERO LIZ DANIELA | C6: 71 | F6: =IF(ROUND((C6+D6+E6)/3,0)>0,ROUND((C6+D6+E6)/3,0)," ") -> 24
A7: =NOMINA!A7 -> 2 | B7: =NOMINA!B7 -> ALIAGA SAAVEDRA MARCU MAURICIO | C7: 55 | F7: =IF(ROUND((C7+D7+E7)/3,0)>0,ROUND((C7+D7+E7)/3,0)," ") -> 18
A8: =NOMINA!A8 -> 3 | B8: =NOMINA!B8 -> ANTEZANA CACHI JOSE MAXWEL | C8: 59 | F8: =IF(ROUND((C8+D8+E8)/3,0)>0,ROUND((C8+D8+E8)/3,0)," ") -> 20
A9: =NOMINA!A9 -> 4 | B9: =NOMINA!B9 -> ARIZACA SALGUERO SANTIAGO | C9: 63 | F9: =IF(ROUND((C9+D9+E9)/3,0)>0,ROUND((C9+D9+E9)/3,0)," ") -> 21
A10: =NOMINA!A10 -> 5 | B10: =NOMINA!B10 -> BAUTISTA GARCIA ALISON LUCIANA | C10: 71 | F10: =IF(ROUND((C10+D10+E10)/3,0)>0,ROUND((C10+D10+E10)/3,0)," ") -> 24
A11: =NOMINA!A11 -> 6 | B11: =NOMINA!B11 -> BOLIVAR REVOLLO NIVARDO ADOLFO | C11: 53 | F11: =IF(ROUND((C11+D11+E11)/3,0)>0,ROUND((C11+D11+E11)/3,0)," ") -> 18
A12: =NOMINA!A12 -> 7 | B12: =NOMINA!B12 -> CADIMA SOLIZ NICOLAS | C12: 59 | F12: =IF(ROUND((C12+D12+E12)/3,0)>0,ROUND((C12+D12+E12)/3,0)," ") -> 20
A13: =NOMINA!A13 -> 8 | B13: =NOMINA!B13 -> CALLE PEREZ ANDREA BELEN | C13: 69 | F13: =IF(ROUND((C13+D13+E13)/3,0)>0,ROUND((C13+D13+E13)/3,0)," ") -> 23
A14: =NOMINA!A14 -> 9 | B14: =NOMINA!B14 -> CHAVEZ AMURRIO SEBASTIAN FABIAN | C14: 67 | F14: =IF(ROUND((C14+D14+E14)/3,0)>0,ROUND((C14+D14+E14)/3,0)," ") -> 22
A15: =NOMINA!A15 -> 10 | B15: =NOMINA!B15 -> CHOQUE ARISPE YURIANA LUCIA | C15: 66 | F15: =IF(ROUND((C15+D15+E15)/3,0)>0,ROUND((C15+D15+E15)/3,0)," ") -> 22
A16: =NOMINA!A16 -> 11 | B16: =NOMINA!B16 -> CHOQUE PERALTA JHOEL ELIAZAR | C16: 73 | F16: =IF(ROUND((C16+D16+E16)/3,0)>0,ROUND((C16+D16+E16)/3,0)," ") -> 24
A17: =NOMINA!A17 -> 12 | B17: =NOMINA!B17 -> COPA RIVERO MARCIA MARCELA | C17: 61 | F17: =IF(ROUND((C17+D17+E17)/3,0)>0,ROUND((C17+D17+E17)/3,0)," ") -> 20
... A40: =NOMINA!A40 -> 35 | B40: =NOMINA!B40 -> ZAMBRANA MENDEZ MIRCO ALEXANDER | C40: 70 | F40: =IF(ROUND((C40+D40+E40)/3,0)>0,ROUND((C40+D40+E40)/3,0)," ") -> 23
A41: =NOMINA!A41 -> 36 | B41: =NOMINA!B41 -> 0 | F41: =IF(ROUND((C41+D41+E41)/3,0)>0,ROUND((C41+D41+E41)/3,0)," ")
A42: =NOMINA!A42 -> 37 | B42: =NOMINA!B42 -> 0 | F42: =IF(ROUND((C42+D42+E42)/3,0)>0,ROUND((C42+D42+E42)/3,0)," ")
A43: =NOMINA!A43 -> 38 | B43: =NOMINA!B43 -> 0 | F43: =IF(ROUND((C43+D43+E43)/3,0)>0,ROUND((C43+D43+E43)/3,0)," ")
A44: =NOMINA!A44 -> 39 | B44: =NOMINA!B44 -> 0 | F44: =IF(ROUND((C44+D44+E44)/3,0)>0,ROUND((C44+D44+E44)/3,0)," ")
A45: =NOMINA!A45 -> 40 | B45: =NOMINA!B45 -> 0 | F45: =IF(ROUND((C45+D45+E45)/3,0)>0,ROUND((C45+D45+E45)/3,0)," ")
A46: =NOMINA!A46 -> 41 | B46: =NOMINA!B46 -> 0 | F46: =IF(ROUND((C46+D46+E46)/3,0)>0,ROUND((C46+D46+E46)/3,0)," ")
A47: =NOMINA!A47 -> 42 | B47: =NOMINA!B47 -> 0 | F47: =IF(ROUND((C47+D47+E47)/3,0)>0,ROUND((C47+D47+E47)/3,0)," ")
A48: =NOMINA!A48 -> 43 | B48: =NOMINA!B48 -> 0 | F48: =IF(ROUND((C48+D48+E48)/3,0)>0,ROUND((C48+D48+E48)/3,0)," ")
A49: =NOMINA!A49 -> 44 | B49: =NOMINA!B49 -> 0 | F49: =IF(ROUND((C49+D49+E49)/3,0)>0,ROUND((C49+D49+E49)/3,0)," ")
A50: =NOMINA!A50 -> 45 | B50: =NOMINA!B50 -> 0 | F50: =IF(ROUND((C50+D50+E50)/3,0)>0,ROUND((C50+D50+E50)/3,0)," ")

Sheet MAT
B2: =NOMINA!$B$2 -> CURSO 2A | D2: MATEMATICAS
A4: Nº | B4: APELLIDOS Y NOMBRES | C4: 1er. TRIM. | D4: 2do. TRIM. | E4: 3er. TRIM. | F4: PRO. ANUAL
C5: CUANT. | D5: CUANT. | E5: CUANT. | F5: P.TOTAL | G5: OBSERV.
A6: =NOMINA!A6 -> 1 | B6: =NOMINA!B6 -> ABREU MARRERO LIZ DANIELA | C6: 64 | F6: =IF(ROUND((C6+D6+E6)/3,0)>0,ROUND((C6+D6+E6)/3,0)," ") -> 21
A7: =NOMINA!A7 -> 2 | B7: =NOMINA!B7 -> ALIAGA SAAVEDRA MARCU MAURICIO | C7: 59 | F7: =IF(ROUND((C7+D7+E7)/3,0)>0,ROUND((C7+D7+E7)/3,0)," ") -> 20
A8: =NOMINA!A8 -> 3 | B8: =NOMINA!B8 -> ANTEZANA CACHI JOSE MAXWEL | C8: 91 | F8: =IF(ROUND((C8+D8+E8)/3,0)>0,ROUND((C8+D8+E8)/3,0)," ") -> 30
A9: =NOMINA!A9 -> 4 | B9: =NOMINA!B9 -> ARIZACA SALGUERO SANTIAGO | C9: 61 | F9: =IF(ROUND((C9+D9+E9)/3,0)>0,ROUND((C9+D9+E9)/3,0)," ") -> 20
A10: =NOMINA!A10 -> 5 | B10: =NOMINA!B10 -> BAUTISTA GARCIA ALISON LUCIANA | C10: 58 | F10: =IF(ROUND((C10+D10+E10)/3,0)>0,ROUND((C10+D10+E10)/3,0)," ") -> 19
A11: =NOMINA!A11 -> 6 | B11: =NOMINA!B11 -> BOLIVAR REVOLLO NIVARDO ADOLFO | C11: 46 | F11: =IF(ROUND((C11+D11+E11)/3,0)>0,ROUND((C11+D11+E11)/3,0)," ") -> 15
A12: =NOMINA!A12 -> 7 | B12: =NOMINA!B12 -> CADIMA SOLIZ NICOLAS | C12: 46 | F12: =IF(ROUND((C12+D12+E12)/3,0)>0,ROUND((C12+D12+E12)/3,0)," ") -> 15
A13: =NOMINA!A13 -> 8 | B13: =NOMINA!B13 -> CALLE PEREZ ANDREA BELEN | C13: 93 | F13: =IF(ROUND((C13+D13+E13)/3,0)>0,ROUND((C13+D13+E13)/3,0)," ") -> 31
A14: =NOMINA!A14 -> 9 | B14: =NOMINA!B14 -> CHAVEZ AMURRIO SEBASTIAN FABIAN | C14: 49 | F14: =IF(ROUND((C14+D14+E14)/3,0)>0,ROUND((C14+D14+E14)/3,0)," ") -> 16
A15: =NOMINA!A15 -> 10 | B15: =NOMINA!B15 -> CHOQUE ARISPE YURIANA LUCIA | C15: 52 | F15: =IF(ROUND((C15+D15+E15)/3,0)>0,ROUND((C15+D15+E15)/3,0)," ") -> 17
A16: =NOMINA!A16 -> 11 | B16: =NOMINA!B16 -> CHOQUE PERALTA JHOEL ELIAZAR | C16: 83 | F16: =IF(ROUND((C16+D16+E16)/3,0)>0,ROUND((C16+D16+E16)/3,0)," ") -> 28
A17: =NOMINA!A17 -> 12 | B17: =NOMINA!B17 -> COPA RIVERO MARCIA MARCELA | C17: 52 | F17: =IF(ROUND((C17+D17+E17)/3,0)>0,ROUND((C17+D17+E17)/3,0)," ") -> 17
... A40: =NOMINA!A40 -> 35 | B40: =NOMINA!B40 -> ZAMBRANA MENDEZ MIRCO ALEXANDER | C40: 47 | F40: =IF(ROUND((C40+D40+E40)/3,0)>0,ROUND((C40+D40+E40)/3,0)," ") -> 16
A41: =NOMINA!A41 -> 36 | B41: =NOMINA!B41 -> 0 | F41: =IF(ROUND((C41+D41+E41)/3,0)>0,ROUND((C41+D41+E41)/3,0)," ")
A42: =NOMINA!A42 -> 37 | B42: =NOMINA!B42 -> 0 | F42: =IF(ROUND((C42+D42+E42)/3,0)>0,ROUND((C42+D42+E42)/3,0)," ")
A43: =NOMINA!A43 -> 38 | B43: =NOMINA!B43 -> 0 | F43: =IF(ROUND((C43+D43+E43)/3,0)>0,ROUND((C43+D43+E43)/3,0)," ")
A44: =NOMINA!A44 -> 39 | B44: =NOMINA!B44 -> 0 | F44: =IF(ROUND((C44+D44+E44)/3,0)>0,ROUND((C44+D44+E44)/3,0)," ")
A45: =NOMINA!A45 -> 40 | B45: =NOMINA!B45 -> 0 | F45: =IF(ROUND((C45+D45+E45)/3,0)>0,ROUND((C45+D45+E45)/3,0)," ")
A46: =NOMINA!A46 -> 41 | B46: =NOMINA!B46 -> 0 | F46: =IF(ROUND((C46+D46+E46)/3,0)>0,ROUND((C46+D46+E46)/3,0)," ")
A47: =NOMINA!A47 -> 42 | B47: =NOMINA!B47 -> 0 | F47: =IF(ROUND((C47+D47+E47)/3,0)>0,ROUND((C47+D47+E47)/3,0)," ")
A48: =NOMINA!A48 -> 43 | B48: =NOMINA!B48 -> 0 | F48: =IF(ROUND((C48+D48+E48)/3,0)>0,ROUND((C48+D48+E48)/3,0)," ")
A49: =NOMINA!A49 -> 44 | B49: =NOMINA!B49 -> 0 | F49: =IF(ROUND((C49+D49+E49)/3,0)>0,ROUND((C49+D49+E49)/3,0)," ")
A50: =NOMINA!A50 -> 45 | B50: =NOMINA!B50 -> 0 | F50: =IF(ROUND((C50+D50+E50)/3,0)>0,ROUND((C50+D50+E50)/3,0)," ")

Sheet T. TEC. GRAL
B2: =NOMINA!$B$2 -> CURSO 2A | C2: TÉCNICA TECNOLÓGICA GENERAL
A4: Nº | B4: APELLIDOS Y NOMBRES | C4: 1er. TRIM. | D4: 2do. TRIM. | E4: 3er. TRIM. | F4: PRO. ANUAL
C5: CUANT. | D5: CUANT. | E5: CUANT. | F5: P.TOTAL | G5: OBSERV.
A6: =NOMINA!A6 -> 1 | B6: =NOMINA!B6 -> ABREU MARRERO LIZ DANIELA | C6: 66 | F6: =IF(ROUND((C6+D6+E6)/3,0)>0,ROUND((C6+D6+E6)/3,0)," ") -> 22
A7: =NOMINA!A7 -> 2 | B7: =NOMINA!B7 -> ALIAGA SAAVEDRA MARCU MAURICIO | C7: 63 | F7: =IF(ROUND((C7+D7+E7)/3,0)>0,ROUND((C7+D7+E7)/3,0)," ") -> 21
A8: =NOMINA!A8 -> 3 | B8: =NOMINA!B8 -> ANTEZANA CACHI JOSE MAXWEL | C8: 65 | F8: =IF(ROUND((C8+D8+E8)/3,0)>0,ROUND((C8+D8+E8)/3,0)," ") -> 22
A9: =NOMINA!A9 -> 4 | B9: =NOMINA!B9 -> ARIZACA SALGUERO SANTIAGO | C9: 68 | F9: =IF(ROUND((C9+D9+E9)/3,0)>0,ROUND((C9+D9+E9)/3,0)," ") -> 23
A10: =NOMINA!A10 -> 5 | B10: =NOMINA!B10 -> BAUTISTA GARCIA ALISON LUCIANA | C10: 71 | F10: =IF(ROUND((C10+D10+E10)/3,0)>0,ROUND((C10+D10+E10)/3,0)," ") -> 24
A11: =NOMINA!A11 -> 6 | B11: =NOMINA!B11 -> BOLIVAR REVOLLO NIVARDO ADOLFO | C11: 66 | F11: =IF(ROUND((C11+D11+E11)/3,0)>0,ROUND((C11+D11+E11)/3,0)," ") -> 22
A12: =NOMINA!A12 -> 7 | B12: =NOMINA!B12 -> CADIMA SOLIZ NICOLAS | C12: 57 | F12: =IF(ROUND((C12+D12+E12)/3,0)>0,ROUND((C12+D12+E12)/3,0)," ") -> 19
A13: =NOMINA!A13 -> 8 | B13: =NOMINA!B13 -> CALLE PEREZ ANDREA BELEN | C13: 79 | F13: =IF(ROUND((C13+D13+E13)/3,0)>0,ROUND((C13+D13+E13)/3,0)," ") -> 26
A14: =NOMINA!A14 -> 9 | B14: =NOMINA!B14 -> CHAVEZ AMURRIO SEBASTIAN FABIAN | C14: 44 | F14: =IF(ROUND((C14+D14+E14)/3,0)>0,ROUND((C14+D14+E14)/3,0)," ") -> 15
A15: =NOMINA!A15 -> 10 | B15: =NOMINA!B15 -> CHOQUE ARISPE YURIANA LUCIA | C15: 67 | F15: =IF(ROUND((C15+D15+E15)/3,0)>0,ROUND((C15+D15+E15)/3,0)," ") -> 22
A16: =NOMINA!A16 -> 11 | B16: =NOMINA!B16 -> CHOQUE PERALTA JHOEL ELIAZAR | C16: 65 | F16: =IF(ROUND((C16+D16+E16)/3,0)>0,ROUND((C16+D16+E16)/3,0)," ") -> 22
A17: =NOMINA!A17 -> 12 | B17: =NOMINA!B17 -> COPA RIVERO MARCIA MARCELA | C17: 56 | F17: =IF(ROUND((C17+D17+E17)/3,0)>0,ROUND((C17+D17+E17)/3,0)," ") -> 19
... A40: =NOMINA!A40 -> 35 | B40: =NOMINA!B40 -> ZAMBRANA MENDEZ MIRCO ALEXANDER | C40: 43 | F40: =IF(ROUND((C40+D40+E40)/3,0)>0,ROUND((C40+D40+E40)/3,0)," ") -> 14
A41: =NOMINA!A41 -> 36 | B41: =NOMINA!B41 -> 0 | F41: =IF(ROUND((C41+D41+E41)/3,0)>0,ROUND((C41+D41+E41)/3,0)," ")
A42: =NOMINA!A42 -> 37 | B42: =NOMINA!B42 -> 0 | F42: =IF(ROUND((C42+D42+E42)/3,0)>0,ROUND((C42+D42+E42)/3,0)," ")
A43: =NOMINA!A43 -> 38 | B43: =NOMINA!B43 -> 0 | F43: =IF(ROUND((C43+D43+E43)/3,0)>0,ROUND((C43+D43+E43)/3,0)," ")
A44: =NOMINA!A44 -> 39 | B44: =NOMINA!B44 -> 0 | F44: =IF(ROUND((C44+D44+E44)/3,0)>0,ROUND((C44+D44+E44)/3,0)," ")
A45: =NOMINA!A45 -> 40 | B45: =NOMINA!B45 -> 0 | F45: =IF(ROUND((C45+D45+E45)/3,0)>0,ROUND((C45+D45+E45)/3,0)," ")
A46: =NOMINA!A46 -> 41 | B46: =NOMINA!B46 -> 0 | F46: =IF(ROUND((C46+D46+E46)/3,0)>0,ROUND((C46+D46+E46)/3,0)," ")
A47: =NOMINA!A47 -> 42 | B47: =NOMINA!B47 -> 0 | F47: =IF(ROUND((C47+D47+E47)/3,0)>0,ROUND((C47+D47+E47)/3,0)," ")
A48: =NOMINA!A48 -> 43 | B48: =NOMINA!B48 -> 0 | F48: =IF(ROUND((C48+D48+E48)/3,0)>0,ROUND((C48+D48+E48)/3,0)," ")
A49: =NOMINA!A49 -> 44 | B49: =NOMINA!B49 -> 0 | F49: =IF(ROUND((C49+D49+E49)/3,0)>0,ROUND((C49+D49+E49)/3,0)," ")
A50: =NOMINA!A50 -> 45 | B50: =NOMINA!B50 -> 0 | F50: =IF(ROUND((C50+D50+E50)/3,0)>0,ROUND((C50+D50+E50)/3,0)," ")

Sheet BIO-GEO
B2: =NOMINA!$B$2 -> CURSO 2A | C2: BIOLOGÍA - GEOGRAFÍA
A4: Nº | B4: APELLIDOS Y NOMBRES | C4: 1er. TRIM. | D4: 2do. TRIM. | E4: 3er. TRIM. | F4: PRO. ANUAL
C5: CUANT. | D5: CUANT. | E5: CUANT. | F5: P.TOTAL | G5: OBSERV.
A6: =NOMINA!A6 -> 1 | B6: =NOMINA!B6 -> ABREU MARRERO LIZ DANIELA | C6: 77 | F6: =IF(ROUND((C6+D6+E6)/3,0)>0,ROUND((C6+D6+E6)/3,0)," ") -> 26
A7: =NOMINA!A7 -> 2 | B7: =NOMINA!B7 -> ALIAGA SAAVEDRA MARCU MAURICIO | C7: 74 | F7: =IF(ROUND((C7+D7+E7)/3,0)>0,ROUND((C7+D7+E7)/3,0)," ") -> 25
A8: =NOMINA!A8 -> 3 | B8: =NOMINA!B8 -> ANTEZANA CACHI JOSE MAXWEL | C8: 75 | F8: =IF(ROUND((C8+D8+E8)/3,0)>0,ROUND((C8+D8+E8)/3,0)," ") -> 25
A9: =NOMINA!A9 -> 4 | B9: =NOMINA!B9 -> ARIZACA SALGUERO SANTIAGO | C9: 77 | F9: =IF(ROUND((C9+D9+E9)/3,0)>0,ROUND((C9+D9+E9)/3,0)," ") -> 26
A10: =NOMINA!A10 -> 5 | B10: =NOMINA!B10 -> BAUTISTA GARCIA ALISON LUCIANA | C10: 70 | F10: =IF(ROUND((C10+D10+E10)/3,0)>0,ROUND((C10+D10+E10)/3,0)," ") -> 23
A11: =NOMINA!A11 -> 6 | B11: =NOMINA!B11 -> BOLIVAR REVOLLO NIVARDO ADOLFO | C11: 61 | F11: =IF(ROUND((C11+D11+E11)/3,0)>0,ROUND((C11+D11+E11)/3,0)," ") -> 20
A12: =NOMINA!A12 -> 7 | B12: =NOMINA!B12 -> CADIMA SOLIZ NICOLAS | C12: 67 | F12: =IF(ROUND((C12+D12+E12)/3,0)>0,ROUND((C12+D12+E12)/3,0)," ") -> 22
A13: =NOMINA!A13 -> 8 | B13: =NOMINA!B13 -> CALLE PEREZ ANDREA BELEN | C13: 83 | F13: =IF(ROUND((C13+D13+E13)/3,0)>0,ROUND((C13+D13+E13)/3,0)," ") -> 28
A14: =NOMINA!A14 -> 9 | B14: =NOMINA!B14 -> CHAVEZ AMURRIO SEBASTIAN FABIAN | C14: 35 | F14: =IF(ROUND((C14+D14+E14)/3,0)>0,ROUND((C14+D14+E14)/3,0)," ") -> 12
A15: =NOMINA!A15 -> 10 | B15: =NOMINA!B15 -> CHOQUE ARISPE YURIANA LUCIA | C15: 67 | F15: =IF(ROUND((C15+D15+E15)/3,0)>0,ROUND((C15+D15+E15)/3,0)," ") -> 22
A16: =NOMINA!A16 -> 11 | B16: =NOMINA!B16 -> CHOQUE PERALTA JHOEL ELIAZAR | C16: 82 | F16: =IF(ROUND((C16+D16+E16)/3,0)>0,ROUND((C16+D16+E16)/3,0)," ") -> 27
A17: =NOMINA!A17 -> 12 | B17: =NOMINA!B17 -> COPA RIVERO MARCIA MARCELA | C17: 59 | F17: =IF(ROUND((C17+D17+E17)/3,0)>0,ROUND((C17+D17+E17)/3,0)," ") -> 20
... A40: =NOMINA!A40 -> 35 | B40: =NOMINA!B40 -> ZAMBRANA MENDEZ MIRCO ALEXANDER | C40: 61 | F40: =IF(ROUND((C40+D40+E40)/3,0)>0,ROUND((C40+D40+E40)/3,0)," ") -> 20
A41: =NOMINA!A41 -> 36 | B41: =NOMINA!B41 -> 0 | F41: =IF(ROUND((C41+D41+E41)/3,0)>0,ROUND((C41+D41+E41)/3,0)," ")
A42: =NOMINA!A42 -> 37 | B42: =NOMINA!B42 -> 0 | F42: =IF(ROUND((C42+D42+E42)/3,0)>0,ROUND((C42+D42+E42)/3,0)," ")
A43: =NOMINA!A43 -> 38 | B43: =NOMINA!B43 -> 0 | F43: =IF(ROUND((C43+D43+E43)/3,0)>0,ROUND((C43+D43+E43)/3,0)," ")
A44: =NOMINA!A44 -> 39 | B44: =NOMINA!B44 -> 0 | F44: =IF(ROUND((C44+D44+E44)/3,0)>0,ROUND((C44+D44+E44)/3,0)," ")
A45: =NOMINA!A45 -> 40 | B45: =NOMINA!B45 -> 0 | F45: =IF(ROUND((C45+D45+E45)/3,0)>0,ROUND((C45+D45+E45)/3,0)," ")
A46: =NOMINA!A46 -> 41 | B46: =NOMINA!B46 -> 0 | F46: =IF(ROUND((C46+D46+E46)/3,0)>0,ROUND((C46+D46+E46)/3,0)," ")
A47: =NOMINA!A47 -> 42 | B47: =NOMINA!B47 -> 0 | F47: =IF(ROUND((C47+D47+E47)/3,0)>0,ROUND((C47+D47+E47)/3,0)," ")
A48: =NOMINA!A48 -> 43 | B48: =NOMINA!B48 -> 0 | F48: =IF(ROUND((C48+D48+E48)/3,0)>0,ROUND((C48+D48+E48)/3,0)," ")
A49: =NOMINA!A49 -> 44 | B49: =NOMINA!B49 -> 0 | F49: =IF(ROUND((C49+D49+E49)/3,0)>0,ROUND((C49+D49+E49)/3,0)," ")
A50: =NOMINA!A50 -> 45 | B50: =NOMINA!B50 -> 0 | F50: =IF(ROUND((C50+D50+E50)/3,0)>0,ROUND((C50+D50+E50)/3,0)," ")

Sheet PSI
B2: =NOMINA!$B$2 -> CURSO 2A | C2: PSICOLOGÍA -FILOSOFÍA
A4: Nº | B4: APELLIDOS Y NOMBRES | C4: 1er. TRIM. | D4: 2do. TRIM. | E4: 3er. TRIM. | F4: PRO. ANUAL
C5: CUANT. | D5: CUANT. | E5: CUANT. | F5: P.TOTAL | G5: OBSERV.
A6: =NOMINA!A6 -> 1 | B6: =NOMINA!B6 -> ABREU MARRERO LIZ DANIELA | C6: 74 | F6: =IF(ROUND((C6+D6+E6)/3,0)>0,ROUND((C6+D6+E6)/3,0)," ") -> 25
A7: =NOMINA!A7 -> 2 | B7: =NOMINA!B7 -> ALIAGA SAAVEDRA MARCU MAURICIO | C7: 80 | F7: =IF(ROUND((C7+D7+E7)/3,0)>0,ROUND((C7+D7+E7)/3,0)," ") -> 27
A8: =NOMINA!A8 -> 3 | B8: =NOMINA!B8 -> ANTEZANA CACHI JOSE MAXWEL | C8: 85 | F8: =IF(ROUND((C8+D8+E8)/3,0)>0,ROUND((C8+D8+E8)/3,0)," ") -> 28
A9: =NOMINA!A9 -> 4 | B9: =NOMINA!B9 -> ARIZACA SALGUERO SANTIAGO | C9: 51 | F9: =IF(ROUND((C9+D9+E9)/3,0)>0,ROUND((C9+D9+E9)/3,0)," ") -> 17
A10: =NOMINA!A10 -> 5 | B10: =NOMINA!B10 -> BAUTISTA GARCIA ALISON LUCIANA | C10: 66 | F10: =IF(ROUND((C10+D10+E10)/3,0)>0,ROUND((C10+D10+E10)/3,0)," ") -> 22
A11: =NOMINA!A11 -> 6 | B11: =NOMINA!B11 -> BOLIVAR REVOLLO NIVARDO ADOLFO | C11: 64 | F11: =IF(ROUND((C11+D11+E11)/3,0)>0,ROUND((C11+D11+E11)/3,0)," ") -> 21
A12: =NOMINA!A12 -> 7 | B12: =NOMINA!B12 -> CADIMA SOLIZ NICOLAS | C12: 67 | F12: =IF(ROUND((C12+D12+E12)/3,0)>0,ROUND((C12+D12+E12)/3,0)," ") -> 22
A13: =NOMINA!A13 -> 8 | B13: =NOMINA!B13 -> CALLE PEREZ ANDREA BELEN | C13: 81 | F13: =IF(ROUND((C13+D13+E13)/3,0)>0,ROUND((C13+D13+E13)/3,0)," ") -> 27
A14: =NOMINA!A14 -> 9 | B14: =NOMINA!B14 -> CHAVEZ AMURRIO SEBASTIAN FABIAN | C14: 45 | F14: =IF(ROUND((C14+D14+E14)/3,0)>0,ROUND((C14+D14+E14)/3,0)," ") -> 15
A15: =NOMINA!A15 -> 10 | B15: =NOMINA!B15 -> CHOQUE ARISPE YURIANA LUCIA | C15: 67 | F15: =IF(ROUND((C15+D15+E15)/3,0)>0,ROUND((C15+D15+E15)/3,0)," ") -> 22
A16: =NOMINA!A16 -> 11 | B16: =NOMINA!B16 -> CHOQUE PERALTA JHOEL ELIAZAR | C16: 83 | F16: =IF(ROUND((C16+D16+E16)/3,0)>0,ROUND((C16+D16+E16)/3,0)," ") -> 28
A17: =NOMINA!A17 -> 12 | B17: =NOMINA!B17 -> COPA RIVERO MARCIA MARCELA | C17: 51 | F17: =IF(ROUND((C17+D17+E17)/3,0)>0,ROUND((C17+D17+E17)/3,0)," ") -> 17
... A40: =NOMINA!A40 -> 35 | B40: =NOMINA!B40 -> ZAMBRANA MENDEZ MIRCO ALEXANDER | C40: 69 | F40: =IF(ROUND((C40+D40+E40)/3,0)>0,ROUND((C40+D40+E40)/3,0)," ") -> 23
A41: =NOMINA!A41 -> 36 | B41: =NOMINA!B41 -> 0 | F41: =IF(ROUND((C41+D41+E41)/3,0)>0,ROUND((C41+D41+E41)/3,0)," ")
A42: =NOMINA!A42 -> 37 | B42: =NOMINA!B42 -> 0 | F42: =IF(ROUND((C42+D42+E42)/3,0)>0,ROUND((C42+D42+E42)/3,0)," ")
A43: =NOMINA!A43 -> 38 | B43: =NOMINA!B43 -> 0 | F43: =IF(ROUND((C43+D43+E43)/3,0)>0,ROUND((C43+D43+E43)/3,0)," ")
A44: =NOMINA!A44 -> 39 | B44: =NOMINA!B44 -> 0 | F44: =IF(ROUND((C44+D44+E44)/3,0)>0,ROUND((C44+D44+E44)/3,0)," ")
A45: =NOMINA!A45 -> 40 | B45: =NOMINA!B45 -> 0 | F45: =IF(ROUND((C45+D45+E45)/3,0)>0,ROUND((C45+D45+E45)/3,0)," ")
A46: =NOMINA!A46 -> 41 | B46: =NOMINA!B46 -> 0 | F46: =IF(ROUND((C46+D46+E46)/3,0)>0,ROUND((C46+D46+E46)/3,0)," ")
A47: =NOMINA!A47 -> 42 | B47: =NOMINA!B47 -> 0 | F47: =IF(ROUND((C47+D47+E47)/3,0)>0,ROUND((C47+D47+E47)/3,0)," ")
A48: =NOMINA!A48 -> 43 | B48: =NOMINA!B48 -> 0 | F48: =IF(ROUND((C48+D48+E48)/3,0)>0,ROUND((C48+D48+E48)/3,0)," ")
A49: =NOMINA!A49 -> 44 | B49: =NOMINA!B49 -> 0 | F49: =IF(ROUND((C49+D49+E49)/3,0)>0,ROUND((C49+D49+E49)/3,0)," ")
A50: =NOMINA!A50 -> 45 | B50: =NOMINA!B50 -> 0 | F50: =IF(ROUND((C50+D50+E50)/3,0)>0,ROUND((C50+D50+E50)/3,0)," ")

Sheet REL.
B2: =NOMINA!$B$2 -> CURSO 2A | D2: RELIGION
A4: Nº | B4: APELLIDOS Y NOMBRES | C4: 1er. TRIM. | D4: 2do. TRIM. | E4: 3er. TRIM. | F4: PRO. ANUAL
C5: CUANT. | D5: CUANT. | E5: CUANT. | F5: P.TOTAL | G5: OBSERV.
A6: =NOMINA!A6 -> 1 | B6: =NOMINA!B6 -> ABREU MARRERO LIZ DANIELA | C6: =[1]CENTRALIZADOR!C7 -> 64.666667 | F6: =IF(ROUND((C6+D6+E6)/3,0)>0,ROUND((C6+D6+E6)/3,0)," ") -> 22
A7: =NOMINA!A7 -> 2 | B7: =NOMINA!B7 -> ALIAGA SAAVEDRA MARCU MAURICIO | C7: =[1]CENTRALIZADOR!C8 -> 62.416667 | F7: =IF(ROUND((C7+D7+E7)/3,0)>0,ROUND((C7+D7+E7)/3,0)," ") -> 21
A8: =NOMINA!A8 -> 3 | B8: =NOMINA!B8 -> ANTEZANA CACHI JOSE MAXWEL | C8: =[1]CENTRALIZADOR!C9 -> 70.333333 | F8: =IF(ROUND((C8+D8+E8)/3,0)>0,ROUND((C8+D8+E8)/3,0)," ") -> 23
A9: =NOMINA!A9 -> 4 | B9: =NOMINA!B9 -> ARIZACA SALGUERO SANTIAGO | C9: =[1]CENTRALIZADOR!C10 -> 51.75 | F9: =IF(ROUND((C9+D9+E9)/3,0)>0,ROUND((C9+D9+E9)/3,0)," ") -> 17
A10: =NOMINA!A10 -> 5 | B10: =NOMINA!B10 -> BAUTISTA GARCIA ALISON LUCIANA | C10: =[1]CENTRALIZADOR!C11 -> 78.833333 | F10: =IF(ROUND((C10+D10+E10)/3,0)>0,ROUND((C10+D10+E10)/3,0)," ") -> 26
A11: =NOMINA!A11 -> 6 | B11: =NOMINA!B11 -> BOLIVAR REVOLLO NIVARDO ADOLFO | C11: =[1]CENTRALIZADOR!C12 -> 77.166667 | F11: =IF(ROUND((C11+D11+E11)/3,0)>0,ROUND((C11+D11+E11)/3,0)," ") -> 26
A12: =NOMINA!A12 -> 7 | B12: =NOMINA!B12 -> CADIMA SOLIZ NICOLAS | C12: =[1]CENTRALIZADOR!C13 -> 66.166667 | F12: =IF(ROUND((C12+D12+E12)/3,0)>0,ROUND((C12+D12+E12)/3,0)," ") -> 22
A13: =NOMINA!A13 -> 8 | B13: =NOMINA!B13 -> CALLE PEREZ ANDREA BELEN | C13: =[1]CENTRALIZADOR!C14 -> 75.666667 | F13: =IF(ROUND((C13+D13+E13)/3,0)>0,ROUND((C13+D13+E13)/3,0)," ") -> 25
A14: =NOMINA!A14 -> 9 | B14: =NOMINA!B14 -> CHAVEZ AMURRIO SEBASTIAN FABIAN | C14: =[1]CENTRALIZADOR!C15 -> 52.25 | F14: =IF(ROUND((C14+D14+E14)/3,0)>0,ROUND((C14+D14+E14)/3,0)," ") -> 17
A15: =NOMINA!A15 -> 10 | B15: =NOMINA!B15 -> CHOQUE ARISPE YURIANA LUCIA | C15: =[1]CENTRALIZADOR!C16 -> 63.75 | F15: =IF(ROUND((C15+D15+E15)/3,0)>0,ROUND((C15+D15+E15)/3,0)," ") -> 21
A16: =NOMINA!A16 -> 11 | B16: =NOMINA!B16 -> CHOQUE PERALTA JHOEL ELIAZAR | C16: =[1]CENTRALIZADOR!C17 -> 68.833333 | F16: =IF(ROUND((C16+D16+E16)/3,0)>0,ROUND((C16+D16+E16)/3,0)," ") -> 23
A17: =NOMINA!A17 -> 12 | B17: =NOMINA!B17 -> COPA RIVERO MARCIA MARCELA | C17: =[1]CENTRALIZADOR!C18 -> 70.666667 | F17: =IF(ROUND((C17+D17+E17)/3,0)>0,ROUND((C17+D17+E17)/3,0)," ") -> 24
... A40: =NOMINA!A40 -> 35 | B40: =NOMINA!B40 -> ZAMBRANA MENDEZ MIRCO ALEXANDER | C40: =[1]CENTRALIZADOR!C41 -> 51.583333 | F40: =IF(ROUND((C40+D40+E40)/3,0)>0,ROUND((C40+D40+E40)/3,0)," ") -> 17
A41: =NOMINA!A41 -> 36 | B41: =NOMINA!B41 -> 0 | F41: =IF(ROUND((C41+D41+E41)/3,0)>0,ROUND((C41+D41+E41)/3,0)," ")
A42: =NOMINA!A42 -> 37 | B42: =NOMINA!B42 -> 0 | F42: =IF(ROUND((C42+D42+E42)/3,0)>0,ROUND((C42+D42+E42)/3,0)," ")
A43: =NOMINA!A43 -> 38 | B43: =NOMINA!B43 -> 0 | F43: =IF(ROUND((C43+D43+E43)/3,0)>0,ROUND((C43+D43+E43)/3,0)," ")
A44: =NOMINA!A44 -> 39 | B44: =NOMINA!B44 -> 0 | F44: =IF(ROUND((C44+D44+E44)/3,0)>0,ROUND((C44+D44+E44)/3,0)," ")
A45: =NOMINA!A45 -> 40 | B45: =NOMINA!B45 -> 0 | F45: =IF(ROUND((C45+D45+E45)/3,0)>0,ROUND((C45+D45+E45)/3,0)," ")
A46: =NOMINA!A46 -> 41 | B46: =NOMINA!B46 -> 0 | F46: =IF(ROUND((C46+D46+E46)/3,0)>0,ROUND((C46+D46+E46)/3,0)," ")
A47: =NOMINA!A47 -> 42 | B47: =NOMINA!B47 -> 0 | F47: =IF(ROUND((C47+D47+E47)/3,0)>0,ROUND((C47+D47+E47)/3,0)," ")
A48: =NOMINA!A48 -> 43 | B48: =NOMINA!B48 -> 0 | F48: =IF(ROUND((C48+D48+E48)/3,0)>0,ROUND((C48+D48+E48)/3,0)," ")
A49: =NOMINA!A49 -> 44 | B49: =NOMINA!B49 -> 0 | F49: =IF(ROUND((C49+D49+E49)/3,0)>0,ROUND((C49+D49+E49)/3,0)," ")
A50: =NOMINA!A50 -> 45 | B50: =NOMINA!B50 -> 0 | F50: =IF(ROUND((C50+D50+E50)/3,0)>0,ROUND((C50+D50+E50)/3,0)," ")

Sheet BOLET.
C2: BOLETIN DE NOTAS
A3: U. E. ABAROA B
A4: =NOMINA!$B$2 -> CURSO 2A | C4: =NOMINA!B6 -> ABREU MARRERO LIZ DANIELA
A5: =NOMINA!A6 -> 1 | C5: GENERO | D5: FECHA DE NACIMIENTO | F5: C. I.
C6: =NOMINA!C6 -> 0 | D6: =NOMINA!D6 -> 0 | F6: =NOMINA!F6 -> 0
A7: Campos de saberes | B7: Areas curriculares | C7: 1er.TRIM | D7: 2do. TRIM. | E7: 3er. TRIM. | F7: PROM. ANUAL
C8: CUANT. | D8: CUANT. | E8: CUANT. | F8: CUANT.
A9: COMUNIDAD Y SOCIEDAD | B9: LENGUAJE | C9: =IF(LEN!C6=0," ",LEN!C6) -> 54 | D9: =IF(LEN!D6=0," ",LEN!D6) | E9: =IF(LEN!E6=0," ",LEN!E6) | F9: =IF(LEN!F6=0," ",LEN!F6) -> 18
B10: INGLES | C10: =IF(ING!C6=0," ",ING!C6) -> 60 | D10: =IF(ING!D6=0," ",ING!D6) | E10: =IF(ING!E6=0," ",ING!E6) | F10: =IF(ING!F6=0," ",ING!F6) -> 20
B11: C SOCIALES | C11: =IF('C.SOC'!C6=0," ",'C.SOC'!C6) -> 73 | D11: =IF('C.SOC'!D6=0," ",'C.SOC'!D6) | E11: =IF('C.SOC'!E6=0," ",'C.SOC'!E6) | F11: =IF('C.SOC'!F6=0," ",'C.SOC'!F6) -> 24
B12: ED. FÍSICA | C12: =IF('E. FIS.'!C6=0," ",'E. FIS.'!C6) -> 70 | D12: =IF('E. FIS.'!D6=0," ",'E. FIS.'!D6) | E12: =IF('E. FIS.'!E6=0," ",'E. FIS.'!E6) | F12: =IF('E. FIS.'!F6=0," ",'E. FIS.'!F6) -> 23
B13: MÚSICA | C13: =IF(MUS.!C6=0," ",MUS.!C6) -> 94 | D13: =IF(MUS.!D6=0," ",MUS.!D6) | E13: =IF(MUS.!E6=0," ",MUS.!E6) | F13: =IF(MUS.!F6=0," ",MUS.!F6) -> 31
B14: ARTES PLASTICAS | C14: =IF('A.PL. '!C6=0," ",'A.PL. '!C6) -> 71 | D14: =IF('A.PL. '!D6=0," ",'A.PL. '!D6) | E14: =IF('A.PL. '!E6=0," ",'A.PL. '!E6) | F14: =IF('A.PL. '!F6=0," ",'A.PL. '!F6) -> 24
A15: CIENCIA TEC Y PRODUCCIÓN | B15: MATEMÁTICAS | C15: =IF(MAT!C6=0," ",MAT!C6) -> 64 | D15: =IF(MAT!D6=0," ",MAT!D6) | E15: =IF(MAT!E6=0," ",MAT!E6) | F15: =IF(MAT!F6=0," ",MAT!F6) -> 21
B16: T. TEC. GENERAL | C16: =IF('T. TEC. GRAL'!C6=0," ",'T. TEC. GRAL'!C6) -> 66 | D16: =IF('T. TEC. GRAL'!D6=0," ",'T. TEC. GRAL'!D6) | E16: =IF('T. TEC. GRAL'!E6=0," ",'T. TEC. GRAL'!E6) | F16: =IF('T. TEC. GRAL'!F6=0," ",'T. TEC. GRAL'!F6) -> 22
A17: VIDA TIERRA Y TERRITORIO | B17: BIOL. -GEOGRAFÍA | C17: =IF('BIO-GEO'!C6=0," ",'BIO-GEO'!C6) -> 77 | D17: =IF('BIO-GEO'!D6=0," ",'BIO-GEO'!D6) | E17: =IF('BIO-GEO'!E6=0," ",'BIO-GEO'!E6) | F17: =IF('BIO-GEO'!F6=0," ",'BIO-GEO'!F6) -> 26
A18: COSMOS Y PENSAMIENTO | B18: PSICOLOGÍA | C18: =IF(PSI!C6=0," ",PSI!C6) -> 74 | D18: =IF(PSI!D6=0," ",PSI!D6) | E18: =IF(PSI!E6=0," ",PSI!E6) | F18: =IF(PSI!F6=0," ",PSI!F6) -> 25
B19: RELIGIONES | C19: =IF('REL.'!C6=0," ",'REL.'!C6) -> 64.666667 | D19: =IF('REL.'!D6=0," ",'REL.'!D6) | E19: =IF('REL.'!E6=0," ",'REL.'!E6) | F19: =IF('REL.'!F6=0," ",'REL.'!F6) -> 22
C23: BOLETIN DE NOTAS
A24: =$A$3 -> U. E. ABAROA B | F24: =NOMINA!$D$2 -> GESTION: 2026
A25: =NOMINA!$B$2 -> CURSO 2A | C25: =NOMINA!B7 -> ALIAGA SAAVEDRA MARCU MAURICIO
A26: =NOMINA!A7 -> 2 | C26: GENERO | D26: FECHA DE NACIMIENTO | F26: C. I.
C27: =NOMINA!C7 -> 0 | D27: =NOMINA!D7 -> 0 | F27: =NOMINA!F7 -> 0
A28: Campos de saberes | B28: Areas curriculares | C28: 1er.TRIM | D28: 2do. TRIM. | E28: 3er. TRIM. | F28: PROM. ANUAL
C29: CUANT. | D29: CUANT. | E29: CUANT. | F29: CUANT.
A30: COMUNIDAD Y SOCIEDAD | B30: LENGUAJE | C30: =IF(LEN!C7=0," ",LEN!C7) -> 53 | D30: =IF(LEN!D7=0," ",LEN!D7) | E30: =IF(LEN!E7=0," ",LEN!E7) | F30: =IF(LEN!F7=0," ",LEN!F7) -> 18
B31: INGLES | C31: =IF(ING!C7=0," ",ING!C7) -> 66 | D31: =IF(ING!D7=0," ",ING!D7) | E31: =IF(ING!E7=0," ",ING!E7) | F31: =IF(ING!F7=0," ",ING!F7) -> 22
B32: C SOCIALES | C32: =IF('C.SOC'!C7=0," ",'C.SOC'!C7) -> 58 | D32: =IF('C.SOC'!D7=0," ",'C.SOC'!D7) | E32: =IF('C.SOC'!E7=0," ",'C.SOC'!E7) | F32: =IF('C.SOC'!F7=0," ",'C.SOC'!F7) -> 19
B33: ED. FÍSICA | C33: =IF('E. FIS.'!C7=0," ",'E. FIS.'!C7) -> 54 | D33: =IF('E. FIS.'!D7=0," ",'E. FIS.'!D7) | E33: =IF('E. FIS.'!E7=0," ",'E. FIS.'!E7) | F33: =IF('E. FIS.'!F7=0," ",'E. FIS.'!F7) -> 18
B34: MÚSICA | C34: =IF(MUS.!C7=0," ",MUS.!C7) -> 87 | D34: =IF(MUS.!D7=0," ",MUS.!D7) | E34: =IF(MUS.!E7=0," ",MUS.!E7) | F34: =IF(MUS.!F7=0," ",MUS.!F7) -> 29
B35: ARTES PLASTICAS | C35: =IF('A.PL. '!C7=0," ",'A.PL. '!C7) -> 55 | D35: =IF('A.PL. '!D7=0," ",'A.PL. '!D7) | E35: =IF('A.PL. '!E7=0," ",'A.PL. '!E7) | F35: =IF('A.PL. '!F7=0," ",'A.PL. '!F7) -> 18
A36: CIENCIA TEC Y PRODUCCIÓN | B36: MATEMÁTICAS | C36: =IF(MAT!C7=0," ",MAT!C7) -> 59 | D36: =IF(MAT!D7=0," ",MAT!D7) | E36: =IF(MAT!E7=0," ",MAT!E7) | F36: =IF(MAT!F7=0," ",MAT!F7) -> 20
B37: T. TEC. GENERAL | C37: =IF('T. TEC. GRAL'!C7=0," ",'T. TEC. GRAL'!C7) -> 63 | D37: =IF('T. TEC. GRAL'!D7=0," ",'T. TEC. GRAL'!D7) | E37: =IF('T. TEC. GRAL'!E7=0," ",'T. TEC. GRAL'!E7) | F37: =IF('T. TEC. GRAL'!F7=0," ",'T. TEC. GRAL'!F7) -> 21
A38: VIDA TIERRA Y TERRITORIO | B38: BIOL. -GEOGRAFÍA | C38: =IF('BIO-GEO'!C7=0," ",'BIO-GEO'!C7) -> 74 | D38: =IF('BIO-GEO'!D7=0," ",'BIO-GEO'!D7) | E38: =IF('BIO-GEO'!E7=0," ",'BIO-GEO'!E7) | F38: =IF('BIO-GEO'!F7=0," ",'BIO-GEO'!F7) -> 25
A39: COSMOS Y PENSAMIENTO | B39: PSICOLOGÍA | C39: =IF(PSI!C7=0," ",PSI!C7) -> 80 | D39: =IF(PSI!D7=0," ",PSI!D7) | E39: =IF(PSI!E7=0," ",PSI!E7) | F39: =IF(PSI!F7=0," ",PSI!F7) -> 27
B40: RELIGIONES | C40: =IF('REL.'!C7=0," ",'REL.'!C7) -> 62.416667 | D40: =IF('REL.'!D7=0," ",'REL.'!D7) | E40: =IF('REL.'!E7=0," ",'REL.'!E7) | F40: =IF('REL.'!F7=0," ",'REL.'!F7) -> 21
C42: BOLETIN DE NOTAS
A43: =$A$3 -> U. E. ABAROA B | F43: =NOMINA!$D$2 -> GESTION: 2026
A44: =NOMINA!$B$2 -> CURSO 2A | C44: =NOMINA!B8 -> ANTEZANA CACHI JOSE MAXWEL
A45: =NOMINA!A8 -> 3 | C45: GENERO | D45: FECHA DE NACIMIENTO | F45: C. I.
C46: =NOMINA!C8 -> 0 | D46: =NOMINA!D8 -> 0 | F46: =NOMINA!F8 -> 0
A47: Campos de saberes | B47: Areas curriculares | C47: 1er.TRIM | D47: 2do. TRIM. | E47: 3er. TRIM. | F47: PROM. ANUAL
C48: CUANT. | D48: CUANT. | E48: CUANT. | F48: CUANT.
A49: COMUNIDAD Y SOCIEDAD | B49: LENGUAJE | C49: =IF(LEN!C8=0," ",LEN!C8) -> 65 | D49: =IF(LEN!D8=0," ",LEN!D8) | E49: =IF(LEN!E8=0," ",LEN!E8) | F49: =IF(LEN!F8=0," ",LEN!F8) -> 22
B50: INGLES | C50: =IF(ING!C8=0," ",ING!C8) -> 81 | D50: =IF(ING!D8=0," ",ING!D8) | E50: =IF(ING!E8=0," ",ING!E8) | F50: =IF(ING!F8=0," ",ING!F8) -> 27
B51: C SOCIALES | C51: =IF('C.SOC'!C8=0," ",'C.SOC'!C8) -> 74 | D51: =IF('C.SOC'!D8=0," ",'C.SOC'!D8) | E51: =IF('C.SOC'!E8=0," ",'C.SOC'!E8) | F51: =IF('C.SOC'!F8=0," ",'C.SOC'!F8) -> 25
B52: ED. FÍSICA | C52: =IF('E. FIS.'!C8=0," ",'E. FIS.'!C8) -> 63 | D52: =IF('E. FIS.'!D8=0," ",'E. FIS.'!D8) | E52: =IF('E. FIS.'!E8=0," ",'E. FIS.'!E8) | F52: =IF('E. FIS.'!F8=0," ",'E. FIS.'!F8) -> 21
B53: MÚSICA | C53: =IF(MUS.!C8=0," ",MUS.!C8) -> 96 | D53: =IF(MUS.!D8=0," ",MUS.!D8) | E53: =IF(MUS.!E8=0," ",MUS.!E8) | F53: =IF(MUS.!F8=0," ",MUS.!F8) -> 32
B54: ARTES PLASTICAS | C54: =IF('A.PL. '!C8=0," ",'A.PL. '!C8) -> 59 | D54: =IF('A.PL. '!D8=0," ",'A.PL. '!D8) | E54: =IF('A.PL. '!E8=0," ",'A.PL. '!E8) | F54: =IF('A.PL. '!F8=0," ",'A.PL. '!F8) -> 20
A55: CIENCIA TEC Y PRODUCCIÓN | B55: MATEMÁTICAS | C55: =IF(MAT!C8=0," ",MAT!C8) -> 91 | D55: =IF(MAT!D8=0," ",MAT!D8) | E55: =IF(MAT!E8=0," ",MAT!E8) | F55: =IF(MAT!F8=0," ",MAT!F8) -> 30
B56: T. TEC. GENERAL | C56: =IF('T. TEC. GRAL'!C8=0," ",'T. TEC. GRAL'!C8) -> 65 | D56: =IF('T. TEC. GRAL'!D8=0," ",'T. TEC. GRAL'!D8) | E56: =IF('T. TEC. GRAL'!E8=0," ",'T. TEC. GRAL'!E8) | F56: =IF('T. TEC. GRAL'!F8=0," ",'T. TEC. GRAL'!F8) -> 22
A57: VIDA TIERRA Y TERRITORIO | B57: BIOL. -GEOGRAFÍA | C57: =IF('BIO-GEO'!C8=0," ",'BIO-GEO'!C8) -> 75 | D57: =IF('BIO-GEO'!D8=0," ",'BIO-GEO'!D8) | E57: =IF('BIO-GEO'!E8=0," ",'BIO-GEO'!E8) | F57: =IF('BIO-GEO'!F8=0," ",'BIO-GEO'!F8) -> 25
A58: COSMOS Y PENSAMIENTO | B58: PSICOLOGÍA | C58: =IF(PSI!C8=0," ",PSI!C8) -> 85 | D58: =IF(PSI!D8=0," ",PSI!D8) | E58: =IF(PSI!E8=0," ",PSI!E8) | F58: =IF(PSI!F8=0," ",PSI!F8) -> 28
B59: RELIGIONES | C59: =IF('REL.'!C8=0," ",'REL.'!C8) -> 70.333333 | D59: =IF('REL.'!D8=0," ",'REL.'!D8) | E59: =IF('REL.'!E8=0," ",'REL.'!E8) | F59: =IF('REL.'!F8=0," ",'REL.'!F8) -> 23
C63: BOLETIN DE NOTAS
A64: =$A$3 -> U. E. ABAROA B | F64: =NOMINA!$D$2 -> GESTION: 2026
A65: =NOMINA!$B$2 -> CURSO 2A | C65: =NOMINA!B9 -> ARIZACA SALGUERO SANTIAGO
A66: =NOMINA!A9 -> 4 | C66: GENERO | D66: FECHA DE NACIMIENTO | F66: C. I.
C67: =NOMINA!C9 -> 0 | D67: =NOMINA!D9 -> 0 | F67: =NOMINA!F9 -> 0
A68: Campos de saberes | B68: Areas curriculares | C68: 1er.TRIM | D68: 2do. TRIM. | E68: 3er. TRIM. | F68: PROM. ANUAL
C69: CUANT. | D69: CUANT. | E69: CUANT. | F69: CUANT.
A70: COMUNIDAD Y SOCIEDAD | B70: LENGUAJE | C70: =IF(LEN!C9=0," ",LEN!C9) -> 46 | D70: =IF(LEN!D9=0," ",LEN!D9) | E70: =IF(LEN!E9=0," ",LEN!E9) | F70: =IF(LEN!F9=0," ",LEN!F9) -> 15
B71: INGLES | C71: =IF(ING!C9=0," ",ING!C9) -> 48 | D71: =IF(ING!D9=0," ",ING!D9) | E71: =IF(ING!E9=0," ",ING!E9) | F71: =IF(ING!F9=0," ",ING!F9) -> 16
B72: C SOCIALES | C72: =IF('C.SOC'!C9=0," ",'C.SOC'!C9) -> 63 | D72: =IF('C.SOC'!D9=0," ",'C.SOC'!D9) | E72: =IF('C.SOC'!E9=0," ",'C.SOC'!E9) | F72: =IF('C.SOC'!F9=0," ",'C.SOC'!F9) -> 21
B73: ED. FÍSICA | C73: =IF('E. FIS.'!C9=0," ",'E. FIS.'!C9) -> 76 | D73: =IF('E. FIS.'!D9=0," ",'E. FIS.'!D9) | E73: =IF('E. FIS.'!E9=0," ",'E. FIS.'!E9) | F73: =IF('E. FIS.'!F9=0," ",'E. FIS.'!F9) -> 25
B74: MÚSICA | C74: =IF(MUS.!C9=0," ",MUS.!C9) -> 70 | D74: =IF(MUS.!D9=0," ",MUS.!D9) | E74: =IF(MUS.!E9=0," ",MUS.!E9) | F74: =IF(MUS.!F9=0," ",MUS.!F9) -> 23
B75: ARTES PLASTICAS | C75: =IF('A.PL. '!C9=0," ",'A.PL. '!C9) -> 63 | D75: =IF('A.PL. '!D9=0," ",'A.PL. '!D9) | E75: =IF('A.PL. '!E9=0," ",'A.PL. '!E9) | F75: =IF('A.PL. '!F9=0," ",'A.PL. '!F9) -> 21
A76: CIENCIA TEC Y PRODUCCIÓN | B76: MATEMÁTICAS | C76: =IF(MAT!C9=0," ",MAT!C9) -> 61 | D76: =IF(MAT!D9=0," ",MAT!D9) | E76: =IF(MAT!E9=0," ",MAT!E9) | F76: =IF(MAT!F9=0," ",MAT!F9) -> 20
B77: T. TEC. GENERAL | C77: =IF('T. TEC. GRAL'!C9=0," ",'T. TEC. GRAL'!C9) -> 68 | D77: =IF('T. TEC. GRAL'!D9=0," ",'T. TEC. GRAL'!D9) | E77: =IF('T. TEC. GRAL'!E9=0," ",'T. TEC. GRAL'!E9) | F77: =IF('T. TEC. GRAL'!F9=0," ",'T. TEC. GRAL'!F9) -> 23
A78: VIDA TIERRA Y TERRITORIO | B78: BIOL. -GEOGRAFÍA | C78: =IF('BIO-GEO'!C9=0," ",'BIO-GEO'!C9) -> 77 | D78: =IF('BIO-GEO'!D9=0," ",'BIO-GEO'!D9) | E78: =IF('BIO-GEO'!E9=0," ",'BIO-GEO'!E9) | F78: =IF('BIO-GEO'!F9=0," ",'BIO-GEO'!F9) -> 26
A79: COSMOS Y PENSAMIENTO | B79: PSICOLOGÍA | C79: =IF(PSI!C9=0," ",PSI!C9) -> 51 | D79: =IF(PSI!D9=0," ",PSI!D9) | E79: =IF(PSI!E9=0," ",PSI!E9) | F79: =IF(PSI!F9=0," ",PSI!F9) -> 17
B80: RELIGIONES | C80: =IF('REL.'!C9=0," ",'REL.'!C9) -> 51.75 | D80: =IF('REL.'!D9=0," ",'REL.'!D9) | E80: =IF('REL.'!E9=0," ",'REL.'!E9) | F80: =IF('REL.'!F9=0," ",'REL.'!F9) -> 17
C82: BOLETIN DE NOTAS
A83: =$A$3 -> U. E. ABAROA B | F83: =NOMINA!$D$2 -> GESTION: 2026
A84: =NOMINA!$B$2 -> CURSO 2A | C84: =NOMINA!B10 -> BAUTISTA GARCIA ALISON LUCIANA
A85: =NOMINA!A10 -> 5 | C85: GENERO | D85: FECHA DE NACIMIENTO | F85: C. I.
C86: =NOMINA!C10 -> 0 | D86: =NOMINA!D10 -> 0 | F86: =NOMINA!F10 -> 0
A87: Campos de saberes | B87: Areas curriculares | C87: 1er.TRIM | D87: 2do. TRIM. | E87: 3er. TRIM. | F87: PROM. ANUAL
C88: CUANT. | D88: CUANT. | E88: CUANT. | F88: CUANT.
A89: COMUNIDAD Y SOCIEDAD | B89: LENGUAJE | C89: =IF(LEN!C10=0," ",LEN!C10) -> 52 | D89: =IF(LEN!D10=0," ",LEN!D10) | E89: =IF(LEN!E10=0," ",LEN!E10) | F89: =IF(LEN!F10=0," ",LEN!F10) -> 17
B90: INGLES | C90: =IF(ING!C10=0," ",ING!C10) -> 57 | D90: =IF(ING!D10=0," ",ING!D10) | E90: =IF(ING!E10=0," ",ING!E10) | F90: =IF(ING!F10=0," ",ING!F10) -> 19
B91: C SOCIALES | C91: =IF('C.SOC'!C10=0," ",'C.SOC'!C10) -> 51 | D91: =IF('C.SOC'!D10=0," ",'C.SOC'!D10) | E91: =IF('C.SOC'!E10=0," ",'C.SOC'!E10) | F91: =IF('C.SOC'!F10=0," ",'C.SOC'!F10) -> 17
B92: ED. FÍSICA | C92: =IF('E. FIS.'!C10=0," ",'E. FIS.'!C10) -> 67 | D92: =IF('E. FIS.'!D10=0," ",'E. FIS.'!D10) | E92: =IF('E. FIS.'!E10=0," ",'E. FIS.'!E10) | F92: =IF('E. FIS.'!F10=0," ",'E. FIS.'!F10) -> 22
B93: MÚSICA | C93: =IF(MUS.!C10=0," ",MUS.!C10) -> 76 | D93: =IF(MUS.!D10=0," ",MUS.!D10) | E93: =IF(MUS.!E10=0," ",MUS.!E10) | F93: =IF(MUS.!F10=0," ",MUS.!F10) -> 25
B94: ARTES PLASTICAS | C94: =IF('A.PL. '!C10=0," ",'A.PL. '!C10) -> 71 | D94: =IF('A.PL. '!D10=0," ",'A.PL. '!D10) | E94: =IF('A.PL. '!E10=0," ",'A.PL. '!E10) | F94: =IF('A.PL. '!F10=0," ",'A.PL. '!F10) -> 24
A95: CIENCIA TEC Y PRODUCCIÓN | B95: MATEMÁTICAS | C95: =IF(MAT!C10=0," ",MAT!C10) -> 58 | D95: =IF(MAT!D10=0," ",MAT!D10) | E95: =IF(MAT!E10=0," ",MAT!E10) | F95: =IF(MAT!F10=0," ",MAT!F10) -> 19
B96: T. TEC. GENERAL | C96: =IF('T. TEC. GRAL'!C10=0," ",'T. TEC. GRAL'!C10) -> 71 | D96: =IF('T. TEC. GRAL'!D10=0," ",'T. TEC. GRAL'!D10) | E96: =IF('T. TEC. GRAL'!E10=0," ",'T. TEC. GRAL'!E10) | F96: =IF('T. TEC. GRAL'!F10=0," ",'T. TEC. GRAL'!F10) -> 24
A97: VIDA TIERRA Y TERRITORIO | B97: BIOL. -GEOGRAFÍA | C97: =IF('BIO-GEO'!C10=0," ",'BIO-GEO'!C10) -> 70 | D97: =IF('BIO-GEO'!D10=0," ",'BIO-GEO'!D10) | E97: =IF('BIO-GEO'!E10=0," ",'BIO-GEO'!E10) | F97: =IF('BIO-GEO'!F10=0," ",'BIO-GEO'!F10) -> 23
A98: COSMOS Y PENSAMIENTO | B98: PSICOLOGÍA | C98: =IF(PSI!C10=0," ",PSI!C10) -> 66 | D98: =IF(PSI!D10=0," ",PSI!D10) | E98: =IF(PSI!E10=0," ",PSI!E10) | F98: =IF(PSI!F10=0," ",PSI!F10) -> 22
B99: RELIGIONES | C99: =IF('REL.'!C10=0," ",'REL.'!C10) -> 78.833333 | D99: =IF('REL.'!D10=0," ",'REL.'!D10) | E99: =IF('REL.'!E10=0," ",'REL.'!E10) | F99: =IF('REL.'!F10=0," ",'REL.'!F10) -> 26
C103: BOLETIN DE NOTAS
A104: =$A$3 -> U. E. ABAROA B | F104: =NOMINA!$D$2 -> GESTION: 2026
A105: =NOMINA!$B$2 -> CURSO 2A | C105: =NOMINA!B11 -> BOLIVAR REVOLLO NIVARDO ADOLFO
A106: =NOMINA!A11 -> 6 | C106: GENERO | D106: FECHA DE NACIMIENTO | F106: C. I.
C107: =NOMINA!C11 -> 0 | D107: =NOMINA!D11 -> 0 | F107: =NOMINA!F11 -> 0
A108: Campos de saberes | B108: Areas curriculares | C108: 1er.TRIM | D108: 2do. TRIM. | E108: 3er. TRIM. | F108: PROM. ANUAL
C109: CUANT. | D109: CUANT. | E109: CUANT. | F109: CUANT.
A110: COMUNIDAD Y SOCIEDAD | B110: LENGUAJE | C110: =IF(LEN!C11=0," ",LEN!C11) -> 51 | D110: =IF(LEN!D11=0," ",LEN!D11) | E110: =IF(LEN!E11=0," ",LEN!E11) | F110: =IF(LEN!F11=0," ",LEN!F11) -> 17
B111: INGLES | C111: =IF(ING!C11=0," ",ING!C11) -> 63 | D111: =IF(ING!D11=0," ",ING!D11) | E111: =IF(ING!E11=0," ",ING!E11) | F111: =IF(ING!F11=0," ",ING!F11) -> 21
B112: C SOCIALES | C112: =IF('C.SOC'!C11=0," ",'C.SOC'!C11) -> 43 | D112: =IF('C.SOC'!D11=0," ",'C.SOC'!D11) | E112: =IF('C.SOC'!E11=0," ",'C.SOC'!E11) | F112: =IF('C.SOC'!F11=0," ",'C.SOC'!F11) -> 14
...

Sheet PROM.
C1: =NOMINA!B2 -> CURSO 2A | D1: =NOMINA!D2 -> GESTION: 2026
E2: =NOMINA!D3 -> ,
B3: =NOMINA!A4 -> Nº | C3: =NOMINA!B4 -> APELLIDOS Y NOMBRES | D3: PROMEDIO | I3: PROM 1° Y 2° trim.
D4: 1erTrim. | E4: 2doTrim. | F4: 3er Trim. | G4: P.ANUAL
B5: =NOMINA!A6 -> 1 | C5: =NOMINA!B6 -> ABREU MARRERO LIZ DANIELA | D5: =GRAL.!AL5 -> 69.787879 | E5: =GRAL.!AM5 -> 0 | F5: =GRAL.!AN5 -> 0 | G5: =AVERAGE(D5:F5) -> 23.262626 | I5: =AVERAGE(D5:E5) -> 34.893939
B6: =NOMINA!A7 -> 2 | C6: =NOMINA!B7 -> ALIAGA SAAVEDRA MARCU MAURICIO | D6: =GRAL.!AL6 -> 64.674242 | E6: =GRAL.!AM6 -> 0 | F6: =GRAL.!AN6 -> 0 | G6: =AVERAGE(D6:F6) -> 21.558081 | I6: =AVERAGE(D6:E6) -> 32.337121
B7: =NOMINA!A8 -> 3 | C7: =NOMINA!B8 -> ANTEZANA CACHI JOSE MAXWEL | D7: =GRAL.!AL7 -> 74.939394 | E7: =GRAL.!AM7 -> 0 | F7: =GRAL.!AN7 -> 0 | G7: =AVERAGE(D7:F7) -> 24.979798 | I7: =AVERAGE(D7:E7) -> 37.469697
B8: =NOMINA!A9 -> 4 | C8: =NOMINA!B9 -> ARIZACA SALGUERO SANTIAGO | D8: =GRAL.!AL8 -> 61.340909 | E8: =GRAL.!AM8 -> 0 | F8: =GRAL.!AN8 -> 0 | G8: =AVERAGE(D8:F8) -> 20.44697 | I8: =AVERAGE(D8:E8) -> 30.670455
B9: =NOMINA!A10 -> 5 | C9: =NOMINA!B10 -> BAUTISTA GARCIA ALISON LUCIANA | D9: =GRAL.!AL9 -> 65.257576 | E9: =GRAL.!AM9 -> 0 | F9: =GRAL.!AN9 -> 0 | G9: =AVERAGE(D9:F9) -> 21.752525 | I9: =AVERAGE(D9:E9) -> 32.628788
B10: =NOMINA!A11 -> 6 | C10: =NOMINA!B11 -> BOLIVAR REVOLLO NIVARDO ADOLFO | D10: =GRAL.!AL10 -> 59.560606 | E10: =GRAL.!AM10 -> 0 | F10: =GRAL.!AN10 -> 0 | G10: =AVERAGE(D10:F10) -> 19.853535 | I10: =AVERAGE(D10:E10) -> 29.780303
B11: =NOMINA!A12 -> 7 | C11: =NOMINA!B12 -> CADIMA SOLIZ NICOLAS | D11: =GRAL.!AL11 -> 57.287879 | E11: =GRAL.!AM11 -> 0 | F11: =GRAL.!AN11 -> 0 | G11: =AVERAGE(D11:F11) -> 19.09596 | I11: =AVERAGE(D11:E11) -> 28.643939
B12: =NOMINA!A13 -> 8 | C12: =NOMINA!B13 -> CALLE PEREZ ANDREA BELEN | D12: =GRAL.!AL12 -> 79.787879 | E12: =GRAL.!AM12 -> 0 | F12: =GRAL.!AN12 -> 0 | G12: =AVERAGE(D12:F12) -> 26.59596 | I12: =AVERAGE(D12:E12) -> 39.893939
B13: =NOMINA!A14 -> 9 | C13: =NOMINA!B14 -> CHAVEZ AMURRIO SEBASTIAN FABIAN | D13: =GRAL.!AL13 -> 48.75 | E13: =GRAL.!AM13 -> 0 | F13: =GRAL.!AN13 -> 0 | G13: =AVERAGE(D13:F13) -> 16.25 | I13: =AVERAGE(D13:E13) -> 24.375
B14: =NOMINA!A15 -> 10 | C14: =NOMINA!B15 -> CHOQUE ARISPE YURIANA LUCIA | D14: =GRAL.!AL14 -> 58.977273 | E14: =GRAL.!AM14 -> 0 | F14: =GRAL.!AN14 -> 0 | G14: =AVERAGE(D14:F14) -> 19.659091 | I14: =AVERAGE(D14:E14) -> 29.488636
B15: =NOMINA!A16 -> 11 | C15: =NOMINA!B16 -> CHOQUE PERALTA JHOEL ELIAZAR | D15: =GRAL.!AL15 -> 79.984848 | E15: =GRAL.!AM15 -> 0 | F15: =GRAL.!AN15 -> 0 | G15: =AVERAGE(D15:F15) -> 26.661616 | I15: =AVERAGE(D15:E15) -> 39.992424
B16: =NOMINA!A17 -> 12 | C16: =NOMINA!B17 -> COPA RIVERO MARCIA MARCELA | D16: =GRAL.!AL16 -> 60.060606 | E16: =GRAL.!AM16 -> 0 | F16: =GRAL.!AN16 -> 0 | G16: =AVERAGE(D16:F16) -> 20.020202 | I16: =AVERAGE(D16:E16) -> 30.030303
... B49: =NOMINA!A50 -> 45 | C49: =NOMINA!B50 -> 0 | D49: =GRAL.!AL49 -> 0 | E49: =GRAL.!AM49 -> 0 | F49: =GRAL.!AN49 -> 0 | G49: =AVERAGE(D49:F49) -> 0 | I49: =AVERAGE(D49:E49) -> 0

Sheet GRAL.
F1: CENTRALIZADOR TRIMESTRAL
B2: =NOMINA!$B$2 -> CURSO 2A | C2: LEN | F2: ING | I2: C. SOC. | L2: E. FIS. | O2: MUS | R2: A. PL. | U2: MAT | X2: T.TEC.GRAL. | AA2: BIO -GEO | AD2: PSI | AG2: REL | AL2: Promedio
C3: 1er Trim. | D3: 2do Trim. | E3: 3er Trim. | F3: 1er Trim. | G3: 2do Trim. | H3: 3er Trim. | I3: 1er Trim. | J3: 2do Trim. | K3: 3er Trim. | L3: 1er Trim. | M3: 2do Trim. | N3: 3er Trim. | O3: 1er Trim. | P3: 2do Trim. | Q3: 3er Trim. | R3: 1er Trim. | S3: 2do Trim. | T3: 3er Trim. | U3: 1er Trim. | V3: 2do Trim. | W3: 3er Trim. | X3: 1er Trim. | Y3: 2do Trim. | Z3: 3er Trim. | AA3: 1er Trim. | AB3: 2do Trim. | AC3: 3er Trim. | AD3: 1er Trim. | AE3: 2do Trim. | AF3: 3er Trim. | AG3: 1er Trim. | AH3: 2do Trim. | AI3: 3er Trim. | AL3: 1er Trim. | AM3: 2do Trim. | AN3: 3er Trim.
B4: NOMINA
A5: =NOMINA!A6 -> 1 | B5: =NOMINA!B6 -> ABREU MARRERO LIZ DANIELA | C5: =IF(LEN!C6=0," ",LEN!C6) -> 54 | D5: =IF(LEN!D6=0," ",LEN!D6) | E5: =IF(LEN!E6=0," ",LEN!E6) | F5: =IF(ING!C6=0," ",ING!C6) -> 60 | G5: =IF(ING!D6=0," ",ING!D6) | H5: =IF(ING!E6=0," ",ING!E6) | I5: =IF('C.SOC'!C6=0," ",'C.SOC'!C6) -> 73 | J5: =IF('C.SOC'!D6=0," ",'C.SOC'!D6) | K5: =IF('C.SOC'!E6=0," ",'C.SOC'!E6) | L5: =IF('E. FIS.'!C6=0," ",'E. FIS.'!C6) -> 70 | M5: =IF('E. FIS.'!D6=0," ",'E. FIS.'!D6) | N5: =IF('E. FIS.'!E6=0," ",'E. FIS.'!E6) | O5: =IF(MUS.!C6=0," ",MUS.!C6) -> 94 | P5: =IF(MUS.!D6=0," ",MUS.!D6) | Q5: =IF(MUS.!E6=0," ",MUS.!E6) | R5: =IF('A.PL. '!C6=0," ",'A.PL. '!C6) -> 71 | S5: =IF('A.PL. '!D6=0," ",'A.PL. '!D6) | T5: =IF('A.PL. '!E6=0," ",'A.PL. '!E6) | U5: =IF(MAT!C6=0," ",MAT!C6) -> 64 | V5: =IF(MAT!D6=0," ",MAT!D6) | W5: =IF(MAT!E6=0," ",MAT!E6) | X5: =IF('T. TEC. GRAL'!C6=0," ",'T. TEC. GRAL'!C6) -> 66 | Y5: =IF('T. TEC. GRAL'!D6=0," ",'T. TEC. GRAL'!D6) | Z5: =IF('T. TEC. GRAL'!E6=0," ",'T. TEC. GRAL'!E6) | AA5: =IF('BIO-GEO'!C6=0," ",'BIO-GEO'!C6) -> 77 | AB5: =IF('BIO-GEO'!D6=0," ",'BIO-GEO'!D6) | AC5: =IF('BIO-GEO'!E6=0," ",'BIO-GEO'!E6) | AD5: =IF(PSI!C6=0," ",PSI!C6) -> 74 | AE5: =IF(PSI!D6=0," ",PSI!D6) | AF5: =IF(PSI!E6=0," ",PSI!E6) | AG5: =IF('REL.'!C6=0," ",'REL.'!C6) -> 64.666667 | AH5: =IF('REL.'!D6=0," ",'REL.'!D6) | AI5: =IF('REL.'!E6=0," ",'REL.'!E6) | AL5: =IFERROR(AVERAGE(C5,F5,I5,L5,O5,R5,U5,X5,AA5,AD5,AG5),0) -> 69.787879 | AM5: =IFERROR(AVERAGE(D5,G5,J5,M5,P5,S5,V5,Y5,AB5,AE5,AH5),0) -> 0 | AN5: =IFERROR(AVERAGE(E5,H5,K5,N5,Q5,T5,W5,Z5,AC5,AF5,AI5),0) -> 0
A6: =NOMINA!A7 -> 2 | B6: =NOMINA!B7 -> ALIAGA SAAVEDRA MARCU MAURICIO | C6: =IF(LEN!C7=0," ",LEN!C7) -> 53 | D6: =IF(LEN!D7=0," ",LEN!D7) | E6: =IF(LEN!E7=0," ",LEN!E7) | F6: =IF(ING!C7=0," ",ING!C7) -> 66 | G6: =IF(ING!D7=0," ",ING!D7) | H6: =IF(ING!E7=0," ",ING!E7) | I6: =IF('C.SOC'!C7=0," ",'C.SOC'!C7) -> 58 | J6: =IF('C.SOC'!D7=0," ",'C.SOC'!D7) | K6: =IF('C.SOC'!E7=0," ",'C.SOC'!E7) | L6: =IF('E. FIS.'!C7=0," ",'E. FIS.'!C7) -> 54 | M6: =IF('E. FIS.'!D7=0," ",'E. FIS.'!D7) | N6: =IF('E. FIS.'!E7=0," ",'E. FIS.'!E7) | O6: =IF(MUS.!C7=0," ",MUS.!C7) -> 87 | P6: =IF(MUS.!D7=0," ",MUS.!D7) | Q6: =IF(MUS.!E7=0," ",MUS.!E7) | R6: =IF('A.PL. '!C7=0," ",'A.PL. '!C7) -> 55 | S6: =IF('A.PL. '!D7=0," ",'A.PL. '!D7) | T6: =IF('A.PL. '!E7=0," ",'A.PL. '!E7) | U6: =IF(MAT!C7=0," ",MAT!C7) -> 59 | V6: =IF(MAT!D7=0," ",MAT!D7) | W6: =IF(MAT!E7=0," ",MAT!E7) | X6: =IF('T. TEC. GRAL'!C7=0," ",'T. TEC. GRAL'!C7) -> 63 | Y6: =IF('T. TEC. GRAL'!D7=0," ",'T. TEC. GRAL'!D7) | Z6: =IF('T. TEC. GRAL'!E7=0," ",'T. TEC. GRAL'!E7) | AA6: =IF('BIO-GEO'!C7=0," ",'BIO-GEO'!C7) -> 74 | AB6: =IF('BIO-GEO'!D7=0," ",'BIO-GEO'!D7) | AC6: =IF('BIO-GEO'!E7=0," ",'BIO-GEO'!E7) | AD6: =IF(PSI!C7=0," ",PSI!C7) -> 80 | AE6: =IF(PSI!D7=0," ",PSI!D7) | AF6: =IF(PSI!E7=0," ",PSI!E7) | AG6: =IF('REL.'!C7=0," ",'REL.'!C7) -> 62.416667 | AH6: =IF('REL.'!D7=0," ",'REL.'!D7) | AI6: =IF('REL.'!E7=0," ",'REL.'!E7) | AL6: =IFERROR(AVERAGE(C6,F6,I6,L6,O6,R6,U6,X6,AA6,AD6,AG6),0) -> 64.674242 | AM6: =IFERROR(AVERAGE(D6,G6,J6,M6,P6,S6,V6,Y6,AB6,AE6,AH6),0) -> 0 | AN6: =IFERROR(AVERAGE(E6,H6,K6,N6,Q6,T6,W6,Z6,AC6,AF6,AI6),0) -> 0
A7: =NOMINA!A8 -> 3 | B7: =NOMINA!B8 -> ANTEZANA CACHI JOSE MAXWEL | C7: =IF(LEN!C8=0," ",LEN!C8) -> 65 | D7: =IF(LEN!D8=0," ",LEN!D8) | E7: =IF(LEN!E8=0," ",LEN!E8) | F7: =IF(ING!C8=0," ",ING!C8) -> 81 | G7: =IF(ING!D8=0," ",ING!D8) | H7: =IF(ING!E8=0," ",ING!E8) | I7: =IF('C.SOC'!C8=0," ",'C.SOC'!C8) -> 74 | J7: =IF('C.SOC'!D8=0," ",'C.SOC'!D8) | K7: =IF('C.SOC'!E8=0," ",'C.SOC'!E8) | L7: =IF('E. FIS.'!C8=0," ",'E. FIS.'!C8) -> 63 | M7: =IF('E. FIS.'!D8=0," ",'E. FIS.'!D8) | N7: =IF('E. FIS.'!E8=0," ",'E. FIS.'!E8) | O7: =IF(MUS.!C8=0," ",MUS.!C8) -> 96 | P7: =IF(MUS.!D8=0," ",MUS.!D8) | Q7: =IF(MUS.!E8=0," ",MUS.!E8) | R7: =IF('A.PL. '!C8=0," ",'A.PL. '!C8) -> 59 | S7: =IF('A.PL. '!D8=0," ",'A.PL. '!D8) | T7: =IF('A.PL. '!E8=0," ",'A.PL. '!E8) | U7: =IF(MAT!C8=0," ",MAT!C8) -> 91 | V7: =IF(MAT!D8=0," ",MAT!D8) | W7: =IF(MAT!E8=0," ",MAT!E8) | X7: =IF('T. TEC. GRAL'!C8=0," ",'T. TEC. GRAL'!C8) -> 65 | Y7: =IF('T. TEC. GRAL'!D8=0," ",'T. TEC. GRAL'!D8) | Z7: =IF('T. TEC. GRAL'!E8=0," ",'T. TEC. GRAL'!E8) | AA7: =IF('BIO-GEO'!C8=0," ",'BIO-GEO'!C8) -> 75 | AB7: =IF('BIO-GEO'!D8=0," ",'BIO-GEO'!D8) | AC7: =IF('BIO-GEO'!E8=0," ",'BIO-GEO'!E8) | AD7: =IF(PSI!C8=0," ",PSI!C8) -> 85 | AE7: =IF(PSI!D8=0," ",PSI!D8) | AF7: =IF(PSI!E8=0," ",PSI!E8) | AG7: =IF('REL.'!C8=0," ",'REL.'!C8) -> 70.333333 | AH7: =IF('REL.'!D8=0," ",'REL.'!D8) | AI7: =IF('REL.'!E8=0," ",'REL.'!E8) | AL7: =IFERROR(AVERAGE(C7,F7,I7,L7,O7,R7,U7,X7,AA7,AD7,AG7),0) -> 74.939394 | AM7: =IFERROR(AVERAGE(D7,G7,J7,M7,P7,S7,V7,Y7,AB7,AE7,AH7),0) -> 0 | AN7: =IFERROR(AVERAGE(E7,H7,K7,N7,Q7,T7,W7,Z7,AC7,AF7,AI7),0) -> 0
A8: =NOMINA!A9 -> 4 | B8: =NOMINA!B9 -> ARIZACA SALGUERO SANTIAGO | C8: =IF(LEN!C9=0," ",LEN!C9) -> 46 | D8: =IF(LEN!D9=0," ",LEN!D9) | E8: =IF(LEN!E9=0," ",LEN!E9) | F8: =IF(ING!C9=0," ",ING!C9) -> 48 | G8: =IF(ING!D9=0," ",ING!D9) | H8: =IF(ING!E9=0," ",ING!E9) | I8: =IF('C.SOC'!C9=0," ",'C.SOC'!C9) -> 63 | J8: =IF('C.SOC'!D9=0," ",'C.SOC'!D9) | K8: =IF('C.SOC'!E9=0," ",'C.SOC'!E9) | L8: =IF('E. FIS.'!C9=0," ",'E. FIS.'!C9) -> 76 | M8: =IF('E. FIS.'!D9=0," ",'E. FIS.'!D9) | N8: =IF('E. FIS.'!E9=0," ",'E. FIS.'!E9) | O8: =IF(MUS.!C9=0," ",MUS.!C9) -> 70 | P8: =IF(MUS.!D9=0," ",MUS.!D9) | Q8: =IF(MUS.!E9=0," ",MUS.!E9) | R8: =IF('A.PL. '!C9=0," ",'A.PL. '!C9) -> 63 | S8: =IF('A.PL. '!D9=0," ",'A.PL. '!D9) | T8: =IF('A.PL. '!E9=0," ",'A.PL. '!E9) | U8: =IF(MAT!C9=0," ",MAT!C9) -> 61 | V8: =IF(MAT!D9=0," ",MAT!D9) | W8: =IF(MAT!E9=0," ",MAT!E9) | X8: =IF('T. TEC. GRAL'!C9=0," ",'T. TEC. GRAL'!C9) -> 68 | Y8: =IF('T. TEC. GRAL'!D9=0," ",'T. TEC. GRAL'!D9) | Z8: =IF('T. TEC. GRAL'!E9=0," ",'T. TEC. GRAL'!E9) | AA8: =IF('BIO-GEO'!C9=0," ",'BIO-GEO'!C9) -> 77 | AB8: =IF('BIO-GEO'!D9=0," ",'BIO-GEO'!D9) | AC8: =IF('BIO-GEO'!E9=0," ",'BIO-GEO'!E9) | AD8: =IF(PSI!C9=0," ",PSI!C9) -> 51 | AE8: =IF(PSI!D9=0," ",PSI!D9) | AF8: =IF(PSI!E9=0," ",PSI!E9) | AG8: =IF('REL.'!C9=0," ",'REL.'!C9) -> 51.75 | AH8: =IF('REL.'!D9=0," ",'REL.'!D9) | AI8: =IF('REL.'!E9=0," ",'REL.'!E9) | AL8: =IFERROR(AVERAGE(C8,F8,I8,L8,O8,R8,U8,X8,AA8,AD8,AG8),0) -> 61.340909 | AM8: =IFERROR(AVERAGE(D8,G8,J8,M8,P8,S8,V8,Y8,AB8,AE8,AH8),0) -> 0 | AN8: =IFERROR(AVERAGE(E8,H8,K8,N8,Q8,T8,W8,Z8,AC8,AF8,AI8),0) -> 0
A9: =NOMINA!A10 -> 5 | B9: =NOMINA!B10 -> BAUTISTA GARCIA ALISON LUCIANA | C9: =IF(LEN!C10=0," ",LEN!C10) -> 52 | D9: =IF(LEN!D10=0," ",LEN!D10) | E9: =IF(LEN!E10=0," ",LEN!E10) | F9: =IF(ING!C10=0," ",ING!C10) -> 57 | G9: =IF(ING!D10=0," ",ING!D10) | H9: =IF(ING!E10=0," ",ING!E10) | I9: =IF('C.SOC'!C10=0," ",'C.SOC'!C10) -> 51 | J9: =IF('C.SOC'!D10=0," ",'C.SOC'!D10) | K9: =IF('C.SOC'!E10=0," ",'C.SOC'!E10) | L9: =IF('E. FIS.'!C10=0," ",'E. FIS.'!C10) -> 67 | M9: =IF('E. FIS.'!D10=0," ",'E. FIS.'!D10) | N9: =IF('E. FIS.'!E10=0," ",'E. FIS.'!E10) | O9: =IF(MUS.!C10=0," ",MUS.!C10) -> 76 | P9: =IF(MUS.!D10=0," ",MUS.!D10) | Q9: =IF(MUS.!E10=0," ",MUS.!E10) | R9: =IF('A.PL. '!C10=0," ",'A.PL. '!C10) -> 71 | S9: =IF('A.PL. '!D10=0," ",'A.PL. '!D10) | T9: =IF('A.PL. '!E10=0," ",'A.PL. '!E10) | U9: =IF(MAT!C10=0," ",MAT!C10) -> 58 | V9: =IF(MAT!D10=0," ",MAT!D10) | W9: =IF(MAT!E10=0," ",MAT!E10) | X9: =IF('T. TEC. GRAL'!C10=0," ",'T. TEC. GRAL'!C10) -> 71 | Y9: =IF('T. TEC. GRAL'!D10=0," ",'T. TEC. GRAL'!D10) | Z9: =IF('T. TEC. GRAL'!E10=0," ",'T. TEC. GRAL'!E10) | AA9: =IF('BIO-GEO'!C10=0," ",'BIO-GEO'!C10) -> 70 | AB9: =IF('BIO-GEO'!D10=0," ",'BIO-GEO'!D10) | AC9: =IF('BIO-GEO'!E10=0," ",'BIO-GEO'!E10) | AD9: =IF(PSI!C10=0," ",PSI!C10) -> 66 | AE9: =IF(PSI!D10=0," ",PSI!D10) | AF9: =IF(PSI!E10=0," ",PSI!E10) | AG9: =IF('REL.'!C10=0," ",'REL.'!C10) -> 78.833333 | AH9: =IF('REL.'!D10=0," ",'REL.'!D10) | AI9: =IF('REL.'!E10=0," ",'REL.'!E10) | AL9: =IFERROR(AVERAGE(C9,F9,I9,L9,O9,R9,U9,X9,AA9,AD9,AG9),0) -> 65.257576 | AM9: =IFERROR(AVERAGE(D9,G9,J9,M9,P9,S9,V9,Y9,AB9,AE9,AH9),0) -> 0 | AN9: =IFERROR(AVERAGE(E9,H9,K9,N9,Q9,T9,W9,Z9,AC9,AF9,AI9),0) -> 0
A10: =NOMINA!A11 -> 6 | B10: =NOMINA!B11 -> BOLIVAR REVOLLO NIVARDO ADOLFO | C10: =IF(LEN!C11=0," ",LEN!C11) -> 51 | D10: =IF(LEN!D11=0," ",LEN!D11) | E10: =IF(LEN!E11=0," ",LEN!E11) | F10: =IF(ING!C11=0," ",ING!C11) -> 63 | G10: =IF(ING!D11=0," ",ING!D11) | H10: =IF(ING!E11=0," ",ING!E11) | I10: =IF('C.SOC'!C11=0," ",'C.SOC'!C11) -> 43 | J10: =IF('C.SOC'!D11=0," ",'C.SOC'!D11) | K10: =IF('C.SOC'!E11=0," ",'C.SOC'!E11) | L10: =IF('E. FIS.'!C11=0," ",'E. FIS.'!C11) -> 59 | M10: =IF('E. FIS.'!D11=0," ",'E. FIS.'!D11) | N10: =IF('E. FIS.'!E11=0," ",'E. FIS.'!E11) | O10: =IF(MUS.!C11=0," ",MUS.!C11) -> 72 | P10: =IF(MUS.!D11=0," ",MUS.!D11) | Q10: =IF(MUS.!E11=0," ",MUS.!E11) | R10: =IF('A.PL. '!C11=0," ",'A.PL. '!C11) -> 53 | S10: =IF('A.PL. '!D11=0," ",'A.PL. '!D11) | T10: =IF('A.PL. '!E11=0," ",'A.PL. '!E11) | U10: =IF(MAT!C11=0," ",MAT!C11) -> 46 | V10: =IF(MAT!D11=0," ",MAT!D11) | W10: =IF(MAT!E11=0," ",MAT!E11) | X10: =IF('T. TEC. GRAL'!C11=0," ",'T. TEC. GRAL'!C11) -> 66 | Y10: =IF('T. TEC. GRAL'!D11=0," ",'T. TEC. GRAL'!D11) | Z10: =IF('T. TEC. GRAL'!E11=0," ",'T. TEC. GRAL'!E11) | AA10: =IF('BIO-GEO'!C11=0," ",'BIO-GEO'!C11) -> 61 | AB10: =IF('BIO-GEO'!D11=0," ",'BIO-GEO'!D11) | AC10: =IF('BIO-GEO'!E11=0," ",'BIO-GEO'!E11) | AD10: =IF(PSI!C11=0," ",PSI!C11) -> 64 | AE10: =IF(PSI!D11=0," ",PSI!D11) | AF10: =IF(PSI!E11=0," ",PSI!E11) | AG10: =IF('REL.'!C11=0," ",'REL.'!C11) -> 77.166667 | AH10: =IF('REL.'!D11=0," ",'REL.'!D11) | AI10: =IF('REL.'!E11=0," ",'REL.'!E11) | AL10: =IFERROR(AVERAGE(C10,F10,I10,L10,O10,R10,U10,X10,AA10,AD10,AG10),0) -> 59.560606 | AM10: =IFERROR(AVERAGE(D10,G10,J10,M10,P10,S10,V10,Y10,AB10,AE10,AH10),0) -> 0 | AN10: =IFERROR(AVERAGE(E10,H10,K10,N10,Q10,T10,W10,Z10,AC10,AF10,AI10),0) -> 0
A11: =NOMINA!A12 -> 7 | B11: =NOMINA!B12 -> CADIMA SOLIZ NICOLAS | C11: =IF(LEN!C12=0," ",LEN!C12) -> 46 | D11: =IF(LEN!D12=0," ",LEN!D12) | E11: =IF(LEN!E12=0," ",LEN!E12) | F11: =IF(ING!C12=0," ",ING!C12) -> 47 | G11: =IF(ING!D12=0," ",ING!D12) | H11: =IF(ING!E12=0," ",ING!E12) | I11: =IF('C.SOC'!C12=0," ",'C.SOC'!C12) -> 40 | J11: =IF('C.SOC'!D12=0," ",'C.SOC'!D12) | K11: =IF('C.SOC'!E12=0," ",'C.SOC'!E12) | L11: =IF('E. FIS.'!C12=0," ",'E. FIS.'!C12) -> 69 | M11: =IF('E. FIS.'!D12=0," ",'E. FIS.'!D12) | N11: =IF('E. FIS.'!E12=0," ",'E. FIS.'!E12) | O11: =IF(MUS.!C12=0," ",MUS.!C12) -> 66 | P11: =IF(MUS.!D12=0," ",MUS.!D12) | Q11: =IF(MUS.!E12=0," ",MUS.!E12) | R11: =IF('A.PL. '!C12=0," ",'A.PL. '!C12) -> 59 | S11: =IF('A.PL. '!D12=0," ",'A.PL. '!D12) | T11: =IF('A.PL. '!E12=0," ",'A.PL. '!E12) | U11: =IF(MAT!C12=0," ",MAT!C12) -> 46 | V11: =IF(MAT!D12=0," ",MAT!D12) | W11: =IF(MAT!E12=0," ",MAT!E12) | X11: =IF('T. TEC. GRAL'!C12=0," ",'T. TEC. GRAL'!C12) -> 57 | Y11: =IF('T. TEC. GRAL'!D12=0," ",'T. TEC. GRAL'!D12) | Z11: =IF('T. TEC. GRAL'!E12=0," ",'T. TEC. GRAL'!E12) | AA11: =IF('BIO-GEO'!C12=0," ",'BIO-GEO'!C12) -> 67 | AB11: =IF('BIO-GEO'!D12=0," ",'BIO-GEO'!D12) | AC11: =IF('BIO-GEO'!E12=0," ",'BIO-GEO'!E12) | AD11: =IF(PSI!C12=0," ",PSI!C12) -> 67 | AE11: =IF(PSI!D12=0," ",PSI!D12) | AF11: =IF(PSI!E12=0," ",PSI!E12) | AG11: =IF('REL.'!C12=0," ",'REL.'!C12) -> 66.166667 | AH11: =IF('REL.'!D12=0," ",'REL.'!D12) | AI11: =IF('REL.'!E12=0," ",'REL.'!E12) | AL11: =IFERROR(AVERAGE(C11,F11,I11,L11,O11,R11,U11,X11,AA11,AD11,AG11),0) -> 57.287879 | AM11: =IFERROR(AVERAGE(D11,G11,J11,M11,P11,S11,V11,Y11,AB11,AE11,AH11),0) -> 0 | AN11: =IFERROR(AVERAGE(E11,H11,K11,N11,Q11,T11,W11,Z11,AC11,AF11,AI11),0) -> 0
A12: =NOMINA!A13 -> 8 | B12: =NOMINA!B13 -> CALLE PEREZ ANDREA BELEN | C12: =IF(LEN!C13=0," ",LEN!C13) -> 78 | D12: =IF(LEN!D13=0," ",LEN!D13) | E12: =IF(LEN!E13=0," ",LEN!E13) | F12: =IF(ING!C13=0," ",ING!C13) -> 80 | G12: =IF(ING!D13=0," ",ING!D13) | H12: =IF(ING!E13=0," ",ING!E13) | I12: =IF('C.SOC'!C13=0," ",'C.SOC'!C13) -> 75 | J12: =IF('C.SOC'!D13=0," ",'C.SOC'!D13) | K12: =IF('C.SOC'!E13=0," ",'C.SOC'!E13) | L12: =IF('E. FIS.'!C13=0," ",'E. FIS.'!C13) -> 67 | M12: =IF('E. FIS.'!D13=0," ",'E. FIS.'!D13) | N12: =IF('E. FIS.'!E13=0," ",'E. FIS.'!E13) | O12: =IF(MUS.!C13=0," ",MUS.!C13) -> 97 | P12: =IF(MUS.!D13=0," ",MUS.!D13) | Q12: =IF(MUS.!E13=0," ",MUS.!E13) | R12: =IF('A.PL. '!C13=0," ",'A.PL. '!C13) -> 69 | S12: =IF('A.PL. '!D13=0," ",'A.PL. '!D13) | T12: =IF('A.PL. '!E13=0," ",'A.PL. '!E13) | U12: =IF(MAT!C13=0," ",MAT!C13) -> 93 | V12: =IF(MAT!D13=0," ",MAT!D13) | W12: =IF(MAT!E13=0," ",MAT!E13) | X12: =IF('T. TEC. GRAL'!C13=0," ",'T. TEC. GRAL'!C13) -> 79 | Y12: =IF('T. TEC. GRAL'!D13=0," ",'T. TEC. GRAL'!D13) | Z12: =IF('T. TEC. GRAL'!E13=0," ",'T. TEC. GRAL'!E13) | AA12: =IF('BIO-GEO'!C13=0," ",'BIO-GEO'!C13) -> 83 | AB12: =IF('BIO-GEO'!D13=0," ",'BIO-GEO'!D13) | AC12: =IF('BIO-GEO'!E13=0," ",'BIO-GEO'!E13) | AD12: =IF(PSI!C13=0," ",PSI!C13) -> 81 | AE12: =IF(PSI!D13=0," ",PSI!D13) | AF12: =IF(PSI!E13=0," ",PSI!E13) | AG12: =IF('REL.'!C13=0," ",'REL.'!C13) -> 75.666667 | AH12: =IF('REL.'!D13=0," ",'REL.'!D13) | AI12: =IF('REL.'!E13=0," ",'REL.'!E13) | AL12: =IFERROR(AVERAGE(C12,F12,I12,L12,O12,R12,U12,X12,AA12,AD12,AG12),0) -> 79.787879 | AM12: =IFERROR(AVERAGE(D12,G12,J12,M12,P12,S12,V12,Y12,AB12,AE12,AH12),0) -> 0 | AN12: =IFERROR(AVERAGE(E12,H12,K12,N12,Q12,T12,W12,Z12,AC12,AF12,AI12),0) -> 0
A13: =NOMINA!A14 -> 9 | B13: =NOMINA!B14 -> CHAVEZ AMURRIO SEBASTIAN FABIAN | C13: =IF(LEN!C14=0," ",LEN!C14) -> 44 | D13: =IF(LEN!D14=0," ",LEN!D14) | E13: =IF(LEN!E14=0," ",LEN!E14) | F13: =IF(ING!C14=0," ",ING!C14) -> 45 | G13: =IF(ING!D14=0," ",ING!D14) | H13: =IF(ING!E14=0," ",ING!E14) | I13: =IF('C.SOC'!C14=0," ",'C.SOC'!C14) -> 56 | J13: =IF('C.SOC'!D14=0," ",'C.SOC'!D14) | K13: =IF('C.SOC'!E14=0," ",'C.SOC'!E14) | L13: =IF('E. FIS.'!C14=0," ",'E. FIS.'!C14) -> 45 | M13: =IF('E. FIS.'!D14=0," ",'E. FIS.'!D14) | N13: =IF('E. FIS.'!E14=0," ",'E. FIS.'!E14) | O13: =IF(MUS.!C14=0," ",MUS.!C14) -> 54 | P13: =IF(MUS.!D14=0," ",MUS.!D14) | Q13: =IF(MUS.!E14=0," ",MUS.!E14) | R13: =IF('A.PL. '!C14=0," ",'A.PL. '!C14) -> 67 | S13: =IF('A.PL. '!D14=0," ",'A.PL. '!D14) | T13: =IF('A.PL. '!E14=0," ",'A.PL. '!E14) | U13: =IF(MAT!C14=0," ",MAT!C14) -> 49 | V13: =IF(MAT!D14=0," ",MAT!D14) | W13: =IF(MAT!E14=0," ",MAT!E14) | X13: =IF('T. TEC. GRAL'!C14=0," ",'T. TEC. GRAL'!C14) -> 44 | Y13: =IF('T. TEC. GRAL'!D14=0," ",'T. TEC. GRAL'!D14) | Z13: =IF('T. TEC. GRAL'!E14=0," ",'T. TEC. GRAL'!E14) | AA13: =IF('BIO-GEO'!C14=0," ",'BIO-GEO'!C14) -> 35 | AB13: =IF('BIO-GEO'!D14=0," ",'BIO-GEO'!D14) | AC13: =IF('BIO-GEO'!E14=0," ",'BIO-GEO'!E14) | AD13: =IF(PSI!C14=0," ",PSI!C14) -> 45 | AE13: =IF(PSI!D14=0," ",PSI!D14) | AF13: =IF(PSI!E14=0," ",PSI!E14) | AG13: =IF('REL.'!C14=0," ",'REL.'!C14) -> 52.25 | AH13: =IF('REL.'!D14=0," ",'REL.'!D14) | AI13: =IF('REL.'!E14=0," ",'REL.'!E14) | AL13: =IFERROR(AVERAGE(C13,F13,I13,L13,O13,R13,U13,X13,AA13,AD13,AG13),0) -> 48.75 | AM13: =IFERROR(AVERAGE(D13,G13,J13,M13,P13,S13,V13,Y13,AB13,AE13,AH13),0) -> 0 | AN13: =IFERROR(AVERAGE(E13,H13,K13,N13,Q13,T13,W13,Z13,AC13,AF13,AI13),0) -> 0
A14: =NOMINA!A15 -> 10 | B14: =NOMINA!B15 -> CHOQUE ARISPE YURIANA LUCIA | C14: =IF(LEN!C15=0," ",LEN!C15) -> 51 | D14: =IF(LEN!D15=0," ",LEN!D15) | E14: =IF(LEN!E15=0," ",LEN!E15) | F14: =IF(ING!C15=0," ",ING!C15) -> 58 | G14: =IF(ING!D15=0," ",ING!D15) | H14: =IF(ING!E15=0," ",ING!E15) | I14: =IF('C.SOC'!C15=0," ",'C.SOC'!C15) -> 44 | J14: =IF('C.SOC'!D15=0," ",'C.SOC'!D15) | K14: =IF('C.SOC'!E15=0," ",'C.SOC'!E15) | L14: =IF('E. FIS.'!C15=0," ",'E. FIS.'!C15) -> 55 | M14: =IF('E. FIS.'!D15=0," ",'E. FIS.'!D15) | N14: =IF('E. FIS.'!E15=0," ",'E. FIS.'!E15) | O14: =IF(MUS.!C15=0," ",MUS.!C15) -> 58 | P14: =IF(MUS.!D15=0," ",MUS.!D15) | Q14: =IF(MUS.!E15=0," ",MUS.!E15) | R14: =IF('A.PL. '!C15=0," ",'A.PL. '!C15) -> 66 | S14: =IF('A.PL. '!D15=0," ",'A.PL. '!D15) | T14: =IF('A.PL. '!E15=0," ",'A.PL. '!E15) | U14: =IF(MAT!C15=0," ",MAT!C15) -> 52 | V14: =IF(MAT!D15=0," ",MAT!D15) | W14: =IF(MAT!E15=0," ",MAT!E15) | X14: =IF('T. TEC. GRAL'!C15=0," ",'T. TEC. GRAL'!C15) -> 67 | Y14: =IF('T. TEC. GRAL'!D15=0," ",'T. TEC. GRAL'!D15) | Z14: =IF('T. TEC. GRAL'!E15=0," ",'T. TEC. GRAL'!E15) | AA14: =IF('BIO-GEO'!C15=0," ",'BIO-GEO'!C15) -> 67 | AB14: =IF('BIO-GEO'!D15=0," ",'BIO-GEO'!D15) | AC14: =IF('BIO-GEO'!E15=0," ",'BIO-GEO'!E15) | AD14: =IF(PSI!C15=0," ",PSI!C15) -> 67 | AE14: =IF(PSI!D15=0," ",PSI!D15) | AF14: =IF(PSI!E15=0," ",PSI!E15) | AG14: =IF('REL.'!C15=0," ",'REL.'!C15) -> 63.75 | AH14: =IF('REL.'!D15=0," ",'REL.'!D15) | AI14: =IF('REL.'!E15=0," ",'REL.'!E15) | AL14: =IFERROR(AVERAGE(C14,F14,I14,L14,O14,R14,U14,X14,AA14,AD14,AG14),0) -> 58.977273 | AM14: =IFERROR(AVERAGE(D14,G14,J14,M14,P14,S14,V14,Y14,AB14,AE14,AH14),0) -> 0 | AN14: =IFERROR(AVERAGE(E14,H14,K14,N14,Q14,T14,W14,Z14,AC14,AF14,AI14),0) -> 0
A15: =NOMINA!A16 -> 11 | B15: =NOMINA!B16 -> CHOQUE PERALTA JHOEL ELIAZAR | C15: =IF(LEN!C16=0," ",LEN!C16) -> 85 | D15: =IF(LEN!D16=0," ",LEN!D16) | E15: =IF(LEN!E16=0," ",LEN!E16) | F15: =IF(ING!C16=0," ",ING!C16) -> 90 | G15: =IF(ING!D16=0," ",ING!D16) | H15: =IF(ING!E16=0," ",ING!E16) | I15: =IF('C.SOC'!C16=0," ",'C.SOC'!C16) -> 82 | J15: =IF('C.SOC'!D16=0," ",'C.SOC'!D16) | K15: =IF('C.SOC'!E16=0," ",'C.SOC'!E16) | L15: =IF('E. FIS.'!C16=0," ",'E. FIS.'!C16) -> 74 | M15: =IF('E. FIS.'!D16=0," ",'E. FIS.'!D16) | N15: =IF('E. FIS.'!E16=0," ",'E. FIS.'!E16) | O15: =IF(MUS.!C16=0," ",MUS.!C16) -> 94 | P15: =IF(MUS.!D16=0," ",MUS.!D16) | Q15: =IF(MUS.!E16=0," ",MUS.!E16) | R15: =IF('A.PL. '!C16=0," ",'A.PL. '!C16) -> 73 | S15: =IF('A.PL. '!D16=0," ",'A.PL. '!D16) | T15: =IF('A.PL. '!E16=0," ",'A.PL. '!E16) | U15: =IF(MAT!C16=0," ",MAT!C16) -> 83 | V15: =IF(MAT!D16=0," ",MAT!D16) | W15: =IF(MAT!E16=0," ",MAT!E16) | X15: =IF('T. TEC. GRAL'!C16=0," ",'T. TEC. GRAL'!C16) -> 65 | Y15: =IF('T. TEC. GRAL'!D16=0," ",'T. TEC. GRAL'!D16) | Z15: =IF('T. TEC. GRAL'!E16=0," ",'T. TEC. GRAL'!E16) | AA15: =IF('BIO-GEO'!C16=0," ",'BIO-GEO'!C16) -> 82 | AB15: =IF('BIO-GEO'!D16=0," ",'BIO-GEO'!D16) | AC15: =IF('BIO-GEO'!E16=0," ",'BIO-GEO'!E16) | AD15: =IF(PSI!C16=0," ",PSI!C16) -> 83 | AE15: =IF(PSI!D16=0," ",PSI!D16) | AF15: =IF(PSI!E16=0," ",PSI!E16) | AG15: =IF('REL.'!C16=0," ",'REL.'!C16) -> 68.833333 | AH15: =IF('REL.'!D16=0," ",'REL.'!D16) | AI15: =IF('REL.'!E16=0," ",'REL.'!E16) | AL15: =IFERROR(AVERAGE(C15,F15,I15,L15,O15,R15,U15,X15,AA15,AD15,AG15),0) -> 79.984848 | AM15: =IFERROR(AVERAGE(D15,G15,J15,M15,P15,S15,V15,Y15,AB15,AE15,AH15),0) -> 0 | AN15: =IFERROR(AVERAGE(E15,H15,K15,N15,Q15,T15,W15,Z15,AC15,AF15,AI15),0) -> 0
A16: =NOMINA!A17 -> 12 | B16: =NOMINA!B17 -> COPA RIVERO MARCIA MARCELA | C16: =IF(LEN!C17=0," ",LEN!C17) -> 43 | D16: =IF(LEN!D17=0," ",LEN!D17) | E16: =IF(LEN!E17=0," ",LEN!E17) | F16: =IF(ING!C17=0," ",ING!C17) -> 67 | G16: =IF(ING!D17=0," ",ING!D17) | H16: =IF(ING!E17=0," ",ING!E17) | I16: =IF('C.SOC'!C17=0," ",'C.SOC'!C17) -> 51 | J16: =IF('C.SOC'!D17=0," ",'C.SOC'!D17) | K16: =IF('C.SOC'!E17=0," ",'C.SOC'!E17) | L16: =IF('E. FIS.'!C17=0," ",'E. FIS.'!C17) -> 80 | M16: =IF('E. FIS.'!D17=0," ",'E. FIS.'!D17) | N16: =IF('E. FIS.'!E17=0," ",'E. FIS.'!E17) | O16: =IF(MUS.!C17=0," ",MUS.!C17) -> 70 | P16: =IF(MUS.!D17=0," ",MUS.!D17) | Q16: =IF(MUS.!E17=0," ",MUS.!E17) | R16: =IF('A.PL. '!C17=0," ",'A.PL. '!C17) -> 61 | S16: =IF('A.PL. '!D17=0," ",'A.PL. '!D17) | T16: =IF('A.PL. '!E17=0," ",'A.PL. '!E17) | U16: =IF(MAT!C17=0," ",MAT!C17) -> 52 | V16: =IF(MAT!D17=0," ",MAT!D17) | W16: =IF(MAT!E17=0," ",MAT!E17) | X16: =IF('T. TEC. GRAL'!C17=0," ",'T. TEC. GRAL'!C17) -> 56 | Y16: =IF('T. TEC. GRAL'!D17=0," ",'T. TEC. GRAL'!D17) | Z16: =IF('T. TEC. GRAL'!E17=0," ",'T. TEC. GRAL'!E17) | AA16: =IF('BIO-GEO'!C17=0," ",'BIO-GEO'!C17) -> 59 | AB16: =IF('BIO-GEO'!D17=0," ",'BIO-GEO'!D17) | AC16: =IF('BIO-GEO'!E17=0," ",'BIO-GEO'!E17) | AD16: =IF(PSI!C17=0," ",PSI!C17) -> 51 | AE16: =IF(PSI!D17=0," ",PSI!D17) | AF16: =IF(PSI!E17=0," ",PSI!E17) | AG16: =IF('REL.'!C17=0," ",'REL.'!C17) -> 70.666667 | AH16: =IF('REL.'!D17=0," ",'REL.'!D17) | AI16: =IF('REL.'!E17=0," ",'REL.'!E17) | AL16: =IFERROR(AVERAGE(C16,F16,I16,L16,O16,R16,U16,X16,AA16,AD16,AG16),0) -> 60.060606 | AM16: =IFERROR(AVERAGE(D16,G16,J16,M16,P16,S16,V16,Y16,AB16,AE16,AH16),0) -> 0 | AN16: =IFERROR(AVERAGE(E16,H16,K16,N16,Q16,T16,W16,Z16,AC16,AF16,AI16),0) -> 0
... A42: =NOMINA!A43 -> 38 | B42: =NOMINA!B43 -> 0 | C42: =IF(LEN!C43=0," ",LEN!C43) | D42: =IF(LEN!D43=0," ",LEN!D43) | E42: =IF(LEN!E43=0," ",LEN!E43) | F42: =IF(ING!C43=0," ",ING!C43) | G42: =IF(ING!D43=0," ",ING!D43) | H42: =IF(ING!E43=0," ",ING!E43) | I42: =IF('C.SOC'!C43=0," ",'C.SOC'!C43) | J42: =IF('C.SOC'!D43=0," ",'C.SOC'!D43) | K42: =IF('C.SOC'!E43=0," ",'C.SOC'!E43) | L42: =IF('E. FIS.'!C43=0," ",'E. FIS.'!C43) | M42: =IF('E. FIS.'!D43=0," ",'E. FIS.'!D43) | N42: =IF('E. FIS.'!E43=0," ",'E. FIS.'!E43) | O42: =IF(MUS.!C43=0," ",MUS.!C43) | P42: =IF(MUS.!D43=0," ",MUS.!D43) | Q42: =IF(MUS.!E43=0," ",MUS.!E43) | R42: =IF('A.PL. '!C43=0," ",'A.PL. '!C43) | S42: =IF('A.PL. '!D43=0," ",'A.PL. '!D43) | T42: =IF('A.PL. '!E43=0," ",'A.PL. '!E43) | U42: =IF(MAT!C43=0," ",MAT!C43) | V42: =IF(MAT!D43=0," ",MAT!D43) | W42: =IF(MAT!E43=0," ",MAT!E43) | X42: =IF('T. TEC. GRAL'!C43=0," ",'T. TEC. GRAL'!C43) | Y42: =IF('T. TEC. GRAL'!D43=0," ",'T. TEC. GRAL'!D43) | Z42: =IF('T. TEC. GRAL'!E43=0," ",'T. TEC. GRAL'!E43) | AA42: =IF('BIO-GEO'!C43=0," ",'BIO-GEO'!C43) | AB42: =IF('BIO-GEO'!D43=0," ",'BIO-GEO'!D43) | AC42: =IF('BIO-GEO'!E43=0," ",'BIO-GEO'!E43) | AD42: =IF(PSI!C43=0," ",PSI!C43) | AE42: =IF(PSI!D43=0," ",PSI!D43) | AF42: =IF(PSI!E43=0," ",PSI!E43) | AG42: =IF('REL.'!C43=0," ",'REL.'!C43) | AH42: =IF('REL.'!D43=0," ",'REL.'!D43) | AI42: =IF('REL.'!E43=0," ",'REL.'!E43) | AL42: =IFERROR(AVERAGE(C42,F42,I42,L42,O42,R42,U42,X42,AA42,AD42,AG42),0) -> 0 | AM42: =IFERROR(AVERAGE(D42,G42,J42,M42,P42,S42,V42,Y42,AB42,AE42,AH42),0) -> 0 | AN42: =IFERROR(AVERAGE(E42,H42,K42,N42,Q42,T42,W42,Z42,AC42,AF42,AI42),0) -> 0
A43: =NOMINA!A44 -> 39 | B43: =NOMINA!B44 -> 0 | C43: =IF(LEN!C44=0," ",LEN!C44) | D43: =IF(LEN!D44=0," ",LEN!D44) | E43: =IF(LEN!E44=0," ",LEN!E44) | F43: =IF(ING!G44=0," ",ING!G44) | G43: =IF(ING!D44=0," ",ING!D44) | H43: =IF(ING!E44=0," ",ING!E44) | I43: =IF('C.SOC'!C44=0," ",'C.SOC'!C44) | J43: =IF('C.SOC'!D44=0," ",'C.SOC'!D44) | K43: =IF('C.SOC'!E44=0," ",'C.SOC'!E44) | L43: =IF('E. FIS.'!C44=0," ",'E. FIS.'!C44) | M43: =IF('E. FIS.'!D44=0," ",'E. FIS.'!D44) | N43: =IF('E. FIS.'!E44=0," ",'E. FIS.'!E44) | O43: =IF(MUS.!C44=0," ",MUS.!C44) | P43: =IF(MUS.!D44=0," ",MUS.!D44) | Q43: =IF(MUS.!E44=0," ",MUS.!E44) | R43: =IF('A.PL. '!C44=0," ",'A.PL. '!C44) | S43: =IF('A.PL. '!D44=0," ",'A.PL. '!D44) | T43: =IF('A.PL. '!E44=0," ",'A.PL. '!E44) | U43: =IF(MAT!C44=0," ",MAT!C44) | V43: =IF(MAT!D44=0," ",MAT!D44) | W43: =IF(MAT!E44=0," ",MAT!E44) | X43: =IF('T. TEC. GRAL'!C44=0," ",'T. TEC. GRAL'!C44) | Y43: =IF('T. TEC. GRAL'!D44=0," ",'T. TEC. GRAL'!D44) | Z43: =IF('T. TEC. GRAL'!E44=0," ",'T. TEC. GRAL'!E44) | AA43: =IF('BIO-GEO'!C44=0," ",'BIO-GEO'!C44) | AB43: =IF('BIO-GEO'!D44=0," ",'BIO-GEO'!D44) | AC43: =IF('BIO-GEO'!E44=0," ",'BIO-GEO'!E44) | AD43: =IF(PSI!C44=0," ",PSI!C44) | AE43: =IF(PSI!D44=0," ",PSI!D44) | AF43: =IF(PSI!E44=0," ",PSI!E44) | AG43: =IF('REL.'!C44=0," ",'REL.'!C44) | AH43: =IF('REL.'!D44=0," ",'REL.'!D44) | AI43: =IF('REL.'!E44=0," ",'REL.'!E44) | AL43: =IFERROR(AVERAGE(C43,F43,I43,L43,O43,R43,U43,X43,AA43,AD43,AG43),0) -> 0 | AM43: =IFERROR(AVERAGE(D43,G43,J43,M43,P43,S43,V43,Y43,AB43,AE43,AH43),0) -> 0 | AN43: =IFERROR(AVERAGE(E43,H43,K43,N43,Q43,T43,W43,Z43,AC43,AF43,AI43),0) -> 0
A44: =NOMINA!A45 -> 40 | B44: =NOMINA!B45 -> 0 | C44: =IF(LEN!C45=0," ",LEN!C45) | D44: =IF(LEN!D45=0," ",LEN!D45) | E44: =IF(LEN!E45=0," ",LEN!E45) | F44: =IF(ING!C45=0," ",ING!C45) | G44: =IF(ING!D45=0," ",ING!D45) | H44: =IF(ING!E45=0," ",ING!E45) | I44: =IF('C.SOC'!C45=0," ",'C.SOC'!C45) | J44: =IF('C.SOC'!D45=0," ",'C.SOC'!D45) | K44: =IF('C.SOC'!E45=0," ",'C.SOC'!E45) | L44: =IF('E. FIS.'!C45=0," ",'E. FIS.'!C45) | M44: =IF('E. FIS.'!D45=0," ",'E. FIS.'!D45) | N44: =IF('E. FIS.'!E45=0," ",'E. FIS.'!E45) | O44: =IF(MUS.!C45=0," ",MUS.!C45) | P44: =IF(MUS.!D45=0," ",MUS.!D45) | Q44: =IF(MUS.!E45=0," ",MUS.!E45) | R44: =IF('A.PL. '!C45=0," ",'A.PL. '!C45) | S44: =IF('A.PL. '!D45=0," ",'A.PL. '!D45) | T44: =IF('A.PL. '!E45=0," ",'A.PL. '!E45) | U44: =IF(MAT!C45=0," ",MAT!C45) | V44: =IF(MAT!D45=0," ",MAT!D45) | W44: =IF(MAT!E45=0," ",MAT!E45) | X44: =IF('T. TEC. GRAL'!C45=0," ",'T. TEC. GRAL'!C45) | Y44: =IF('T. TEC. GRAL'!D45=0," ",'T. TEC. GRAL'!D45) | Z44: =IF('T. TEC. GRAL'!E45=0," ",'T. TEC. GRAL'!E45) | AA44: =IF('BIO-GEO'!C45=0," ",'BIO-GEO'!C45) | AB44: =IF('BIO-GEO'!D45=0," ",'BIO-GEO'!D45) | AC44: =IF('BIO-GEO'!E45=0," ",'BIO-GEO'!E45) | AD44: =IF(PSI!C45=0," ",PSI!C45) | AE44: =IF(PSI!D45=0," ",PSI!D45) | AF44: =IF(PSI!E45=0," ",PSI!E45) | AG44: =IF('REL.'!C45=0," ",'REL.'!C45) | AH44: =IF('REL.'!D45=0," ",'REL.'!D45) | AI44: =IF('REL.'!E45=0," ",'REL.'!E45) | AL44: =IFERROR(AVERAGE(C44,F44,I44,L44,O44,R44,U44,X44,AA44,AD44,AG44),0) -> 0 | AM44: =IFERROR(AVERAGE(D44,G44,J44,M44,P44,S44,V44,Y44,AB44,AE44,AH44),0) -> 0 | AN44: =IFERROR(AVERAGE(E44,H44,K44,N44,Q44,T44,W44,Z44,AC44,AF44,AI44),0) -> 0
A45: =NOMINA!A46 -> 41 | B45: =NOMINA!B46 -> 0 | C45: =IF(LEN!C46=0," ",LEN!C46) | D45: =IF(LEN!D46=0," ",LEN!D46) | E45: =IF(LEN!E46=0," ",LEN!E46) | F45: =IF(ING!C46=0," ",ING!C46) | G45: =IF(ING!D46=0," ",ING!D46) | H45: =IF(ING!E46=0," ",ING!E46) | I45: =IF('C.SOC'!C46=0," ",'C.SOC'!C46) | J45: =IF('C.SOC'!D46=0," ",'C.SOC'!D46) | K45: =IF('C.SOC'!E46=0," ",'C.SOC'!E46) | L45: =IF('E. FIS.'!C46=0," ",'E. FIS.'!C46) | M45: =IF('E. FIS.'!D46=0," ",'E. FIS.'!D46) | N45: =IF('E. FIS.'!E46=0," ",'E. FIS.'!E46) | O45: =IF(MUS.!C46=0," ",MUS.!C46) | P45: =IF(MUS.!D46=0," ",MUS.!D46) | Q45: =IF(MUS.!E46=0," ",MUS.!E46) | R45: =IF('A.PL. '!C46=0," ",'A.PL. '!C46) | S45: =IF('A.PL. '!D46=0," ",'A.PL. '!D46) | T45: =IF('A.PL. '!E46=0," ",'A.PL. '!E46) | U45: =IF(MAT!C46=0," ",MAT!C46) | V45: =IF(MAT!D46=0," ",MAT!D46) | W45: =IF(MAT!E46=0," ",MAT!E46) | X45: =IF('T. TEC. GRAL'!C46=0," ",'T. TEC. GRAL'!C46) | Y45: =IF('T. TEC. GRAL'!D46=0," ",'T. TEC. GRAL'!D46) | Z45: =IF('T. TEC. GRAL'!E46=0," ",'T. TEC. GRAL'!E46) | AA45: =IF('BIO-GEO'!C46=0," ",'BIO-GEO'!C46) | AB45: =IF('BIO-GEO'!D46=0," ",'BIO-GEO'!D46) | AC45: =IF('BIO-GEO'!E46=0," ",'BIO-GEO'!E46) | AD45: =IF(PSI!C46=0," ",PSI!C46) | AE45: =IF(PSI!D46=0," ",PSI!D46) | AF45: =IF(PSI!E46=0," ",PSI!E46) | AG45: =IF('REL.'!C46=0," ",'REL.'!C46) | AH45: =IF('REL.'!D46=0," ",'REL.'!D46) | AI45: =IF('REL.'!E46=0," ",'REL.'!E46) | AL45: =IFERROR(AVERAGE(C45,F45,I45,L45,O45,R45,U45,X45,AA45,AD45,AG45),0) -> 0 | AM45: =IFERROR(AVERAGE(D45,G45,J45,M45,P45,S45,V45,Y45,AB45,AE45,AH45),0) -> 0 | AN45: =IFERROR(AVERAGE(E45,H45,K45,N45,Q45,T45,W45,Z45,AC45,AF45,AI45),0) -> 0
B47: aprobados | C47: =COUNTIF(C5:C45,">50") -> 25 | D47: =COUNTIF(D5:D45,">50") -> 0 | E47: =COUNTIF(E5:E45,">50") -> 0 | F47: =COUNTIF(F5:F45,">50") -> 27 | G47: =COUNTIF(G5:G45,">50") -> 0 | H47: =COUNTIF(H5:H45,">50") -> 0 | I47: =COUNTIF(I5:I45,">50") -> 25 | J47: =COUNTIF(J5:J45,">50") -> 0 | ... AI47: =COUNTIF(AI5:AI45,">50") -> 0
B48: reprobados | C48: =COUNTIF(C5:C45,"<51") -> 10 | D48: =COUNTIF(D5:D45,"<51") -> 0 | E48: =COUNTIF(E5:E45,"<51") -> 0 | F48: =COUNTIF(F5:F45,"<51") -> 8 | G48: =COUNTIF(G5:G45,"<51") -> 0 | H48: =COUNTIF(H5:H45,"<51") -> 0 | I48: =COUNTIF(I5:I45,"<51") -> 10 | J48: =COUNTIF(J5:J45,"<51") -> 0 | ... AI48: =COUNTIF(AI5:AI45,"<51") -> 0
B49: SUMA | C49: =SUM(C47:C48) -> 35 | D49: =SUM(D47:D48) -> 0 | E49: =SUM(E47:E48) -> 0 | F49: =SUM(F47:F48) -> 35 | G49: =SUM(G47:G48) -> 0 | H49: =SUM(H47:H48) -> 0 | I49: =SUM(I47:I48) -> 35 | J49: =SUM(J47:J48) -> 0 | ... AI49: =SUM(AI47:AI48) -> 0
B51: PORCENTAJE APROBADOS | C51: =((C47/C49)*100) -> 71.428571 | D51: =((D47/D49)*100) -> #DIV/0! | E51: =((E47/E49)*100) -> #DIV/0! | F51: =((F47/F49)*100) -> 77.142857 | G51: =((G47/G49)*100) -> #DIV/0! | H51: =((H47/H49)*100) -> #DIV/0! | I51: =((I47/I49)*100) -> 71.428571 | J51: =((J47/J49)*100) -> #DIV/0! | ... AI51: =((AI47/AI49)*100) -> #DIV/0!
B52: PORCENTAJE REPROBADOS | C52: =100-C51 -> 28.571429 | D52: =100-D51 -> #DIV/0! | E52: =100-E51 -> #DIV/0! | F52: =100-F51 -> 22.857143 | G52: =100-G51 -> #DIV/0! | H52: =100-H51 -> #DIV/0! | I52: =100-I51 -> 28.571429 | J52: =100-J51 -> #DIV/0! | ... AI52: =100-AI51 -> #DIV/0!
C53: LEN | F53: ING | I53: C. SOC. | L53: E. FIS. | O53: MUS | R53: A. PL. | U53: MAT | X53: T.TEC.GRAL. | AA53: BIO -GEO | AD53: PSI | AG53: REL

Sheet REP 1°
A2: =NOMINA!$B$2 -> CURSO 2A | C2: LEN | D2: ING | E2: C. SOC. | F2: E. FIS. | G2: MUS | H2: A. PL. | I2: MAT | J2: T. TEC. G | K2: BIO-GEO | L2: PSI | M2: REL | N2: TOTAL
A4: =NOMINA!A6 -> 1 | B4: =NOMINA!B6 -> ABREU MARRERO LIZ DANIELA | C4: =IF(GRAL.!C5<51,GRAL.!C5," ") | D4: =IF(GRAL.!F5<51,GRAL.!F5," ") | E4: =IF(GRAL.!I5<51,GRAL.!I5," ") | F4: =IF(GRAL.!L5<51,GRAL.!L5," ") | G4: =IF(GRAL.!O5<51,GRAL.!O5," ") | H4: =IF(GRAL.!R5<51,GRAL.!R5," ") | I4: =IF(GRAL.!U5<51,GRAL.!U5," ") | J4: =IF(GRAL.!X5<51,GRAL.!X5," ") | K4: =IF(GRAL.!AA5<51,GRAL.!AA5," ") | L4: =IF(GRAL.!AD5<51,GRAL.!AD5," ") | M4: =IF(GRAL.!AG5<51,GRAL.!AG5," ") | N4: =IF(COUNT(C4:M4)=0," ",COUNT(C4:M4))
A5: =NOMINA!A7 -> 2 | B5: =NOMINA!B7 -> ALIAGA SAAVEDRA MARCU MAURICIO | C5: =IF(GRAL.!C6<51,GRAL.!C6," ") | D5: =IF(GRAL.!F6<51,GRAL.!F6," ") | E5: =IF(GRAL.!I6<51,GRAL.!I6," ") | F5: =IF(GRAL.!L6<51,GRAL.!L6," ") | G5: =IF(GRAL.!O6<51,GRAL.!O6," ") | H5: =IF(GRAL.!R6<51,GRAL.!R6," ") | I5: =IF(GRAL.!U6<51,GRAL.!U6," ") | J5: =IF(GRAL.!X6<51,GRAL.!X6," ") | K5: =IF(GRAL.!AA6<51,GRAL.!AA6," ") | L5: =IF(GRAL.!AD6<51,GRAL.!AD6," ") | M5: =IF(GRAL.!AG6<51,GRAL.!AG6," ") | N5: =IF(COUNT(C5:M5)=0," ",COUNT(C5:M5))
A6: =NOMINA!A8 -> 3 | B6: =NOMINA!B8 -> ANTEZANA CACHI JOSE MAXWEL | C6: =IF(GRAL.!C7<51,GRAL.!C7," ") | D6: =IF(GRAL.!F7<51,GRAL.!F7," ") | E6: =IF(GRAL.!I7<51,GRAL.!I7," ") | F6: =IF(GRAL.!L7<51,GRAL.!L7," ") | G6: =IF(GRAL.!O7<51,GRAL.!O7," ") | H6: =IF(GRAL.!R7<51,GRAL.!R7," ") | I6: =IF(GRAL.!U7<51,GRAL.!U7," ") | J6: =IF(GRAL.!X7<51,GRAL.!X7," ") | K6: =IF(GRAL.!AA7<51,GRAL.!AA7," ") | L6: =IF(GRAL.!AD7<51,GRAL.!AD7," ") | M6: =IF(GRAL.!AG7<51,GRAL.!AG7," ") | N6: =IF(COUNT(C6:M6)=0," ",COUNT(C6:M6)) | Q6: NOTAS MENORES A 51
A7: =NOMINA!A9 -> 4 | B7: =NOMINA!B9 -> ARIZACA SALGUERO SANTIAGO | C7: =IF(GRAL.!C8<51,GRAL.!C8," ") -> 46 | D7: =IF(GRAL.!F8<51,GRAL.!F8," ") -> 48 | E7: =IF(GRAL.!I8<51,GRAL.!I8," ") | F7: =IF(GRAL.!L8<51,GRAL.!L8," ") | G7: =IF(GRAL.!O8<51,GRAL.!O8," ") | H7: =IF(GRAL.!R8<51,GRAL.!R8," ") | I7: =IF(GRAL.!U8<51,GRAL.!U8," ") | J7: =IF(GRAL.!X8<51,GRAL.!X8," ") | K7: =IF(GRAL.!AA8<51,GRAL.!AA8," ") | L7: =IF(GRAL.!AD8<51,GRAL.!AD8," ") | M7: =IF(GRAL.!AG8<51,GRAL.!AG8," ") | N7: =IF(COUNT(C7:M7)=0," ",COUNT(C7:M7)) -> 2
A8: =NOMINA!A10 -> 5 | B8: =NOMINA!B10 -> BAUTISTA GARCIA ALISON LUCIANA | C8: =IF(GRAL.!C9<51,GRAL.!C9," ") | D8: =IF(GRAL.!F9<51,GRAL.!F9," ") | E8: =IF(GRAL.!I9<51,GRAL.!I9," ") | F8: =IF(GRAL.!L9<51,GRAL.!L9," ") | G8: =IF(GRAL.!O9<51,GRAL.!O9," ") | H8: =IF(GRAL.!R9<51,GRAL.!R9," ") | I8: =IF(GRAL.!U9<51,GRAL.!U9," ") | J8: =IF(GRAL.!X9<51,GRAL.!X9," ") | K8: =IF(GRAL.!AA9<51,GRAL.!AA9," ") | L8: =IF(GRAL.!AD9<51,GRAL.!AD9," ") | M8: =IF(GRAL.!AG9<51,GRAL.!AG9," ") | N8: =IF(COUNT(C8:M8)=0," ",COUNT(C8:M8))
A9: =NOMINA!A11 -> 6 | B9: =NOMINA!B11 -> BOLIVAR REVOLLO NIVARDO ADOLFO | C9: =IF(GRAL.!C10<51,GRAL.!C10," ") | D9: =IF(GRAL.!F10<51,GRAL.!F10," ") | E9: =IF(GRAL.!I10<51,GRAL.!I10," ") -> 43 | F9: =IF(GRAL.!L10<51,GRAL.!L10," ") | G9: =IF(GRAL.!O10<51,GRAL.!O10," ") | H9: =IF(GRAL.!R10<51,GRAL.!R10," ") | I9: =IF(GRAL.!U10<51,GRAL.!U10," ") -> 46 | J9: =IF(GRAL.!X10<51,GRAL.!X10," ") | K9: =IF(GRAL.!AA10<51,GRAL.!AA10," ") | L9: =IF(GRAL.!AD10<51,GRAL.!AD10," ") | M9: =IF(GRAL.!AG10<51,GRAL.!AG10," ") | N9: =IF(COUNT(C9:M9)=0," ",COUNT(C9:M9)) -> 2
A10: =NOMINA!A12 -> 7 | B10: =NOMINA!B12 -> CADIMA SOLIZ NICOLAS | C10: =IF(GRAL.!C11<51,GRAL.!C11," ") -> 46 | D10: =IF(GRAL.!F11<51,GRAL.!F11," ") -> 47 | E10: =IF(GRAL.!I11<51,GRAL.!I11," ") -> 40 | F10: =IF(GRAL.!L11<51,GRAL.!L11," ") | G10: =IF(GRAL.!O11<51,GRAL.!O11," ") | H10: =IF(GRAL.!R11<51,GRAL.!R11," ") | I10: =IF(GRAL.!U11<51,GRAL.!U11," ") -> 46 | J10: =IF(GRAL.!X11<51,GRAL.!X11," ") | K10: =IF(GRAL.!AA11<51,GRAL.!AA11," ") | L10: =IF(GRAL.!AD11<51,GRAL.!AD11," ") | M10: =IF(GRAL.!AG11<51,GRAL.!AG11," ") | N10: =IF(COUNT(C10:M10)=0," ",COUNT(C10:M10)) -> 4
A11: =NOMINA!A13 -> 8 | B11: =NOMINA!B13 -> CALLE PEREZ ANDREA BELEN | C11: =IF(GRAL.!C12<51,GRAL.!C12," ") | D11: =IF(GRAL.!F12<51,GRAL.!F12," ") | E11: =IF(GRAL.!I12<51,GRAL.!I12," ") | F11: =IF(GRAL.!L12<51,GRAL.!L12," ") | G11: =IF(GRAL.!O12<51,GRAL.!O12," ") | H11: =IF(GRAL.!R12<51,GRAL.!R12," ") | I11: =IF(GRAL.!U12<51,GRAL.!U12," ") | J11: =IF(GRAL.!X12<51,GRAL.!X12," ") | K11: =IF(GRAL.!AA12<51,GRAL.!AA12," ") | L11: =IF(GRAL.!AD12<51,GRAL.!AD12," ") | M11: =IF(GRAL.!AG12<51,GRAL.!AG12," ") | N11: =IF(COUNT(C11:M11)=0," ",COUNT(C11:M11))
A12: =NOMINA!A14 -> 9 | B12: =NOMINA!B14 -> CHAVEZ AMURRIO SEBASTIAN FABIAN | C12: =IF(GRAL.!C13<51,GRAL.!C13," ") -> 44 | D12: =IF(GRAL.!F13<51,GRAL.!F13," ") -> 45 | E12: =IF(GRAL.!I13<51,GRAL.!I13," ") | F12: =IF(GRAL.!L13<51,GRAL.!L13," ") -> 45 | G12: =IF(GRAL.!O13<51,GRAL.!O13," ") | H12: =IF(GRAL.!R13<51,GRAL.!R13," ") | I12: =IF(GRAL.!U13<51,GRAL.!U13," ") -> 49 | J12: =IF(GRAL.!X13<51,GRAL.!X13," ") -> 44 | K12: =IF(GRAL.!AA13<51,GRAL.!AA13," ") -> 35 | L12: =IF(GRAL.!AD13<51,GRAL.!AD13," ") -> 45 | M12: =IF(GRAL.!AG13<51,GRAL.!AG13," ") | N12: =IF(COUNT(C12:M12)=0," ",COUNT(C12:M12)) -> 7
A13: =NOMINA!A15 -> 10 | B13: =NOMINA!B15 -> CHOQUE ARISPE YURIANA LUCIA | C13: =IF(GRAL.!C14<51,GRAL.!C14," ") | D13: =IF(GRAL.!F14<51,GRAL.!F14," ") | E13: =IF(GRAL.!I14<51,GRAL.!I14," ") -> 44 | F13: =IF(GRAL.!L14<51,GRAL.!L14," ") | G13: =IF(GRAL.!O14<51,GRAL.!O14," ") | H13: =IF(GRAL.!R14<51,GRAL.!R14," ") | I13: =IF(GRAL.!U14<51,GRAL.!U14," ") | J13: =IF(GRAL.!X14<51,GRAL.!X14," ") | K13: =IF(GRAL.!AA14<51,GRAL.!AA14," ") | L13: =IF(GRAL.!AD14<51,GRAL.!AD14," ") | M13: =IF(GRAL.!AG14<51,GRAL.!AG14," ") | N13: =IF(COUNT(C13:M13)=0," ",COUNT(C13:M13)) -> 1
A14: =NOMINA!A16 -> 11 | B14: =NOMINA!B16 -> CHOQUE PERALTA JHOEL ELIAZAR | C14: =IF(GRAL.!C15<51,GRAL.!C15," ") | D14: =IF(GRAL.!F15<51,GRAL.!F15," ") | E14: =IF(GRAL.!I15<51,GRAL.!I15," ") | F14: =IF(GRAL.!L15<51,GRAL.!L15," ") | G14: =IF(GRAL.!O15<51,GRAL.!O15," ") | H14: =IF(GRAL.!R15<51,GRAL.!R15," ") | I14: =IF(GRAL.!U15<51,GRAL.!U15," ") | J14: =IF(GRAL.!X15<51,GRAL.!X15," ") | K14: =IF(GRAL.!AA15<51,GRAL.!AA15," ") | L14: =IF(GRAL.!AD15<51,GRAL.!AD15," ") | M14: =IF(GRAL.!AG15<51,GRAL.!AG15," ") | N14: =IF(COUNT(C14:M14)=0," ",COUNT(C14:M14))
A15: =NOMINA!A17 -> 12 | B15: =NOMINA!B17 -> COPA RIVERO MARCIA MARCELA | C15: =IF(GRAL.!C16<51,GRAL.!C16," ") -> 43 | D15: =IF(GRAL.!F16<51,GRAL.!F16," ") | E15: =IF(GRAL.!I16<51,GRAL.!I16," ") | F15: =IF(GRAL.!L16<51,GRAL.!L16," ") | G15: =IF(GRAL.!O16<51,GRAL.!O16," ") | H15: =IF(GRAL.!R16<51,GRAL.!R16," ") | I15: =IF(GRAL.!U16<51,GRAL.!U16," ") | J15: =IF(GRAL.!X16<51,GRAL.!X16," ") | K15: =IF(GRAL.!AA16<51,GRAL.!AA16," ") | L15: =IF(GRAL.!AD16<51,GRAL.!AD16," ") | M15: =IF(GRAL.!AG16<51,GRAL.!AG16," ") | N15: =IF(COUNT(C15:M15)=0," ",COUNT(C15:M15)) -> 1
A16: =NOMINA!A18 -> 13 | B16: =NOMINA!B18 -> CORIA URUÑO CHRISTOPER GABRIEL | C16: =IF(GRAL.!C17<51,GRAL.!C17," ") | D16: =IF(GRAL.!F17<51,GRAL.!F17," ") | E16: =IF(GRAL.!I17<51,GRAL.!I17," ") | F16: =IF(GRAL.!L17<51,GRAL.!L17," ") | G16: =IF(GRAL.!O17<51,GRAL.!O17," ") | H16: =IF(GRAL.!R17<51,GRAL.!R17," ") | I16: =IF(GRAL.!U17<51,GRAL.!U17," ") | J16: =IF(GRAL.!X17<51,GRAL.!X17," ") | K16: =IF(GRAL.!AA17<51,GRAL.!AA17," ") | L16: =IF(GRAL.!AD17<51,GRAL.!AD17," ") | M16: =IF(GRAL.!AG17<51,GRAL.!AG17," ") | N16: =IF(COUNT(C16:M16)=0," ",COUNT(C16:M16))
A17: =NOMINA!A19 -> 14 | B17: =NOMINA!B19 -> FLORES BALLESTEROS LEANDRO FRANK | C17: =IF(GRAL.!C18<51,GRAL.!C18," ") | D17: =IF(GRAL.!F18<51,GRAL.!F18," ") | E17: =IF(GRAL.!I18<51,GRAL.!I18," ") | F17: =IF(GRAL.!L18<51,GRAL.!L18," ") | G17: =IF(GRAL.!O18<51,GRAL.!O18," ") | H17: =IF(GRAL.!R18<51,GRAL.!R18," ") | I17: =IF(GRAL.!U18<51,GRAL.!U18," ") | J17: =IF(GRAL.!X18<51,GRAL.!X18," ") | K17: =IF(GRAL.!AA18<51,GRAL.!AA18," ") | L17: =IF(GRAL.!AD18<51,GRAL.!AD18," ") | M17: =IF(GRAL.!AG18<51,GRAL.!AG18," ") | N17: =IF(COUNT(C17:M17)=0," ",COUNT(C17:M17))
A18: =NOMINA!A20 -> 15 | B18: =NOMINA!B20 -> GONZALES MOLINA ARIANET BELEN | C18: =IF(GRAL.!C19<51,GRAL.!C19," ") | D18: =IF(GRAL.!F19<51,GRAL.!F19," ") | E18: =IF(GRAL.!I19<51,GRAL.!I19," ") | F18: =IF(GRAL.!L19<51,GRAL.!L19," ") | G18: =IF(GRAL.!O19<51,GRAL.!O19," ") | H18: =IF(GRAL.!R19<51,GRAL.!R19," ") | I18: =IF(GRAL.!U19<51,GRAL.!U19," ") | J18: =IF(GRAL.!X19<51,GRAL.!X19," ") | K18: =IF(GRAL.!AA19<51,GRAL.!AA19," ") | L18: =IF(GRAL.!AD19<51,GRAL.!AD19," ") | M18: =IF(GRAL.!AG19<51,GRAL.!AG19," ") | N18: =IF(COUNT(C18:M18)=0," ",COUNT(C18:M18))
... A44: =NOMINA!A46 -> 41 | B44: =NOMINA!B46 -> 0 | C44: =IF(GRAL.!C45<51,GRAL.!C45," ") | D44: =IF(GRAL.!F45<51,GRAL.!F45," ") | E44: =IF(GRAL.!I45<51,GRAL.!I45," ") | F44: =IF(GRAL.!L45<51,GRAL.!L45," ") | G44: =IF(GRAL.!O45<51,GRAL.!O45," ") | H44: =IF(GRAL.!R45<51,GRAL.!R45," ") | I44: =IF(GRAL.!U45<51,GRAL.!U45," ") | J44: =IF(GRAL.!X45<51,GRAL.!X45," ") | K44: =IF(GRAL.!AA45<51,GRAL.!AA45," ") | L44: =IF(GRAL.!AD45<51,GRAL.!AD45," ") | M44: =IF(GRAL.!AG45<51,GRAL.!AG45," ") | N44: =IF(COUNT(C44:M44)=0," ",COUNT(C44:M44))
B46: TOTAL MATERIAS REPROBADAS | C46: =COUNT(C4:C44) -> 10 | D46: =COUNT(D4:D44) -> 8 | E46: =COUNT(E4:E44) -> 10 | F46: =COUNT(F4:F44) -> 2 | G46: =COUNT(G4:G44) -> 4 | H46: =COUNT(H4:H44) -> 0 | I46: =COUNT(I4:I44) -> 8 | J46: =COUNT(J4:J44) -> 4 | ... M46: =COUNT(M4:M44) -> 0 | N46: =SUM(N4:N44) -> 53
B47: PORCENTAJE REPROBADOS X MATERIA | C47: =GRAL.!C52 -> 28.571429 | D47: =GRAL.!F52 -> 22.857143 | E47: =GRAL.!I52 -> 28.571429 | F47: =GRAL.!L52 -> 5.7142857 | G47: =GRAL.!O52 -> 11.428571 | H47: =GRAL.!R52 -> 0 | I47: =GRAL.!U52 -> 22.857143 | J47: =GRAL.!X52 -> 11.428571 | K47: =GRAL.!AA52 -> 5.7142857 | L47: =GRAL.!AD52 -> 14.285714 | M47: =GRAL.!AG52 -> 0 | N47: =AVERAGE(C47:M47) -> 13.766234

Sheet REP 2°
A2: =NOMINA!$B$2 -> CURSO 2A | C2: LEN | D2: ING | E2: C. SOC. | F2: E. FIS. | G2: MUS | H2: A. PL. | I2: MAT | J2: T. TEC. G | K2: BIO-GEO | L2: PSI | M2: REL | N2: TOTAL | P2: 1er.Trim
A4: =NOMINA!A6 -> 1 | B4: =NOMINA!B6 -> ABREU MARRERO LIZ DANIELA | C4: =IF(GRAL.!D5<51,GRAL.!D5," ") | D4: =IF(GRAL.!G5<51,GRAL.!G5," ") | E4: =IF(GRAL.!J5<51,GRAL.!J5," ") | F4: =IF(GRAL.!M5<51,GRAL.!M5," ") | G4: =IF(GRAL.!P5<51,GRAL.!P5," ") | H4: =IF(GRAL.!S5<51,GRAL.!S5," ") | I4: =IF(GRAL.!V5<51,GRAL.!V5," ") | J4: =IF(GRAL.!Y5<51,GRAL.!Y5," ") | K4: =IF(GRAL.!AB5<51,GRAL.!AB5," ") | L4: =IF(GRAL.!AE5<51,GRAL.!AE5," ") | M4: =IF(GRAL.!AH5<51,GRAL.!AH5," ") | N4: =IF(COUNT(C4:M4)=0," ",COUNT(C4:M4)) | P4: ='REP 1°'!N4
A5: =NOMINA!A7 -> 2 | B5: =NOMINA!B7 -> ALIAGA SAAVEDRA MARCU MAURICIO | C5: =IF(GRAL.!D6<51,GRAL.!D6," ") | D5: =IF(GRAL.!G6<51,GRAL.!G6," ") | E5: =IF(GRAL.!J6<51,GRAL.!J6," ") | F5: =IF(GRAL.!M6<51,GRAL.!M6," ") | G5: =IF(GRAL.!P6<51,GRAL.!P6," ") | H5: =IF(GRAL.!S6<51,GRAL.!S6," ") | I5: =IF(GRAL.!V6<51,GRAL.!V6," ") | J5: =IF(GRAL.!Y6<51,GRAL.!Y6," ") | K5: =IF(GRAL.!AB6<51,GRAL.!AB6," ") | L5: =IF(GRAL.!AE6<51,GRAL.!AE6," ") | M5: =IF(GRAL.!AH6<51,GRAL.!AH6," ") | N5: =IF(COUNT(C5:M5)=0," ",COUNT(C5:M5)) | P5: ='REP 1°'!N5
A6: =NOMINA!A8 -> 3 | B6: =NOMINA!B8 -> ANTEZANA CACHI JOSE MAXWEL | C6: =IF(GRAL.!D7<51,GRAL.!D7," ") | D6: =IF(GRAL.!G7<51,GRAL.!G7," ") | E6: =IF(GRAL.!J7<51,GRAL.!J7," ") | F6: =IF(GRAL.!M7<51,GRAL.!M7," ") | G6: =IF(GRAL.!P7<51,GRAL.!P7," ") | H6: =IF(GRAL.!S7<51,GRAL.!S7," ") | I6: =IF(GRAL.!V7<51,GRAL.!V7," ") | J6: =IF(GRAL.!Y7<51,GRAL.!Y7," ") | K6: =IF(GRAL.!AB7<51,GRAL.!AB7," ") | L6: =IF(GRAL.!AE7<51,GRAL.!AE7," ") | M6: =IF(GRAL.!AH7<51,GRAL.!AH7," ") | N6: =IF(COUNT(C6:M6)=0," ",COUNT(C6:M6)) | P6: ='REP 1°'!N6 | R6: NOTAS MENORES A 51
A7: =NOMINA!A9 -> 4 | B7: =NOMINA!B9 -> ARIZACA SALGUERO SANTIAGO | C7: =IF(GRAL.!D8<51,GRAL.!D8," ") | D7: =IF(GRAL.!G8<51,GRAL.!G8," ") | E7: =IF(GRAL.!J8<51,GRAL.!J8," ") | F7: =IF(GRAL.!M8<51,GRAL.!M8," ") | G7: =IF(GRAL.!P8<51,GRAL.!P8," ") | H7: =IF(GRAL.!S8<51,GRAL.!S8," ") | I7: =IF(GRAL.!V8<51,GRAL.!V8," ") | J7: =IF(GRAL.!Y8<51,GRAL.!Y8," ") | K7: =IF(GRAL.!AB8<51,GRAL.!AB8," ") | L7: =IF(GRAL.!AE8<51,GRAL.!AE8," ") | M7: =IF(GRAL.!AH8<51,GRAL.!AH8," ") | N7: =IF(COUNT(C7:M7)=0," ",COUNT(C7:M7)) | P7: ='REP 1°'!N7 -> 2
A8: =NOMINA!A10 -> 5 | B8: =NOMINA!B10 -> BAUTISTA GARCIA ALISON LUCIANA | C8: =IF(GRAL.!D9<51,GRAL.!D9," ") | D8: =IF(GRAL.!G9<51,GRAL.!G9," ") | E8: =IF(GRAL.!J9<51,GRAL.!J9," ") | F8: =IF(GRAL.!M9<51,GRAL.!M9," ") | G8: =IF(GRAL.!P9<51,GRAL.!P9," ") | H8: =IF(GRAL.!S9<51,GRAL.!S9," ") | I8: =IF(GRAL.!V9<51,GRAL.!V9," ") | J8: =IF(GRAL.!Y9<51,GRAL.!Y9," ") | K8: =IF(GRAL.!AB9<51,GRAL.!AB9," ") | L8: =IF(GRAL.!AE9<51,GRAL.!AE9," ") | M8: =IF(GRAL.!AH9<51,GRAL.!AH9," ") | N8: =IF(COUNT(C8:M8)=0," ",COUNT(C8:M8)) | P8: ='REP 1°'!N8
A9: =NOMINA!A11 -> 6 | B9: =NOMINA!B11 -> BOLIVAR REVOLLO NIVARDO ADOLFO | C9: =IF(GRAL.!D10<51,GRAL.!D10," ") | D9: =IF(GRAL.!G10<51,GRAL.!G10," ") | E9: =IF(GRAL.!J10<51,GRAL.!J10," ") | F9: =IF(GRAL.!M10<51,GRAL.!M10," ") | G9: =IF(GRAL.!P10<51,GRAL.!P10," ") | H9: =IF(GRAL.!S10<51,GRAL.!S10," ") | I9: =IF(GRAL.!V10<51,GRAL.!V10," ") | J9: =IF(GRAL.!Y10<51,GRAL.!Y10," ") | K9: =IF(GRAL.!AB10<51,GRAL.!AB10," ") | L9: =IF(GRAL.!AE10<51,GRAL.!AE10," ") | M9: =IF(GRAL.!AH10<51,GRAL.!AH10," ") | N9: =IF(COUNT(C9:M9)=0," ",COUNT(C9:M9)) | P9: ='REP 1°'!N9 -> 2
A10: =NOMINA!A12 -> 7 | B10: =NOMINA!B12 -> CADIMA SOLIZ NICOLAS | C10: =IF(GRAL.!D11<51,GRAL.!D11," ") | D10: =IF(GRAL.!G11<51,GRAL.!G11," ") | E10: =IF(GRAL.!J11<51,GRAL.!J11," ") | F10: =IF(GRAL.!M11<51,GRAL.!M11," ") | G10: =IF(GRAL.!P11<51,GRAL.!P11," ") | H10: =IF(GRAL.!S11<51,GRAL.!S11," ") | I10: =IF(GRAL.!V11<51,GRAL.!V11," ") | J10: =IF(GRAL.!Y11<51,GRAL.!Y11," ") | K10: =IF(GRAL.!AB11<51,GRAL.!AB11," ") | L10: =IF(GRAL.!AE11<51,GRAL.!AE11," ") | M10: =IF(GRAL.!AH11<51,GRAL.!AH11," ") | N10: =IF(COUNT(C10:M10)=0," ",COUNT(C10:M10)) | P10: ='REP 1°'!N10 -> 4
A11: =NOMINA!A13 -> 8 | B11: =NOMINA!B13 -> CALLE PEREZ ANDREA BELEN | C11: =IF(GRAL.!D12<51,GRAL.!D12," ") | D11: =IF(GRAL.!G12<51,GRAL.!G12," ") | E11: =IF(GRAL.!J12<51,GRAL.!J12," ") | F11: =IF(GRAL.!M12<51,GRAL.!M12," ") | G11: =IF(GRAL.!P12<51,GRAL.!P12," ") | H11: =IF(GRAL.!S12<51,GRAL.!S12," ") | I11: =IF(GRAL.!V12<51,GRAL.!V12," ") | J11: =IF(GRAL.!Y12<51,GRAL.!Y12," ") | K11: =IF(GRAL.!AB12<51,GRAL.!AB12," ") | L11: =IF(GRAL.!AE12<51,GRAL.!AE12," ") | M11: =IF(GRAL.!AH12<51,GRAL.!AH12," ") | N11: =IF(COUNT(C11:M11)=0," ",COUNT(C11:M11)) | P11: ='REP 1°'!N11
A12: =NOMINA!A14 -> 9 | B12: =NOMINA!B14 -> CHAVEZ AMURRIO SEBASTIAN FABIAN | C12: =IF(GRAL.!D13<51,GRAL.!D13," ") | D12: =IF(GRAL.!G13<51,GRAL.!G13," ") | E12: =IF(GRAL.!J13<51,GRAL.!J13," ") | F12: =IF(GRAL.!M13<51,GRAL.!M13," ") | G12: =IF(GRAL.!P13<51,GRAL.!P13," ") | H12: =IF(GRAL.!S13<51,GRAL.!S13," ") | I12: =IF(GRAL.!V13<51,GRAL.!V13," ") | J12: =IF(GRAL.!Y13<51,GRAL.!Y13," ") | K12: =IF(GRAL.!AB13<51,GRAL.!AB13," ") | L12: =IF(GRAL.!AE13<51,GRAL.!AE13," ") | M12: =IF(GRAL.!AH13<51,GRAL.!AH13," ") | N12: =IF(COUNT(C12:M12)=0," ",COUNT(C12:M12)) | P12: ='REP 1°'!N12 -> 7
A13: =NOMINA!A15 -> 10 | B13: =NOMINA!B15 -> CHOQUE ARISPE YURIANA LUCIA | C13: =IF(GRAL.!D14<51,GRAL.!D14," ") | D13: =IF(GRAL.!G14<51,GRAL.!G14," ") | E13: =IF(GRAL.!J14<51,GRAL.!J14," ") | F13: =IF(GRAL.!M14<51,GRAL.!M14," ") | G13: =IF(GRAL.!P14<51,GRAL.!P14," ") | H13: =IF(GRAL.!S14<51,GRAL.!S14," ") | I13: =IF(GRAL.!V14<51,GRAL.!V14," ") | J13: =IF(GRAL.!Y14<51,GRAL.!Y14," ") | K13: =IF(GRAL.!AB14<51,GRAL.!AB14," ") | L13: =IF(GRAL.!AE14<51,GRAL.!AE14," ") | M13: =IF(GRAL.!AH14<51,GRAL.!AH14," ") | N13: =IF(COUNT(C13:M13)=0," ",COUNT(C13:M13)) | P13: ='REP 1°'!N13 -> 1
A14: =NOMINA!A16 -> 11 | B14: =NOMINA!B16 -> CHOQUE PERALTA JHOEL ELIAZAR | C14: =IF(GRAL.!D15<51,GRAL.!D15," ") | D14: =IF(GRAL.!G15<51,GRAL.!G15," ") | E14: =IF(GRAL.!J15<51,GRAL.!J15," ") | F14: =IF(GRAL.!M15<51,GRAL.!M15," ") | G14: =IF(GRAL.!P15<51,GRAL.!P15," ") | H14: =IF(GRAL.!S15<51,GRAL.!S15," ") | I14: =IF(GRAL.!V15<51,GRAL.!V15," ") | J14: =IF(GRAL.!Y15<51,GRAL.!Y15," ") | K14: =IF(GRAL.!AB15<51,GRAL.!AB15," ") | L14: =IF(GRAL.!AE15<51,GRAL.!AE15," ") | M14: =IF(GRAL.!AH15<51,GRAL.!AH15," ") | N14: =IF(COUNT(C14:M14)=0," ",COUNT(C14:M14)) | P14: ='REP 1°'!N14
A15: =NOMINA!A17 -> 12 | B15: =NOMINA!B17 -> COPA RIVERO MARCIA MARCELA | C15: =IF(GRAL.!D16<51,GRAL.!D16," ") | D15: =IF(GRAL.!G16<51,GRAL.!G16," ") | E15: =IF(GRAL.!J16<51,GRAL.!J16," ") | F15: =IF(GRAL.!M16<51,GRAL.!M16," ") | G15: =IF(GRAL.!P16<51,GRAL.!P16," ") | H15: =IF(GRAL.!S16<51,GRAL.!S16," ") | I15: =IF(GRAL.!V16<51,GRAL.!V16," ") | J15: =IF(GRAL.!Y16<51,GRAL.!Y16," ") | K15: =IF(GRAL.!AB16<51,GRAL.!AB16," ") | L15: =IF(GRAL.!AE16<51,GRAL.!AE16," ") | M15: =IF(GRAL.!AH16<51,GRAL.!AH16," ") | N15: =IF(COUNT(C15:M15)=0," ",COUNT(C15:M15)) | P15: ='REP 1°'!N15 -> 1
A16: =NOMINA!A18 -> 13 | B16: =NOMINA!B18 -> CORIA URUÑO CHRISTOPER GABRIEL | C16: =IF(GRAL.!D17<51,GRAL.!D17," ") | D16: =IF(GRAL.!G17<51,GRAL.!G17," ") | E16: =IF(GRAL.!J17<51,GRAL.!J17," ") | F16: =IF(GRAL.!M17<51,GRAL.!M17," ") | G16: =IF(GRAL.!P17<51,GRAL.!P17," ") | H16: =IF(GRAL.!S17<51,GRAL.!S17," ") | I16: =IF(GRAL.!V17<51,GRAL.!V17," ") | J16: =IF(GRAL.!Y17<51,GRAL.!Y17," ") | K16: =IF(GRAL.!AB17<51,GRAL.!AB17," ") | L16: =IF(GRAL.!AE17<51,GRAL.!AE17," ") | M16: =IF(GRAL.!AH17<51,GRAL.!AH17," ") | N16: =IF(COUNT(C16:M16)=0," ",COUNT(C16:M16)) | P16: ='REP 1°'!N16
A17: =NOMINA!A19 -> 14 | B17: =NOMINA!B19 -> FLORES BALLESTEROS LEANDRO FRANK | C17: =IF(GRAL.!D18<51,GRAL.!D18," ") | D17: =IF(GRAL.!G18<51,GRAL.!G18," ") | E17: =IF(GRAL.!J18<51,GRAL.!J18," ") | F17: =IF(GRAL.!M18<51,GRAL.!M18," ") | G17: =IF(GRAL.!P18<51,GRAL.!P18," ") | H17: =IF(GRAL.!S18<51,GRAL.!S18," ") | I17: =IF(GRAL.!V18<51,GRAL.!V18," ") | J17: =IF(GRAL.!Y18<51,GRAL.!Y18," ") | K17: =IF(GRAL.!AB18<51,GRAL.!AB18," ") | L17: =IF(GRAL.!AE18<51,GRAL.!AE18," ") | M17: =IF(GRAL.!AH18<51,GRAL.!AH18," ") | N17: =IF(COUNT(C17:M17)=0," ",COUNT(C17:M17)) | P17: ='REP 1°'!N17
A18: =NOMINA!A20 -> 15 | B18: =NOMINA!B20 -> GONZALES MOLINA ARIANET BELEN | C18: =IF(GRAL.!D19<51,GRAL.!D19," ") | D18: =IF(GRAL.!G19<51,GRAL.!G19," ") | E18: =IF(GRAL.!J19<51,GRAL.!J19," ") | F18: =IF(GRAL.!M19<51,GRAL.!M19," ") | G18: =IF(GRAL.!P19<51,GRAL.!P19," ") | H18: =IF(GRAL.!S19<51,GRAL.!S19," ") | I18: =IF(GRAL.!V19<51,GRAL.!V19," ") | J18: =IF(GRAL.!Y19<51,GRAL.!Y19," ") | K18: =IF(GRAL.!AB19<51,GRAL.!AB19," ") | L18: =IF(GRAL.!AE19<51,GRAL.!AE19," ") | M18: =IF(GRAL.!AH19<51,GRAL.!AH19," ") | N18: =IF(COUNT(C18:M18)=0," ",COUNT(C18:M18)) | P18: ='REP 1°'!N18
... A44: =NOMINA!A46 -> 41 | B44: =NOMINA!B46 -> 0 | C44: =IF(GRAL.!D45<51,GRAL.!D45," ") | D44: =IF(GRAL.!G45<51,GRAL.!G45," ") | E44: =IF(GRAL.!J45<51,GRAL.!J45," ") | F44: =IF(GRAL.!M45<51,GRAL.!M45," ") | G44: =IF(GRAL.!P45<51,GRAL.!P45," ") | H44: =IF(GRAL.!S45<51,GRAL.!S45," ") | I44: =IF(GRAL.!V45<51,GRAL.!V45," ") | J44: =IF(GRAL.!Y45<51,GRAL.!Y45," ") | K44: =IF(GRAL.!AB45<51,GRAL.!AB45," ") | L44: =IF(GRAL.!AE45<51,GRAL.!AE45," ") | M44: =IF(GRAL.!AH45<51,GRAL.!AH45," ") | N44: =IF(COUNT(C44:M44)=0," ",COUNT(C44:M44)) | P44: ='REP 1°'!N44
B46: TOTAL REPROBADOS | C46: =COUNT(C4:C44) -> 0 | D46: =COUNT(D4:D44) -> 0 | E46: =COUNT(E4:E44) -> 0 | F46: =COUNT(F4:F44) -> 0 | G46: =COUNT(G4:G44) -> 0 | H46: =COUNT(H4:H44) -> 0 | I46: =COUNT(I4:I44) -> 0 | J46: =COUNT(J4:J44) -> 0 | ... M46: =COUNT(M4:M44) -> 0 | N46: =SUM(N4:N44) -> 0 | P46: ='REP 1°'!N46 -> 53
B47: PORCENTAJE REPROBADOS | C47: =GRAL.!D52 -> #DIV/0! | D47: =GRAL.!G52 -> #DIV/0! | E47: =GRAL.!J52 -> #DIV/0! | F47: =GRAL.!M52 -> #DIV/0! | G47: =GRAL.!P52 -> #DIV/0! | H47: =GRAL.!S52 -> #DIV/0! | I47: =GRAL.!V52 -> #DIV/0! | J47: =GRAL.!Y52 -> #DIV/0! | K47: =GRAL.!AB52 -> #DIV/0! | L47: =GRAL.!AE52 -> #DIV/0! | M47: =GRAL.!AH52 -> #DIV/0! | N47: =AVERAGE(C47:M47) -> #DIV/0! | P47: ='REP 1°'!N47 -> 13.766234

Sheet REP 3°
A2: =NOMINA!$B$2 -> CURSO 2A | C2: LEN | D2: ING | E2: C. SOC. | F2: E. FIS. | G2: MUS | H2: A. PL. | I2: MAT | J2: T. TEC. G | K2: BIO-GEO | L2: PSI | M2: REL | N2: TOTAL | P2: 1er.Trim | Q2: 2do. Trim
A4: =NOMINA!A6 -> 1 | B4: =NOMINA!B6 -> ABREU MARRERO LIZ DANIELA | C4: =IF(GRAL.!E5<51,GRAL.!E5," ") | D4: =IF(GRAL.!H5<51,GRAL.!H5," ") | E4: =IF(GRAL.!K5<51,GRAL.!K5," ") | F4: =IF(GRAL.!N5<51,GRAL.!N5," ") | G4: =IF(GRAL.!Q5<51,GRAL.!Q5," ") | H4: =IF(GRAL.!T5<51,GRAL.!T5," ") | I4: =IF(GRAL.!W5<51,GRAL.!W5," ") | J4: =IF(GRAL.!Z5<51,GRAL.!Z5," ") | K4: =IF(GRAL.!AC5<51,GRAL.!AC5," ") | L4: =IF(GRAL.!AF5<51,GRAL.!AF5," ") | M4: =IF(GRAL.!AI5<51,GRAL.!AI5," ") | N4: =IF(COUNT(C4:M4)=0," ",COUNT(C4:M4)) | P4: ='REP 1°'!N4 | Q4: ='REP 2°'!N4
A5: =NOMINA!A7 -> 2 | B5: =NOMINA!B7 -> ALIAGA SAAVEDRA MARCU MAURICIO | C5: =IF(GRAL.!E6<51,GRAL.!E6," ") | D5: =IF(GRAL.!H6<51,GRAL.!H6," ") | E5: =IF(GRAL.!K6<51,GRAL.!K6," ") | F5: =IF(GRAL.!N6<51,GRAL.!N6," ") | G5: =IF(GRAL.!Q6<51,GRAL.!Q6," ") | H5: =IF(GRAL.!T6<51,GRAL.!T6," ") | I5: =IF(GRAL.!W6<51,GRAL.!W6," ") | J5: =IF(GRAL.!Z6<51,GRAL.!Z6," ") | K5: =IF(GRAL.!AC6<51,GRAL.!AC6," ") | L5: =IF(GRAL.!AF6<51,GRAL.!AF6," ") | M5: =IF(GRAL.!AI6<51,GRAL.!AI6," ") | N5: =IF(COUNT(C5:M5)=0," ",COUNT(C5:M5)) | P5: ='REP 1°'!N5 | Q5: ='REP 2°'!N5
A6: =NOMINA!A8 -> 3 | B6: =NOMINA!B8 -> ANTEZANA CACHI JOSE MAXWEL | C6: =IF(GRAL.!E7<51,GRAL.!E7," ") | D6: =IF(GRAL.!H7<51,GRAL.!H7," ") | E6: =IF(GRAL.!K7<51,GRAL.!K7," ") | F6: =IF(GRAL.!N7<51,GRAL.!N7," ") | G6: =IF(GRAL.!Q7<51,GRAL.!Q7," ") | H6: =IF(GRAL.!T7<51,GRAL.!T7," ") | I6: =IF(GRAL.!W7<51,GRAL.!W7," ") | J6: =IF(GRAL.!Z7<51,GRAL.!Z7," ") | K6: =IF(GRAL.!AC7<51,GRAL.!AC7," ") | L6: =IF(GRAL.!AF7<51,GRAL.!AF7," ") | M6: =IF(GRAL.!AI7<51,GRAL.!AI7," ") | N6: =IF(COUNT(C6:M6)=0," ",COUNT(C6:M6)) | P6: ='REP 1°'!N6 | Q6: ='REP 2°'!N6 | R6: NOTAS MENORES A 51
A7: =NOMINA!A9 -> 4 | B7: =NOMINA!B9 -> ARIZACA SALGUERO SANTIAGO | C7: =IF(GRAL.!E8<51,GRAL.!E8," ") | D7: =IF(GRAL.!H8<51,GRAL.!H8," ") | E7: =IF(GRAL.!K8<51,GRAL.!K8," ") | F7: =IF(GRAL.!N8<51,GRAL.!N8," ") | G7: =IF(GRAL.!Q8<51,GRAL.!Q8," ") | H7: =IF(GRAL.!T8<51,GRAL.!T8," ") | I7: =IF(GRAL.!W8<51,GRAL.!W8," ") | J7: =IF(GRAL.!Z8<51,GRAL.!Z8," ") | K7: =IF(GRAL.!AC8<51,GRAL.!AC8," ") | L7: =IF(GRAL.!AF8<51,GRAL.!AF8," ") | M7: =IF(GRAL.!AI8<51,GRAL.!AI8," ") | N7: =IF(COUNT(C7:M7)=0," ",COUNT(C7:M7)) | P7: ='REP 1°'!N7 -> 2 | Q7: ='REP 2°'!N7
A8: =NOMINA!A10 -> 5 | B8: =NOMINA!B10 -> BAUTISTA GARCIA ALISON LUCIANA | C8: =IF(GRAL.!E9<51,GRAL.!E9," ") | D8: =IF(GRAL.!H9<51,GRAL.!H9," ") | E8: =IF(GRAL.!K9<51,GRAL.!K9," ") | F8: =IF(GRAL.!N9<51,GRAL.!N9," ") | G8: =IF(GRAL.!Q9<51,GRAL.!Q9," ") | H8: =IF(GRAL.!T9<51,GRAL.!T9," ") | I8: =IF(GRAL.!W9<51,GRAL.!W9," ") | J8: =IF(GRAL.!Z9<51,GRAL.!Z9," ") | K8: =IF(GRAL.!AC9<51,GRAL.!AC9," ") | L8: =IF(GRAL.!AF9<51,GRAL.!AF9," ") | M8: =IF(GRAL.!AI9<51,GRAL.!AI9," ") | N8: =IF(COUNT(C8:M8)=0," ",COUNT(C8:M8)) | P8: ='REP 1°'!N8 | Q8: ='REP 2°'!N8
A9: =NOMINA!A11 -> 6 | B9: =NOMINA!B11 -> BOLIVAR REVOLLO NIVARDO ADOLFO | C9: =IF(GRAL.!E10<51,GRAL.!E10," ") | D9: =IF(GRAL.!H10<51,GRAL.!H10," ") | E9: =IF(GRAL.!K10<51,GRAL.!K10," ") | F9: =IF(GRAL.!N10<51,GRAL.!N10," ") | G9: =IF(GRAL.!Q10<51,GRAL.!Q10," ") | H9: =IF(GRAL.!T10<51,GRAL.!T10," ") | I9: =IF(GRAL.!W10<51,GRAL.!W10," ") | J9: =IF(GRAL.!Z10<51,GRAL.!Z10," ") | K9: =IF(GRAL.!AC10<51,GRAL.!AC10," ") | L9: =IF(GRAL.!AF10<51,GRAL.!AF10," ") | M9: =IF(GRAL.!AI10<51,GRAL.!AI10," ") | N9: =IF(COUNT(C9:M9)=0," ",COUNT(C9:M9)) | P9: ='REP 1°'!N9 -> 2 | Q9: ='REP 2°'!N9
A10: =NOMINA!A12 -> 7 | B10: =NOMINA!B12 -> CADIMA SOLIZ NICOLAS | C10: =IF(GRAL.!E11<51,GRAL.!E11," ") | D10: =IF(GRAL.!H11<51,GRAL.!H11," ") | E10: =IF(GRAL.!K11<51,GRAL.!K11," ") | F10: =IF(GRAL.!N11<51,GRAL.!N11," ") | G10: =IF(GRAL.!Q11<51,GRAL.!Q11," ") | H10: =IF(GRAL.!T11<51,GRAL.!T11," ") | I10: =IF(GRAL.!W11<51,GRAL.!W11," ") | J10: =IF(GRAL.!Z11<51,GRAL.!Z11," ") | K10: =IF(GRAL.!AC11<51,GRAL.!AC11," ") | L10: =IF(GRAL.!AF11<51,GRAL.!AF11," ") | M10: =IF(GRAL.!AI11<51,GRAL.!AI11," ") | N10: =IF(COUNT(C10:M10)=0," ",COUNT(C10:M10)) | P10: ='REP 1°'!N10 -> 4 | Q10: ='REP 2°'!N10
A11: =NOMINA!A13 -> 8 | B11: =NOMINA!B13 -> CALLE PEREZ ANDREA BELEN | C11: =IF(GRAL.!E12<51,GRAL.!E12," ") | D11: =IF(GRAL.!H12<51,GRAL.!H12," ") | E11: =IF(GRAL.!K12<51,GRAL.!K12," ") | F11: =IF(GRAL.!N12<51,GRAL.!N12," ") | G11: =IF(GRAL.!Q12<51,GRAL.!Q12," ") | H11: =IF(GRAL.!T12<51,GRAL.!T12," ") | I11: =IF(GRAL.!W12<51,GRAL.!W12," ") | J11: =IF(GRAL.!Z12<51,GRAL.!Z12," ") | K11: =IF(GRAL.!AC12<51,GRAL.!AC12," ") | L11: =IF(GRAL.!AF12<51,GRAL.!AF12," ") | M11: =IF(GRAL.!AI12<51,GRAL.!AI12," ") | N11: =IF(COUNT(C11:M11)=0," ",COUNT(C11:M11)) | P11: ='REP 1°'!N11 | Q11: ='REP 2°'!N11
A12: =NOMINA!A14 -> 9 | B12: =NOMINA!B14 -> CHAVEZ AMURRIO SEBASTIAN FABIAN | C12: =IF(GRAL.!E13<51,GRAL.!E13," ") | D12: =IF(GRAL.!H13<51,GRAL.!H13," ") | E12: =IF(GRAL.!K13<51,GRAL.!K13," ") | F12: =IF(GRAL.!N13<51,GRAL.!N13," ") | G12: =IF(GRAL.!Q13<51,GRAL.!Q13," ") | H12: =IF(GRAL.!T13<51,GRAL.!T13," ") | I12: =IF(GRAL.!W13<51,GRAL.!W13," ") | J12: =IF(GRAL.!Z13<51,GRAL.!Z13," ") | K12: =IF(GRAL.!AC13<51,GRAL.!AC13," ") | L12: =IF(GRAL.!AF13<51,GRAL.!AF13," ") | M12: =IF(GRAL.!AI13<51,GRAL.!AI13," ") | N12: =IF(COUNT(C12:M12)=0," ",COUNT(C12:M12)) | P12: ='REP 1°'!N12 -> 7 | Q12: ='REP 2°'!N12
A13: =NOMINA!A15 -> 10 | B13: =NOMINA!B15 -> CHOQUE ARISPE YURIANA LUCIA | C13: =IF(GRAL.!E14<51,GRAL.!E14," ") | D13: =IF(GRAL.!H14<51,GRAL.!H14," ") | E13: =IF(GRAL.!K14<51,GRAL.!K14," ") | F13: =IF(GRAL.!N14<51,GRAL.!N14," ") | G13: =IF(GRAL.!Q14<51,GRAL.!Q14," ") | H13: =IF(GRAL.!T14<51,GRAL.!T14," ") | I13: =IF(GRAL.!W14<51,GRAL.!W14," ") | J13: =IF(GRAL.!Z14<51,GRAL.!Z14," ") | K13: =IF(GRAL.!AC14<51,GRAL.!AC14," ") | L13: =IF(GRAL.!AF14<51,GRAL.!AF14," ") | M13: =IF(GRAL.!AI14<51,GRAL.!AI14," ") | N13: =IF(COUNT(C13:M13)=0," ",COUNT(C13:M13)) | P13: ='REP 1°'!N13 -> 1 | Q13: ='REP 2°'!N13
A14: =NOMINA!A16 -> 11 | B14: =NOMINA!B16 -> CHOQUE PERALTA JHOEL ELIAZAR | C14: =IF(GRAL.!E15<51,GRAL.!E15," ") | D14: =IF(GRAL.!H15<51,GRAL.!H15," ") | E14: =IF(GRAL.!K15<51,GRAL.!K15," ") | F14: =IF(GRAL.!N15<51,GRAL.!N15," ") | G14: =IF(GRAL.!Q15<51,GRAL.!Q15," ") | H14: =IF(GRAL.!T15<51,GRAL.!T15," ") | I14: =IF(GRAL.!W15<51,GRAL.!W15," ") | J14: =IF(GRAL.!Z15<51,GRAL.!Z15," ") | K14: =IF(GRAL.!AC15<51,GRAL.!AC15," ") | L14: =IF(GRAL.!AF15<51,GRAL.!AF15," ") | M14: =IF(GRAL.!AI15<51,GRAL.!AI15," ") | N14: =IF(COUNT(C14:M14)=0," ",COUNT(C14:M14)) | P14: ='REP 1°'!N14 | Q14: ='REP 2°'!N14
A15: =NOMINA!A17 -> 12 | B15: =NOMINA!B17 -> COPA RIVERO MARCIA MARCELA | C15: =IF(GRAL.!E16<51,GRAL.!E16," ") | D15: =IF(GRAL.!H16<51,GRAL.!H16," ") | E15: =IF(GRAL.!K16<51,GRAL.!K16," ") | F15: =IF(GRAL.!N16<51,GRAL.!N16," ") | G15: =IF(GRAL.!Q16<51,GRAL.!Q16," ") | H15: =IF(GRAL.!T16<51,GRAL.!T16," ") | I15: =IF(GRAL.!W16<51,GRAL.!W16," ") | J15: =IF(GRAL.!Z16<51,GRAL.!Z16," ") | K15: =IF(GRAL.!AC16<51,GRAL.!AC16," ") | L15: =IF(GRAL.!AF16<51,GRAL.!AF16," ") | M15: =IF(GRAL.!AI16<51,GRAL.!AI16," ") | N15: =IF(COUNT(C15:M15)=0," ",COUNT(C15:M15)) | P15: ='REP 1°'!N15 -> 1 | Q15: ='REP 2°'!N15
A16: =NOMINA!A18 -> 13 | B16: =NOMINA!B18 -> CORIA URUÑO CHRISTOPER GABRIEL | C16: =IF(GRAL.!E17<51,GRAL.!E17," ") | D16: =IF(GRAL.!H17<51,GRAL.!H17," ") | E16: =IF(GRAL.!K17<51,GRAL.!K17," ") | F16: =IF(GRAL.!N17<51,GRAL.!N17," ") | G16: =IF(GRAL.!Q17<51,GRAL.!Q17," ") | H16: =IF(GRAL.!T17<51,GRAL.!T17," ") | I16: =IF(GRAL.!W17<51,GRAL.!W17," ") | J16: =IF(GRAL.!Z17<51,GRAL.!Z17," ") | K16: =IF(GRAL.!AC17<51,GRAL.!AC17," ") | L16: =IF(GRAL.!AF17<51,GRAL.!AF17," ") | M16: =IF(GRAL.!AI17<51,GRAL.!AI17," ") | N16: =IF(COUNT(C16:M16)=0," ",COUNT(C16:M16)) | P16: ='REP 1°'!N16 | Q16: ='REP 2°'!N16
A17: =NOMINA!A19 -> 14 | B17: =NOMINA!B19 -> FLORES BALLESTEROS LEANDRO FRANK | C17: =IF(GRAL.!E18<51,GRAL.!E18," ") | D17: =IF(GRAL.!H18<51,GRAL.!H18," ") | E17: =IF(GRAL.!K18<51,GRAL.!K18," ") | F17: =IF(GRAL.!N18<51,GRAL.!N18," ") | G17: =IF(GRAL.!Q18<51,GRAL.!Q18," ") | H17: =IF(GRAL.!T18<51,GRAL.!T18," ") | I17: =IF(GRAL.!W18<51,GRAL.!W18," ") | J17: =IF(GRAL.!Z18<51,GRAL.!Z18," ") | K17: =IF(GRAL.!AC18<51,GRAL.!AC18," ") | L17: =IF(GRAL.!AF18<51,GRAL.!AF18," ") | M17: =IF(GRAL.!AI18<51,GRAL.!AI18," ") | N17: =IF(COUNT(C17:M17)=0," ",COUNT(C17:M17)) | P17: ='REP 1°'!N17 | Q17: ='REP 2°'!N17
A18: =NOMINA!A20 -> 15 | B18: =NOMINA!B20 -> GONZALES MOLINA ARIANET BELEN | C18: =IF(GRAL.!E19<51,GRAL.!E19," ") | D18: =IF(GRAL.!H19<51,GRAL.!H19," ") | E18: =IF(GRAL.!K19<51,GRAL.!K19," ") | F18: =IF(GRAL.!N19<51,GRAL.!N19," ") | G18: =IF(GRAL.!Q19<51,GRAL.!Q19," ") | H18: =IF(GRAL.!T19<51,GRAL.!T19," ") | I18: =IF(GRAL.!W19<51,GRAL.!W19," ") | J18: =IF(GRAL.!Z19<51,GRAL.!Z19," ") | K18: =IF(GRAL.!AC19<51,GRAL.!AC19," ") | L18: =IF(GRAL.!AF19<51,GRAL.!AF19," ") | M18: =IF(GRAL.!AI19<51,GRAL.!AI19," ") | N18: =IF(COUNT(C18:M18)=0," ",COUNT(C18:M18)) | P18: ='REP 1°'!N18 | Q18: ='REP 2°'!N18
... A22: =NOMINA!A24 -> 19 | B22: =NOMINA!B24 -> LAFUENTE ORTUÑO VICTORIA VALENTINA | C22: =IF(GRAL.!E23<51,GRAL.!E23," ") | D22: =IF(GRAL.!H23<51,GRAL.!H23," ") | E22: =IF(GRAL.!K23<51,GRAL.!K23," ") | F22: =IF(GRAL.!N23<51,GRAL.!N23," ") | G22: =IF(GRAL.!Q23<51,GRAL.!Q23," ") | H22: =IF(GRAL.!T23<51,GRAL.!T23," ") | I22: =IF(GRAL.!W23<51,GRAL.!W23," ") | J22: =IF(GRAL.!Z23<51,GRAL.!Z23," ") | K22: =IF(GRAL.!AC23<51,GRAL.!AC23," ") | L22: =IF(GRAL.!AF23<51,GRAL.!AF23," ") | M22: =IF(GRAL.!AI23<51,GRAL.!AI23," ") | N22: =IF(COUNT(C22:M22)=0," ",COUNT(C22:M22)) | P22: ='REP 1°'!N22 -> 4 | Q22: ='REP 2°'!N22
A23: =NOMINA!A26 -> 21 | B23: =NOMINA!B26 -> MERUVIA GUTIERREZ ASHLY SCARLETT | C23: =IF(GRAL.!E24<51,GRAL.!E24," ") | D23: =IF(GRAL.!H24<51,GRAL.!H24," ") | E23: =IF(GRAL.!K24<51,GRAL.!K24," ") | F23: =IF(GRAL.!N24<51,GRAL.!N24," ") | G23: =IF(GRAL.!Q24<51,GRAL.!Q24," ") | H23: =IF(GRAL.!T24<51,GRAL.!T24," ") | I23: =IF(GRAL.!W24<51,GRAL.!W24," ") | J23: =IF(GRAL.!Z24<51,GRAL.!Z24," ") | K23: =IF(GRAL.!AC24<51,GRAL.!AC24," ") | L23: =IF(GRAL.!AF24<51,GRAL.!AF24," ") | M23: =IF(GRAL.!AI24<51,GRAL.!AI24," ") | N23: =IF(COUNT(C23:M23)=0," ",COUNT(C23:M23)) | P23: ='REP 1°'!N23 -> 1 | Q23: ='REP 2°'!N23
A24: =NOMINA!A27 -> 22 | B24: =NOMINA!B27 -> MONTAÑO QUILO BENJAMIN GONZALO | C24: =IF(GRAL.!E25<51,GRAL.!E25," ") | D24: =IF(GRAL.!H25<51,GRAL.!H25," ") | E24: =IF(GRAL.!K25<51,GRAL.!K25," ") | F24: =IF(GRAL.!N25<51,GRAL.!N25," ") | G24: =IF(GRAL.!Q25<51,GRAL.!Q25," ") | H24: =IF(GRAL.!T25<51,GRAL.!T25," ") | I24: =IF(GRAL.!W25<51,GRAL.!W25," ") | J24: =IF(GRAL.!Z25<51,GRAL.!Z25," ") | K24: =IF(GRAL.!AC25<51,GRAL.!AC25," ") | L24: =IF(GRAL.!AF25<51,GRAL.!AF25," ") | M24: =IF(GRAL.!AI25<51,GRAL.!AI25," ") | N24: =IF(COUNT(C24:M24)=0," ",COUNT(C24:M24)) | P24: ='REP 1°'!N24 | Q24: ='REP 2°'!N24
A25: =NOMINA!A28 -> 23 | B25: =NOMINA!B28 -> PANIAGUA VARGAS KEYLA | C25: =IF(GRAL.!E26<51,GRAL.!E26," ") | D25: =IF(GRAL.!H26<51,GRAL.!H26," ") | E25: =IF(GRAL.!K26<51,GRAL.!K26," ") | F25: =IF(GRAL.!N26<51,GRAL.!N26," ") | G25: =IF(GRAL.!Q26<51,GRAL.!Q26," ") | H25: =IF(GRAL.!T26<51,GRAL.!T26," ") | I25: =IF(GRAL.!W26<51,GRAL.!W26," ") | J25: =IF(GRAL.!Z26<51,GRAL.!Z26," ") | K25: =IF(GRAL.!AC26<51,GRAL.!AC26," ") | L25: =IF(GRAL.!AF26<51,GRAL.!AF26," ") | M25: =IF(GRAL.!AI26<51,GRAL.!AI26," ") | N25: =IF(COUNT(C25:M25)=0," ",COUNT(C25:M25)) | P25: ='REP 1°'!N25 -> 6 | Q25: ='REP 2°'!N25
A26: =NOMINA!A29 -> 24 | B26: =NOMINA!B29 -> PATZI GUARACHI MARIA BELEN | C26: =IF(GRAL.!E27<51,GRAL.!E27," ") | D26: =IF(GRAL.!H27<51,GRAL.!H27," ") | E26: =IF(GRAL.!K27<51,GRAL.!K27," ") | F26: =IF(GRAL.!N27<51,GRAL.!N27," ") | G26: =IF(GRAL.!Q27<51,GRAL.!Q27," ") | H26: =IF(GRAL.!T27<51,GRAL.!T27," ") | I26: =IF(GRAL.!W27<51,GRAL.!W27," ") | J26: =IF(GRAL.!Z27<51,GRAL.!Z27," ") | K26: =IF(GRAL.!AC27<51,GRAL.!AC27," ") | L26: =IF(GRAL.!AF27<51,GRAL.!AF27," ") | M26: =IF(GRAL.!AI27<51,GRAL.!AI27," ") | N26: =IF(COUNT(C26:M26)=0," ",COUNT(C26:M26)) | P26: ='REP 1°'!N26 | Q26: ='REP 2°'!N26
A27: =NOMINA!A30 -> 25 | B27: =NOMINA!B30 -> QUENALLATA CESPEDES LUMAIDA YANISS | C27: =IF(GRAL.!E28<51,GRAL.!E28," ") | D27: =IF(GRAL.!H28<51,GRAL.!H28," ") | E27: =IF(GRAL.!K28<51,GRAL.!K28," ") | F27: =IF(GRAL.!N28<51,GRAL.!N28," ") | G27: =IF(GRAL.!Q28<51,GRAL.!Q28," ") | H27: =IF(GRAL.!T28<51,GRAL.!T28," ") | I27: =IF(GRAL.!W28<51,GRAL.!W28," ") | J27: =IF(GRAL.!Z28<51,GRAL.!Z28," ") | K27: =IF(GRAL.!AC28<51,GRAL.!AC28," ") | L27: =IF(GRAL.!AF28<51,GRAL.!AF28," ") | M27: =IF(GRAL.!AI28<51,GRAL.!AI28," ") | N27: =IF(COUNT(C27:M27)=0," ",COUNT(C27:M27)) | P27: ='REP 1°'!N27 | Q27: ='REP 2°'!N27
A28: =NOMINA!A31 -> 26 | B28: =NOMINA!B31 -> QUISPE ESCARZA CIELO | C28: =IF(GRAL.!E29<51,GRAL.!E29," ") | D28: =IF(GRAL.!H29<51,GRAL.!H29," ") | E28: =IF(GRAL.!K29<51,GRAL.!K29," ") | F28: =IF(GRAL.!N29<51,GRAL.!N29," ") | G28: =IF(GRAL.!Q29<51,GRAL.!Q29," ") | H28: =IF(GRAL.!T29<51,GRAL.!T29," ") | I28: =IF(GRAL.!W29<51,GRAL.!W29," ") | J28: =IF(GRAL.!Z29<51,GRAL.!Z29," ") | K28: =IF(GRAL.!AC29<51,GRAL.!AC29," ") | L28: =IF(GRAL.!AF29<51,GRAL.!AF29," ") | M28: =IF(GRAL.!AI29<51,GRAL.!AI29," ") | N28: =IF(COUNT(C28:M28)=0," ",COUNT(C28:M28)) | P28: ='REP 1°'!N28 -> 4 | Q28: ='REP 2°'!N28
A29: =NOMINA!A32 -> 27 | B29: =NOMINA!B32 -> QUISPE MILAN ADRIAN ANTHONY | C29: =IF(GRAL.!E30<51,GRAL.!E30," ") | D29: =IF(GRAL.!H30<51,GRAL.!H30," ") | E29: =IF(GRAL.!K30<51,GRAL.!K30," ") | F29: =IF(GRAL.!N30<51,GRAL.!N30," ") | G29: =IF(GRAL.!Q30<51,GRAL.!Q30," ") | H29: =IF(GRAL.!T30<51,GRAL.!T30," ") | I29: =IF(GRAL.!W30<51,GRAL.!W30," ") | J29: =IF(GRAL.!Z30<51,GRAL.!Z30," ") | K29: =IF(GRAL.!AC30<51,GRAL.!AC30," ") | L29: =IF(GRAL.!AF30<51,GRAL.!AF30," ") | M29: =IF(GRAL.!AI30<51,GRAL.!AI30," ") | N29: =IF(COUNT(C29:M29)=0," ",COUNT(C29:M29)) | P29: ='REP 1°'!N29 -> 5 | Q29: ='REP 2°'!N29
A30: =NOMINA!A33 -> 28 | B30: =NOMINA!B33 -> ROMAN TITO MATEO | C30: =IF(GRAL.!E31<51,GRAL.!E31," ") | D30: =IF(GRAL.!H31<51,GRAL.!H31," ") | E30: =IF(GRAL.!K31<51,GRAL.!K31," ") | F30: =IF(GRAL.!N31<51,GRAL.!N31," ") | G30: =IF(GRAL.!Q31<51,GRAL.!Q31," ") | H30: =IF(GRAL.!T31<51,GRAL.!T31," ") | I30: =IF(GRAL.!W31<51,GRAL.!W31," ") | J30: =IF(GRAL.!Z31<51,GRAL.!Z31," ") | K30: =IF(GRAL.!AC31<51,GRAL.!AC31," ") | L30: =IF(GRAL.!AF31<51,GRAL.!AF31," ") | M30: =IF(GRAL.!AI31<51,GRAL.!AI31," ") | N30: =IF(COUNT(C30:M30)=0," ",COUNT(C30:M30)) | P30: ='REP 1°'!N30 -> 1 | Q30: ='REP 2°'!N30
A31: =NOMINA!A34 -> 29 | B31: =NOMINA!B34 -> SILES MAMANI JUSTIN ANGEL | C31: =IF(GRAL.!E32<51,GRAL.!E32," ") | D31: =IF(GRAL.!H32<51,GRAL.!H32," ") | E31: =IF(GRAL.!K32<51,GRAL.!K32," ") | F31: =IF(GRAL.!N32<51,GRAL.!N32," ") | G31: =IF(GRAL.!Q32<51,GRAL.!Q32," ") | H31: =IF(GRAL.!T32<51,GRAL.!T32," ") | I31: =IF(GRAL.!W32<51,GRAL.!W32," ") | J31: =IF(GRAL.!Z32<51,GRAL.!Z32," ") | K31: =IF(GRAL.!AC32<51,GRAL.!AC32," ") | L31: =IF(GRAL.!AF32<51,GRAL.!AF32," ") | M31: =IF(GRAL.!AI32<51,GRAL.!AI32," ") | N31: =IF(COUNT(C31:M31)=0," ",COUNT(C31:M31)) | P31: ='REP 1°'!N31 | Q31: ='REP 2°'!N31
A32: =NOMINA!A35 -> 30 | B32: =NOMINA!B35 -> TERAN COCA DIEGO NICOLAS | C32: =IF(GRAL.!E33<51,GRAL.!E33," ") | D32: =IF(GRAL.!H33<51,GRAL.!H33," ") | E32: =IF(GRAL.!K33<51,GRAL.!K33," ") | F32: =IF(GRAL.!N33<51,GRAL.!N33," ") | G32: =IF(GRAL.!Q33<51,GRAL.!Q33," ") | H32: =IF(GRAL.!T33<51,GRAL.!T33," ") | I32: =IF(GRAL.!W33<51,GRAL.!W33," ") | J32: =IF(GRAL.!Z33<51,GRAL.!Z33," ") | K32: =IF(GRAL.!AC33<51,GRAL.!AC33," ") | L32: =IF(GRAL.!AF33<51,GRAL.!AF33," ") | M32: =IF(GRAL.!AI33<51,GRAL.!AI33," ") | N32: =IF(COUNT(C32:M32)=0," ",COUNT(C32:M32)) | P32: ='REP 1°'!N32 | Q32: ='REP 2°'!N32
A33: =NOMINA!A36 -> 31 | B33: =NOMINA!B36 -> URIA LOPEZ SEBASTIAN ARIEL | C33: =IF(GRAL.!E34<51,GRAL.!E34," ") | D33: =IF(GRAL.!H34<51,GRAL.!H34," ") | E33: =IF(GRAL.!K34<51,GRAL.!K34," ") | F33: =IF(GRAL.!N34<51,GRAL.!N34," ") | G33: =IF(GRAL.!Q34<51,GRAL.!Q34," ") | H33: =IF(GRAL.!T34<51,GRAL.!T34," ") | I33: =IF(GRAL.!W34<51,GRAL.!W34," ") | J33: =IF(GRAL.!Z34<51,GRAL.!Z34," ") | K33: =IF(GRAL.!AC34<51,GRAL.!AC34," ") | L33: =IF(GRAL.!AF34<51,GRAL.!AF34," ") | M33: =IF(GRAL.!AI34<51,GRAL.!AI34," ") | N33: =IF(COUNT(C33:M33)=0," ",COUNT(C33:M33)) | P33: ='REP 1°'!N33 | Q33: ='REP 2°'!N33
A34: =NOMINA!A37 -> 32 | B34: =NOMINA!B37 -> VASQUEZ ESPINOZA JHONATAN YAYCOB | C34: =IF(GRAL.!E35<51,GRAL.!E35," ") | D34: =IF(GRAL.!H35<51,GRAL.!H35," ") | E34: =IF(GRAL.!K35<51,GRAL.!K35," ") | F34: =IF(GRAL.!N35<51,GRAL.!N35," ") | G34: =IF(GRAL.!Q35<51,GRAL.!Q35," ") | H34: =IF(GRAL.!T35<51,GRAL.!T35," ") | I34: =IF(GRAL.!W35<51,GRAL.!W35," ") | J34: =IF(GRAL.!Z35<51,GRAL.!Z35," ") | K34: =IF(GRAL.!AC35<51,GRAL.!AC35," ") | L34: =IF(GRAL.!AF35<51,GRAL.!AF35," ") | M34: =IF(GRAL.!AI35<51,GRAL.!AI35," ") | N34: =IF(COUNT(C34:M34)=0," ",COUNT(C34:M34)) | P34: ='REP 1°'!N34 | Q34: ='REP 2°'!N34
... A43: =NOMINA!A46 -> 41 | B43: =NOMINA!B46 -> 0 | C43: =IF(GRAL.!E44<51,GRAL.!E44," ") | D43: =IF(GRAL.!H44<51,GRAL.!H44," ") | E43: =IF(GRAL.!K44<51,GRAL.!K44," ") | F43: =IF(GRAL.!N44<51,GRAL.!N44," ") | G43: =IF(GRAL.!Q44<51,GRAL.!Q44," ") | H43: =IF(GRAL.!T44<51,GRAL.!T44," ") | I43: =IF(GRAL.!W44<51,GRAL.!W44," ") | J43: =IF(GRAL.!Z44<51,GRAL.!Z44," ") | K43: =IF(GRAL.!AC44<51,GRAL.!AC44," ") | L43: =IF(GRAL.!AF44<51,GRAL.!AF44," ") | M43: =IF(GRAL.!AI44<51,GRAL.!AI44," ") | N43: =IF(COUNT(C43:M43)=0," ",COUNT(C43:M43)) | P43: ='REP 1°'!N43 | Q43: ='REP 2°'!N43
B46: TOTAL REPROBADOS | C46: =COUNT(C4:C43) -> 0 | D46: =COUNT(D4:D43) -> 0 | E46: =COUNT(E4:E43) -> 0 | F46: =COUNT(F4:F43) -> 0 | G46: =COUNT(G4:G43) -> 0 | H46: =COUNT(H4:H43) -> 0 | I46: =COUNT(I4:I43) -> 0 | J46: =COUNT(J4:J43) -> 0 | ... M46: =COUNT(M4:M43) -> 0 | N46: =SUM(N4:N43) -> 0 | P46: ='REP 1°'!N46 -> 53 | Q46: ='REP 2°'!N46 -> 0
B47: PORCENTAJE REPROBADOS | C47: =GRAL.!E52 -> #DIV/0! | D47: =GRAL.!TF52 -> 0 | E47: =GRAL.!K52 -> #DIV/0! | F47: =GRAL.!N52 -> #DIV/0! | G47: =GRAL.!Q52 -> #DIV/0! | H47: =GRAL.!T52 -> #DIV/0! | I47: =GRAL.!W52 -> #DIV/0! | J47: =GRAL.!Z52 -> #DIV/0! | K47: =GRAL.!AC52 -> #DIV/0! | L47: =GRAL.!AF52 -> #DIV/0! | M47: =GRAL.!AI52 -> #DIV/0! | N47: =AVERAGE(C47:M47) -> #DIV/0! | P47: ='REP 1°'!N47 -> 13.766234 | Q47: ='REP 2°'!N47 -> #DIV/0!

Sheet REP.FINAL
B1: =NOMINA!$B$2 -> CURSO 2A | C1: LEN | D1: ING | E1: C. SOC. | F1: E. FIS. | G1: MUS | H1: A. PL. | I1: MAT | J1: T. TEC. G | K1: BIO-GEO | L1: PSI | M1: REL | N1: TOTAL | O1: OBSERV
A3: =NOMINA!A6 -> 1 | B3: =NOMINA!B6 -> ABREU MARRERO LIZ DANIELA | C3: =IF(LEN!F6<51,LEN!F6," ") -> 18 | D3: =IF(ING!F6<51,ING!F6," ") -> 20 | E3: =IF('C.SOC'!F6<51,'C.SOC'!F6," ") -> 24 | F3: =IF('E. FIS.'!F6<51,'E. FIS.'!F6," ") -> 23 | G3: =IF(MUS.!F6<51,MUS.!F6," ") -> 31 | H3: =IF('A.PL. '!F6<51,'A.PL. '!F6," ") -> 24 | I3: =IF(MAT!F6<51,MAT!F6," ") -> 21 | J3: =IF('T. TEC. GRAL'!F6<51,'T. TEC. GRAL'!F6," ") -> 22 | K3: =IF('BIO-GEO'!F6<51,'BIO-GEO'!F6," ") -> 26 | L3: =IF(PSI!F6<51,PSI!F6," ") -> 25 | M3: =IF('REL.'!F6<51,'REL.'!F6," ") -> 22 | N3: =IF(COUNT(C3:M3)=0," ",COUNT(C3:M3)) -> 11
A4: =NOMINA!A7 -> 2 | B4: =NOMINA!B7 -> ALIAGA SAAVEDRA MARCU MAURICIO | C4: =IF(LEN!F7<51,LEN!F7," ") -> 18 | D4: =IF(ING!F7<51,ING!F7," ") -> 22 | E4: =IF('C.SOC'!F7<51,'C.SOC'!F7," ") -> 19 | F4: =IF('E. FIS.'!F7<51,'E. FIS.'!F7," ") -> 18 | G4: =IF(MUS.!F7<51,MUS.!F7," ") -> 29 | H4: =IF('A.PL. '!F7<51,'A.PL. '!F7," ") -> 18 | I4: =IF(MAT!F7<51,MAT!F7," ") -> 20 | J4: =IF('T. TEC. GRAL'!F7<51,'T. TEC. GRAL'!F7," ") -> 21 | K4: =IF('BIO-GEO'!F7<51,'BIO-GEO'!F7," ") -> 25 | L4: =IF(PSI!F7<51,PSI!F7," ") -> 27 | M4: =IF('REL.'!F7<51,'REL.'!F7," ") -> 21 | N4: =IF(COUNT(C4:M4)=0," ",COUNT(C4:M4)) -> 11
A5: =NOMINA!A8 -> 3 | B5: =NOMINA!B8 -> ANTEZANA CACHI JOSE MAXWEL | C5: =IF(LEN!F8<51,LEN!F8," ") -> 22 | D5: =IF(ING!F8<51,ING!F8," ") -> 27 | E5: =IF('C.SOC'!F8<51,'C.SOC'!F8," ") -> 25 | F5: =IF('E. FIS.'!F8<51,'E. FIS.'!F8," ") -> 21 | G5: =IF(MUS.!F8<51,MUS.!F8," ") -> 32 | H5: =IF('A.PL. '!F8<51,'A.PL. '!F8," ") -> 20 | I5: =IF(MAT!F8<51,MAT!F8," ") -> 30 | J5: =IF('T. TEC. GRAL'!F8<51,'T. TEC. GRAL'!F8," ") -> 22 | K5: =IF('BIO-GEO'!F8<51,'BIO-GEO'!F8," ") -> 25 | L5: =IF(PSI!F8<51,PSI!F8," ") -> 28 | M5: =IF('REL.'!F8<51,'REL.'!F8," ") -> 23 | N5: =IF(COUNT(C5:M5)=0," ",COUNT(C5:M5)) -> 11 | P5: NOTAS MENORES A 51
A6: =NOMINA!A9 -> 4 | B6: =NOMINA!B9 -> ARIZACA SALGUERO SANTIAGO | C6: =IF(LEN!F9<51,LEN!F9," ") -> 15 | D6: =IF(ING!F9<51,ING!F9," ") -> 16 | E6: =IF('C.SOC'!F9<51,'C.SOC'!F9," ") -> 21 | F6: =IF('E. FIS.'!F9<51,'E. FIS.'!F9," ") -> 25 | G6: =IF(MUS.!F9<51,MUS.!F9," ") -> 23 | H6: =IF('A.PL. '!F9<51,'A.PL. '!F9," ") -> 21 | I6: =IF(MAT!F9<51,MAT!F9," ") -> 20 | J6: =IF('T. TEC. GRAL'!F9<51,'T. TEC. GRAL'!F9," ") -> 23 | K6: =IF('BIO-GEO'!F9<51,'BIO-GEO'!F9," ") -> 26 | L6: =IF(PSI!F9<51,PSI!F9," ") -> 17 | M6: =IF('REL.'!F9<51,'REL.'!F9," ") -> 17 | N6: =IF(COUNT(C6:M6)=0," ",COUNT(C6:M6)) -> 11
A7: =NOMINA!A10 -> 5 | B7: =NOMINA!B10 -> BAUTISTA GARCIA ALISON LUCIANA | C7: =IF(LEN!F10<51,LEN!F10," ") -> 17 | D7: =IF(ING!F10<51,ING!F10," ") -> 19 | E7: =IF('C.SOC'!F10<51,'C.SOC'!F10," ") -> 17 | F7: =IF('E. FIS.'!F10<51,'E. FIS.'!F10," ") -> 22 | G7: =IF(MUS.!F10<51,MUS.!F10," ") -> 25 | H7: =IF('A.PL. '!F10<51,'A.PL. '!F10," ") -> 24 | I7: =IF(MAT!F10<51,MAT!F10," ") -> 19 | J7: =IF('T. TEC. GRAL'!F10<51,'T. TEC. GRAL'!F10," ") -> 24 | K7: =IF('BIO-GEO'!F10<51,'BIO-GEO'!F10," ") -> 23 | L7: =IF(PSI!F10<51,PSI!F10," ") -> 22 | M7: =IF('REL.'!F10<51,'REL.'!F10," ") -> 26 | N7: =IF(COUNT(C7:M7)=0," ",COUNT(C7:M7)) -> 11
A8: =NOMINA!A11 -> 6 | B8: =NOMINA!B11 -> BOLIVAR REVOLLO NIVARDO ADOLFO | C8: =IF(LEN!F11<51,LEN!F11," ") -> 17 | D8: =IF(ING!F11<51,ING!F11," ") -> 21 | E8: =IF('C.SOC'!F11<51,'C.SOC'!F11," ") -> 14 | F8: =IF('E. FIS.'!F11<51,'E. FIS.'!F11," ") -> 20 | G8: =IF(MUS.!F11<51,MUS.!F11," ") -> 24 | H8: =IF('A.PL. '!F11<51,'A.PL. '!F11," ") -> 18 | I8: =IF(MAT!F11<51,MAT!F11," ") -> 15 | J8: =IF('T. TEC. GRAL'!F11<51,'T. TEC. GRAL'!F11," ") -> 22 | K8: =IF('BIO-GEO'!F11<51,'BIO-GEO'!F11," ") -> 20 | L8: =IF(PSI!F11<51,PSI!F11," ") -> 21 | M8: =IF('REL.'!F11<51,'REL.'!F11," ") -> 26 | N8: =IF(COUNT(C8:M8)=0," ",COUNT(C8:M8)) -> 11
A9: =NOMINA!A12 -> 7 | B9: =NOMINA!B12 -> CADIMA SOLIZ NICOLAS | C9: =IF(LEN!F12<51,LEN!F12," ") -> 15 | D9: =IF(ING!F12<51,ING!F12," ") -> 16 | E9: =IF('C.SOC'!F12<51,'C.SOC'!F12," ") -> 13 | F9: =IF('E. FIS.'!F12<51,'E. FIS.'!F12," ") -> 23 | G9: =IF(MUS.!F12<51,MUS.!F12," ") -> 22 | H9: =IF('A.PL. '!F12<51,'A.PL. '!F12," ") -> 20 | I9: =IF(MAT!F12<51,MAT!F12," ") -> 15 | J9: =IF('T. TEC. GRAL'!F12<51,'T. TEC. GRAL'!F12," ") -> 19 | K9: =IF('BIO-GEO'!F12<51,'BIO-GEO'!F12," ") -> 22 | L9: =IF(PSI!F12<51,PSI!F12," ") -> 22 | M9: =IF('REL.'!F12<51,'REL.'!F12," ") -> 22 | N9: =IF(COUNT(C9:M9)=0," ",COUNT(C9:M9)) -> 11
A10: =NOMINA!A13 -> 8 | B10: =NOMINA!B13 -> CALLE PEREZ ANDREA BELEN | C10: =IF(LEN!F13<51,LEN!F13," ") -> 26 | D10: =IF(ING!F13<51,ING!F13," ") -> 27 | E10: =IF('C.SOC'!F13<51,'C.SOC'!F13," ") -> 25 | F10: =IF('E. FIS.'!F13<51,'E. FIS.'!F13," ") -> 22 | G10: =IF(MUS.!F13<51,MUS.!F13," ") -> 32 | H10: =IF('A.PL. '!F13<51,'A.PL. '!F13," ") -> 23 | I10: =IF(MAT!F13<51,MAT!F13," ") -> 31 | J10: =IF('T. TEC. GRAL'!F13<51,'T. TEC. GRAL'!F13," ") -> 26 | K10: =IF('BIO-GEO'!F13<51,'BIO-GEO'!F13," ") -> 28 | L10: =IF(PSI!F13<51,PSI!F13," ") -> 27 | M10: =IF('REL.'!F13<51,'REL.'!F13," ") -> 25 | N10: =IF(COUNT(C10:M10)=0," ",COUNT(C10:M10)) -> 11
A11: =NOMINA!A14 -> 9 | B11: =NOMINA!B14 -> CHAVEZ AMURRIO SEBASTIAN FABIAN | C11: =IF(LEN!F14<51,LEN!F14," ") -> 15 | D11: =IF(ING!F14<51,ING!F14," ") -> 15 | E11: =IF('C.SOC'!F14<51,'C.SOC'!F14," ") -> 19 | F11: =IF('E. FIS.'!F14<51,'E. FIS.'!F14," ") -> 15 | G11: =IF(MUS.!F14<51,MUS.!F14," ") -> 18 | H11: =IF('A.PL. '!F14<51,'A.PL. '!F14," ") -> 22 | I11: =IF(MAT!F14<51,MAT!F14," ") -> 16 | J11: =IF('T. TEC. GRAL'!F14<51,'T. TEC. GRAL'!F14," ") -> 15 | K11: =IF('BIO-GEO'!F14<51,'BIO-GEO'!F14," ") -> 12 | L11: =IF(PSI!F14<51,PSI!F14," ") -> 15 | M11: =IF('REL.'!F14<51,'REL.'!F14," ") -> 17 | N11: =IF(COUNT(C11:M11)=0," ",COUNT(C11:M11)) -> 11
A12: =NOMINA!A15 -> 10 | B12: =NOMINA!B15 -> CHOQUE ARISPE YURIANA LUCIA | C12: =IF(LEN!F15<51,LEN!F15," ") -> 17 | D12: =IF(ING!F15<51,ING!F15," ") -> 19 | E12: =IF('C.SOC'!F15<51,'C.SOC'!F15," ") -> 15 | F12: =IF('E. FIS.'!F15<51,'E. FIS.'!F15," ") -> 18 | G12: =IF(MUS.!F15<51,MUS.!F15," ") -> 19 | H12: =IF('A.PL. '!F15<51,'A.PL. '!F15," ") -> 22 | I12: =IF(MAT!F15<51,MAT!F15," ") -> 17 | J12: =IF('T. TEC. GRAL'!F15<51,'T. TEC. GRAL'!F15," ") -> 22 | K12: =IF('BIO-GEO'!F15<51,'BIO-GEO'!F15," ") -> 22 | L12: =IF(PSI!F15<51,PSI!F15," ") -> 22 | M12: =IF('REL.'!F15<51,'REL.'!F15," ") -> 21 | N12: =IF(COUNT(C12:M12)=0," ",COUNT(C12:M12)) -> 11
A13: =NOMINA!A16 -> 11 | B13: =NOMINA!B16 -> CHOQUE PERALTA JHOEL ELIAZAR | C13: =IF(LEN!F16<51,LEN!F16," ") -> 28 | D13: =IF(ING!F16<51,ING!F16," ") -> 30 | E13: =IF('C.SOC'!F16<51,'C.SOC'!F16," ") -> 27 | F13: =IF('E. FIS.'!F16<51,'E. FIS.'!F16," ") -> 25 | G13: =IF(MUS.!F16<51,MUS.!F16," ") -> 31 | H13: =IF('A.PL. '!F16<51,'A.PL. '!F16," ") -> 24 | I13: =IF(MAT!F16<51,MAT!F16," ") -> 28 | J13: =IF('T. TEC. GRAL'!F16<51,'T. TEC. GRAL'!F16," ") -> 22 | K13: =IF('BIO-GEO'!F16<51,'BIO-GEO'!F16," ") -> 27 | L13: =IF(PSI!F16<51,PSI!F16," ") -> 28 | M13: =IF('REL.'!F16<51,'REL.'!F16," ") -> 23 | N13: =IF(COUNT(C13:M13)=0," ",COUNT(C13:M13)) -> 11
A14: =NOMINA!A17 -> 12 | B14: =NOMINA!B17 -> COPA RIVERO MARCIA MARCELA | C14: =IF(LEN!F17<51,LEN!F17," ") -> 14 | D14: =IF(ING!F17<51,ING!F17," ") -> 22 | E14: =IF('C.SOC'!F17<51,'C.SOC'!F17," ") -> 17 | F14: =IF('E. FIS.'!F17<51,'E. FIS.'!F17," ") -> 27 | G14: =IF(MUS.!F17<51,MUS.!F17," ") -> 23 | H14: =IF('A.PL. '!F17<51,'A.PL. '!F17," ") -> 20 | I14: =IF(MAT!F17<51,MAT!F17," ") -> 17 | J14: =IF('T. TEC. GRAL'!F17<51,'T. TEC. GRAL'!F17," ") -> 19 | K14: =IF('BIO-GEO'!F17<51,'BIO-GEO'!F17," ") -> 20 | L14: =IF(PSI!F17<51,PSI!F17," ") -> 17 | M14: =IF('REL.'!F17<51,'REL.'!F17," ") -> 24 | N14: =IF(COUNT(C14:M14)=0," ",COUNT(C14:M14)) -> 11
A15: =NOMINA!A18 -> 13 | B15: =NOMINA!B18 -> CORIA URUÑO CHRISTOPER GABRIEL | C15: =IF(LEN!F18<51,LEN!F18," ") -> 23 | D15: =IF(ING!F18<51,ING!F18," ") -> 25 | E15: =IF('C.SOC'!F18<51,'C.SOC'!F18," ") -> 17 | F15: =IF('E. FIS.'!F18<51,'E. FIS.'!F18," ") -> 26 | G15: =IF(MUS.!F18<51,MUS.!F18," ") -> 31 | H15: =IF('A.PL. '!F18<51,'A.PL. '!F18," ") -> 21 | I15: =IF(MAT!F18<51,MAT!F18," ") -> 29 | J15: =IF('T. TEC. GRAL'!F18<51,'T. TEC. GRAL'!F18," ") -> 23 | K15: =IF('BIO-GEO'!F18<51,'BIO-GEO'!F18," ") -> 26 | L15: =IF(PSI!F18<51,PSI!F18," ") -> 23 | M15: =IF('REL.'!F18<51,'REL.'!F18," ") -> 20 | N15: =IF(COUNT(C15:M15)=0," ",COUNT(C15:M15)) -> 11
A16: =NOMINA!A19 -> 14 | B16: =NOMINA!B19 -> FLORES BALLESTEROS LEANDRO FRANK | C16: =IF(LEN!F19<51,LEN!F19," ") -> 23 | D16: =IF(ING!F19<51,ING!F19," ") -> 20 | E16: =IF('C.SOC'!F19<51,'C.SOC'!F19," ") -> 18 | F16: =IF('E. FIS.'!F19<51,'E. FIS.'!F19," ") -> 24 | G16: =IF(MUS.!F19<51,MUS.!F19," ") -> 28 | H16: =IF('A.PL. '!F19<51,'A.PL. '!F19," ") -> 25 | I16: =IF(MAT!F19<51,MAT!F19," ") -> 24 | J16: =IF('T. TEC. GRAL'!F19<51,'T. TEC. GRAL'!F19," ") -> 23 | K16: =IF('BIO-GEO'!F19<51,'BIO-GEO'!F19," ") -> 27 | L16: =IF(PSI!F19<51,PSI!F19," ") -> 21 | M16: =IF('REL.'!F19<51,'REL.'!F19," ") -> 22 | N16: =IF(COUNT(C16:M16)=0," ",COUNT(C16:M16)) -> 11
A17: =NOMINA!A20 -> 15 | B17: =NOMINA!B20 -> GONZALES MOLINA ARIANET BELEN | C17: =IF(LEN!F20<51,LEN!F20," ") -> 26 | D17: =IF(ING!F20<51,ING!F20," ") -> 26 | E17: =IF('C.SOC'!F20<51,'C.SOC'!F20," ") -> 25 | F17: =IF('E. FIS.'!F20<51,'E. FIS.'!F20," ") -> 28 | G17: =IF(MUS.!F20<51,MUS.!F20," ") -> 31 | H17: =IF('A.PL. '!F20<51,'A.PL. '!F20," ") -> 27 | I17: =IF(MAT!F20<51,MAT!F20," ") -> 29 | J17: =IF('T. TEC. GRAL'!F20<51,'T. TEC. GRAL'!F20," ") -> 29 | K17: =IF('BIO-GEO'!F20<51,'BIO-GEO'!F20," ") -> 24 | L17: =IF(PSI!F20<51,PSI!F20," ") -> 28 | M17: =IF('REL.'!F20<51,'REL.'!F20," ") -> 25 | N17: =IF(COUNT(C17:M17)=0," ",COUNT(C17:M17)) -> 11
... A43: =NOMINA!A46 -> 41 | B43: =NOMINA!B46 -> 0 | C43: =IF(LEN!F46<51,LEN!F46," ") | D43: =IF(ING!F46<51,ING!F46," ") | E43: =IF('C.SOC'!F46<51,'C.SOC'!F46," ") | F43: =IF('E. FIS.'!F46<51,'E. FIS.'!F46," ") | G43: =IF(MUS.!F46<51,MUS.!F46," ") | H43: =IF('A.PL. '!F46<51,'A.PL. '!F46," ") | I43: =IF(MAT!F46<51,MAT!F46," ") | J43: =IF('T. TEC. GRAL'!F46<51,'T. TEC. GRAL'!F46," ") | K43: =IF('BIO-GEO'!F46<51,'BIO-GEO'!F46," ") | L43: =IF(PSI!F46<51,PSI!F46," ") | M43: =IF('REL.'!F46<51,'REL.'!F46," ") | N43: =IF(COUNT(C43:M43)=0," ",COUNT(C43:M43))
B45: TOTAL REPROBADOS | C45: =COUNT(C3:C43) -> 35 | D45: =COUNT(D3:D43) -> 35 | E45: =COUNT(E3:E43) -> 35 | F45: =COUNT(F3:F43) -> 35 | G45: =COUNT(G3:G43) -> 35 | H45: =COUNT(H3:H43) -> 35 | I45: =COUNT(I3:I43) -> 35 | J45: =COUNT(J3:J43) -> 35 | ... M45: =COUNT(M3:M43) -> 35 | N45: =SUM(N3:N43) -> 385
B46: PORCENTAJE REPROBADOS | C46: ='GRAL. (2)'!$F$51 -> 100 | D46: ='GRAL. (2)'!$J$51 -> 100 | E46: ='GRAL. (2)'!$N$51 -> 100 | F46: ='GRAL. (2)'!$R$51 -> 100 | G46: ='GRAL. (2)'!$V$51 -> 100 | H46: ='GRAL. (2)'!$Z$51 -> 100 | I46: ='GRAL. (2)'!$AD$51 -> 100 | J46: ='GRAL. (2)'!$AH$51 -> 100 | K46: ='GRAL. (2)'!$AL$51 -> 100 | L46: ='GRAL. (2)'!$AP$51 -> 100 | M46: ='GRAL. (2)'!$AT$51 -> 100 | N46: =AVERAGE(C46:M46) -> 100

Sheet GRAF.
H2: GRÁFICO DEL ESTADO DEL CURSO | Q2: =NOMINA!$B$2 -> CURSO 2A | T2: PRIMER TRMESTRE
C3: Porcentaje | X3: N° de estudiantes
D4: REP. | E4: APR. | Y4: REP. | Z4: APR.
B5: 1 | C5: LEN | D5: =GRAL.!$C$52 -> 28.571429 | E5: =GRAL.!$C$51 -> 71.428571 | X5: LEN | Y5: =GRAL.!$C$48 -> 10 | Z5: =GRAL.!$C$47 -> 25
B6: 2 | C6: ING | D6: =GRAL.!$F$52 -> 22.857143 | E6: =GRAL.!$F$51 -> 77.142857 | X6: ING | Y6: =GRAL.!$F$48 -> 8 | Z6: =GRAL.!$F$47 -> 27
B7: 3 | C7: C. SOC | D7: =GRAL.!$I$52 -> 28.571429 | E7: =GRAL.!$I$51 -> 71.428571 | X7: C. SOC | Y7: =GRAL.!$I$48 -> 10 | Z7: =GRAL.!I$47 -> 25
B8: 4 | C8: E. FIS | D8: =GRAL.!$L$52 -> 5.7142857 | E8: =GRAL.!$L$51 -> 94.285714 | X8: E. FIS | Y8: =GRAL.!$L$48 -> 2 | Z8: =GRAL.!$L$47 -> 33
B9: 5 | C9: MUS | D9: =GRAL.!$O$52 -> 11.428571 | E9: =GRAL.!$O$51 -> 88.571429 | X9: MUS | Y9: =GRAL.!$O$48 -> 4 | Z9: =GRAL.!$O$47 -> 31
B10: 6 | C10: A. PL. | D10: =GRAL.!$R$52 -> 0 | E10: =GRAL.!$R$51 -> 100 | X10: A. PL. | Y10: =GRAL.!$R$48 -> 0 | Z10: =GRAL.!$R$47 -> 35
B11: 7 | C11: MAT | D11: =GRAL.!$U$52 -> 22.857143 | E11: =GRAL.!$U$51 -> 77.142857 | X11: MAT | Y11: =GRAL.!$U$48 -> 8 | Z11: =GRAL.!$U$47 -> 27
B12: 8 | C12: T. TEC.G. | D12: =GRAL.!$X$52 -> 11.428571 | E12: =GRAL.!$X$51 -> 88.571429 | X12: T. TEC.G. | Y12: =GRAL.!$X$48 -> 4 | Z12: =GRAL.!$X$47 -> 31
B13: 9 | C13: BIO-GEO | D13: =GRAL.!$AA$52 -> 5.7142857 | E13: =GRAL.!$AA$51 -> 94.285714 | X13: BIO-GEO | Y13: =GRAL.!$AA$48 -> 2 | Z13: =GRAL.!$AA$47 -> 33
B14: 11 | C14: PSI | D14: =GRAL.!$AD$52 -> 14.285714 | E14: =GRAL.!$AD$51 -> 85.714286 | X14: PSI | Y14: =GRAL.!$AD$48 -> 5 | Z14: =GRAL.!$AD$47 -> 30
B15: 12 | C15: REL | D15: =GRAL.!$AG$52 -> 0 | E15: =GRAL.!$AG$51 -> 100 | X15: REL | Y15: =GRAL.!$AG$48 -> 0 | Z15: =GRAL.!$AG$47 -> 35
Z25: C
H39: GRÁFICO COMPARATIVO ENTRE 1er. y 2doTRIM | Q39: =NOMINA!$B$2 -> CURSO 2A | T39: SEGUNDO TRIMESTRE
C40: Porcentaje | X40: N° de estudiantes repr.
D41: 1°bim | E41: 2°bim | Y41: 1er bim. | Z41: 2° bim.
B42: 1 | C42: LEN | D42: =GRAL.!$C$52 -> 28.571429 | E42: =GRAL.!$D$52 -> #DIV/0! | X42: LEN | Y42: =GRAL.!$C$48 -> 10 | Z42: =GRAL.!$D$48 -> 0
B43: 2 | C43: ING | D43: =GRAL.!$F$52 -> 22.857143 | E43: =GRAL.!$G$52 -> #DIV/0! | X43: ING | Y43: =GRAL.!$F$48 -> 8 | Z43: =GRAL.!$G$48 -> 0
B44: 3 | C44: C. SOC | D44: =GRAL.!$I$52 -> 28.571429 | E44: =GRAL.!$J$52 -> #DIV/0! | X44: C. SOC | Y44: =GRAL.!$I$48 -> 10 | Z44: =GRAL.!J$48 -> 0
B45: 4 | C45: E. FIS | D45: =GRAL.!L$52 -> 5.7142857 | E45: =GRAL.!$M$52 -> #DIV/0! | X45: E. FIS | Y45: =GRAL.!$L$48 -> 2 | Z45: =GRAL.!$M$48 -> 0
B46: 5 | C46: MUS | D46: =GRAL.!$O$52 -> 11.428571 | E46: =GRAL.!$P$52 -> #DIV/0! | X46: MUS | Y46: =GRAL.!$O$48 -> 4 | Z46: =GRAL.!$P$48 -> 0
B47: 6 | C47: A. PL. | D47: =GRAL.!$R$52 -> 0 | E47: =GRAL.!$S$52 -> #DIV/0! | X47: A. PL. | Y47: =GRAL.!$R$48 -> 0 | Z47: =GRAL.!$S$48 -> 0
B48: 7 | C48: MAT | D48: =GRAL.!$U$52 -> 22.857143 | E48: =GRAL.!$V$52 -> #DIV/0! | X48: MAT | Y48: =GRAL.!$U$48 -> 8 | Z48: =GRAL.!$V$48 -> 0
B49: 8 | C49: T. TEC.G. | D49: =GRAL.!$X$52 -> 11.428571 | E49: =GRAL.!$Y$52 -> #DIV/0! | X49: T. TEC.G. | Y49: =GRAL.!$X$48 -> 4 | Z49: =GRAL.!$Y$48 -> 0
B50: 9 | C50: BIO-GEO | D50: =GRAL.!$AA$52 -> 5.7142857 | E50: =GRAL.!$AB$52 -> #DIV/0! | X50: BIO-GEO | Y50: =GRAL.!$AA$48 -> 2 | Z50: =GRAL.!$AB$48 -> 0
B51: 11 | C51: PSI | D51: =GRAL.!$AD$52 -> 14.285714 | E51: =GRAL.!$AE$52 -> #DIV/0! | X51: PSI | Y51: =GRAL.!$AD$48 -> 5 | Z51: =GRAL.!$AE$48 -> 0
B52: 12 | C52: REL | D52: =GRAL.!$AG$52 -> 0 | E52: =GRAL.!$AH$52 -> #DIV/0! | X52: REL | Y52: =GRAL.!$AG$48 -> 0 | Z52: =GRAL.!$AH$48 -> 0
H72: GRÁFICO DEL ESTADO DEL CURSO | Q72: =NOMINA!$B$2 -> CURSO 2A | U72: P. ANUAL
C74: Porcentaje | X74: N° de estudiantes
D75: REP. | E75: APR. | Y75: REP. | Z75: APR.
B76: 1 | C76: LEN | D76: =ANUAL!$C$51 -> 100 | E76: =ANUAL!$C$50 -> 0 | X76: LEN | Y76: =ANUAL!$C$47 -> 35 | Z76: =ANUAL!$C$46 -> 0
B77: 2 | C77: ING | D77: =ANUAL!$D$51 -> 100 | E77: =ANUAL!$D$50 -> 0 | X77: ING | Y77: =ANUAL!$D$47 -> 35 | Z77: =ANUAL!$D$46 -> 0
B78: 3 | C78: C. SOC | D78: =ANUAL!$E$51 -> 100 | E78: =ANUAL!$E$50 -> 0 | X78: C. SOC | Y78: =ANUAL!$E$47 -> 35 | Z78: =ANUAL!$E$46 -> 0
B79: 4 | C79: E. FIS | D79: =ANUAL!$F$51 -> 100 | E79: =ANUAL!$F$50 -> 0 | X79: E. FIS | Y79: =ANUAL!$F$47 -> 35 | Z79: =ANUAL!$F$46 -> 0
B80: 5 | C80: MUS | D80: =ANUAL!$G$51 -> 100 | E80: =ANUAL!$G$50 -> 0 | X80: MUS | Y80: =ANUAL!$G$47 -> 35 | Z80: =ANUAL!$G$46 -> 0
B81: 6 | C81: A. PL. | D81: =ANUAL!$H$51 -> 100 | E81: =ANUAL!$H$50 -> 0 | X81: A. PL. | Y81: =ANUAL!$H$47 -> 35 | Z81: =ANUAL!$H$46 -> 0
B82: 7 | C82: MAT | D82: =ANUAL!$I$51 -> 100 | E82: =ANUAL!$I$50 -> 0 | X82: MAT | Y82: =ANUAL!$I$47 -> 35 | Z82: =ANUAL!$I$46 -> 0
B83: 8 | C83: T. TEC.G. | D83: =ANUAL!$J$51 -> 100 | E83: =ANUAL!$J$50 -> 0 | X83: T. TEC.G. | Y83: =ANUAL!$J$47 -> 35 | Z83: =ANUAL!$J$46 -> 0
B84: 9 | C84: BIO-GEO | D84: =ANUAL!$K$51 -> 100 | E84: =ANUAL!$K$50 -> 0 | X84: BIO-GEO | Y84: =ANUAL!$K$47 -> 35 | Z84: =ANUAL!$K$46 -> 0
B85: 11 | C85: PSI | D85: =ANUAL!$L$51 -> 100 | E85: =ANUAL!$L$50 -> 0 | X85: PSI | Y85: =ANUAL!$L$47 -> 35 | Z85: =ANUAL!$L$46 -> 0
B86: 12 | C86: REL | D86: =ANUAL!$M$51 -> 100 | E86: =ANUAL!$M$50 -> 0 | X86: REL | Y86: =ANUAL!$M$47 -> 35 | Z86: =ANUAL!$M$46 -> 0
H99: 0 REPROBADOS

Sheet ANUAL
D1: PROMEDIO ANUAL
B3: =NOMINA!$B$2 -> CURSO 2A | C3: LEN | D3: ING | E3: C.SOC | F3: E.FIS | G3: MUS | H3: A.PL. | I3: MAT | J3: T.T.G | K3: B.GEO | L3: PSI | M3: REL
A4: =NOMINA!A6 -> 1 | B4: =NOMINA!B6 -> ABREU MARRERO LIZ DANIELA | C4: =IF(LEN!F6=0," ",LEN!F6) -> 18 | D4: =IF(ING!F6=0," ",ING!F6) -> 20 | E4: =IF('C.SOC'!F6=0," ",'C.SOC'!F6) -> 24 | F4: =IF('E. FIS.'!F6=0," ",'E. FIS.'!F6) -> 23 | G4: =IF(MUS.!F6=0," ",MUS.!F6) -> 31 | H4: =IF('A.PL. '!F6=0," ",'A.PL. '!F6) -> 24 | I4: =IF(MAT!F6=0," ",MAT!F6) -> 21 | J4: =IF('T. TEC. GRAL'!F6=0," ",'T. TEC. GRAL'!F6) -> 22 | K4: =IF('BIO-GEO'!F6=0," ",'BIO-GEO'!F6) -> 26 | L4: =IF(PSI!F6=0," ",PSI!F6) -> 25 | M4: =IF('REL.'!F6=0," ",'REL.'!F6) -> 22
A5: =NOMINA!A7 -> 2 | B5: =NOMINA!B7 -> ALIAGA SAAVEDRA MARCU MAURICIO | C5: =IF(LEN!F7=0," ",LEN!F7) -> 18 | D5: =IF(ING!F7=0," ",ING!F7) -> 22 | E5: =IF('C.SOC'!F7=0," ",'C.SOC'!F7) -> 19 | F5: =IF('E. FIS.'!F7=0," ",'E. FIS.'!F7) -> 18 | G5: =IF(MUS.!F7=0," ",MUS.!F7) -> 29 | H5: =IF('A.PL. '!F7=0," ",'A.PL. '!F7) -> 18 | I5: =IF(MAT!F7=0," ",MAT!F7) -> 20 | J5: =IF('T. TEC. GRAL'!F7=0," ",'T. TEC. GRAL'!F7) -> 21 | K5: =IF('BIO-GEO'!F7=0," ",'BIO-GEO'!F7) -> 25 | L5: =IF(PSI!F7=0," ",PSI!F7) -> 27 | M5: =IF('REL.'!F7=0," ",'REL.'!F7) -> 21
A6: =NOMINA!A8 -> 3 | B6: =NOMINA!B8 -> ANTEZANA CACHI JOSE MAXWEL | C6: =IF(LEN!F8=0," ",LEN!F8) -> 22 | D6: =IF(ING!F8=0," ",ING!F8) -> 27 | E6: =IF('C.SOC'!F8=0," ",'C.SOC'!F8) -> 25 | F6: =IF('E. FIS.'!F8=0," ",'E. FIS.'!F8) -> 21 | G6: =IF(MUS.!F8=0," ",MUS.!F8) -> 32 | H6: =IF('A.PL. '!F8=0," ",'A.PL. '!F8) -> 20 | I6: =IF(MAT!F8=0," ",MAT!F8) -> 30 | J6: =IF('T. TEC. GRAL'!F8=0," ",'T. TEC. GRAL'!F8) -> 22 | K6: =IF('BIO-GEO'!F8=0," ",'BIO-GEO'!F8) -> 25 | L6: =IF(PSI!F8=0," ",PSI!F8) -> 28 | M6: =IF('REL.'!F8=0," ",'REL.'!F8) -> 23
A7: =NOMINA!A9 -> 4 | B7: =NOMINA!B9 -> ARIZACA SALGUERO SANTIAGO | C7: =IF(LEN!F9=0," ",LEN!F9) -> 15 | D7: =IF(ING!F9=0," ",ING!F9) -> 16 | E7: =IF('C.SOC'!F9=0," ",'C.SOC'!F9) -> 21 | F7: =IF('E. FIS.'!F9=0," ",'E. FIS.'!F9) -> 25 | G7: =IF(MUS.!F9=0," ",MUS.!F9) -> 23 | H7: =IF('A.PL. '!F9=0," ",'A.PL. '!F9) -> 21 | I7: =IF(MAT!F9=0," ",MAT!F9) -> 20 | J7: =IF('T. TEC. GRAL'!F9=0," ",'T. TEC. GRAL'!F9) -> 23 | K7: =IF('BIO-GEO'!F9=0," ",'BIO-GEO'!F9) -> 26 | L7: =IF(PSI!F9=0," ",PSI!F9) -> 17 | M7: =IF('REL.'!F9=0," ",'REL.'!F9) -> 17
A8: =NOMINA!A10 -> 5 | B8: =NOMINA!B10 -> BAUTISTA GARCIA ALISON LUCIANA | C8: =IF(LEN!F10=0," ",LEN!F10) -> 17 | D8: =IF(ING!F10=0," ",ING!F10) -> 19 | E8: =IF('C.SOC'!F10=0," ",'C.SOC'!F10) -> 17 | F8: =IF('E. FIS.'!F10=0," ",'E. FIS.'!F10) -> 22 | G8: =IF(MUS.!F10=0," ",MUS.!F10) -> 25 | H8: =IF('A.PL. '!F10=0," ",'A.PL. '!F10) -> 24 | I8: =IF(MAT!F10=0," ",MAT!F10) -> 19 | J8: =IF('T. TEC. GRAL'!F10=0," ",'T. TEC. GRAL'!F10) -> 24 | K8: =IF('BIO-GEO'!F10=0," ",'BIO-GEO'!F10) -> 23 | L8: =IF(PSI!F10=0," ",PSI!F10) -> 22 | M8: =IF('REL.'!F10=0," ",'REL.'!F10) -> 26
A9: =NOMINA!A11 -> 6 | B9: =NOMINA!B11 -> BOLIVAR REVOLLO NIVARDO ADOLFO | C9: =IF(LEN!F11=0," ",LEN!F11) -> 17 | D9: =IF(ING!F11=0," ",ING!F11) -> 21 | E9: =IF('C.SOC'!F11=0," ",'C.SOC'!F11) -> 14 | F9: =IF('E. FIS.'!F11=0," ",'E. FIS.'!F11) -> 20 | G9: =IF(MUS.!F11=0," ",MUS.!F11) -> 24 | H9: =IF('A.PL. '!F11=0," ",'A.PL. '!F11) -> 18 | I9: =IF(MAT!F11=0," ",MAT!F11) -> 15 | J9: =IF('T. TEC. GRAL'!F11=0," ",'T. TEC. GRAL'!F11) -> 22 | K9: =IF('BIO-GEO'!F11=0," ",'BIO-GEO'!F11) -> 20 | L9: =IF(PSI!F11=0," ",PSI!F11) -> 21 | M9: =IF('REL.'!F11=0," ",'REL.'!F11) -> 26
A10: =NOMINA!A12 -> 7 | B10: =NOMINA!B12 -> CADIMA SOLIZ NICOLAS | C10: =IF(LEN!F12=0," ",LEN!F12) -> 15 | D10: =IF(ING!F12=0," ",ING!F12) -> 16 | E10: =IF('C.SOC'!F12=0," ",'C.SOC'!F12) -> 13 | F10: =IF('E. FIS.'!F12=0," ",'E. FIS.'!F12) -> 23 | G10: =IF(MUS.!F12=0," ",MUS.!F12) -> 22 | H10: =IF('A.PL. '!F12=0," ",'A.PL. '!F12) -> 20 | I10: =IF(MAT!F12=0," ",MAT!F12) -> 15 | J10: =IF('T. TEC. GRAL'!F12=0," ",'T. TEC. GRAL'!F12) -> 19 | K10: =IF('BIO-GEO'!F12=0," ",'BIO-GEO'!F12) -> 22 | L10: =IF(PSI!F12=0," ",PSI!F12) -> 22 | M10: =IF('REL.'!F12=0," ",'REL.'!F12) -> 22
A11: =NOMINA!A13 -> 8 | B11: =NOMINA!B13 -> CALLE PEREZ ANDREA BELEN | C11: =IF(LEN!F13=0," ",LEN!F13) -> 26 | D11: =IF(ING!F13=0," ",ING!F13) -> 27 | E11: =IF('C.SOC'!F13=0," ",'C.SOC'!F13) -> 25 | F11: =IF('E. FIS.'!F13=0," ",'E. FIS.'!F13) -> 22 | G11: =IF(MUS.!F13=0," ",MUS.!F13) -> 32 | H11: =IF('A.PL. '!F13=0," ",'A.PL. '!F13) -> 23 | I11: =IF(MAT!F13=0," ",MAT!F13) -> 31 | J11: =IF('T. TEC. GRAL'!F13=0," ",'T. TEC. GRAL'!F13) -> 26 | K11: =IF('BIO-GEO'!F13=0," ",'BIO-GEO'!F13) -> 28 | L11: =IF(PSI!F13=0," ",PSI!F13) -> 27 | M11: =IF('REL.'!F13=0," ",'REL.'!F13) -> 25
A12: =NOMINA!A14 -> 9 | B12: =NOMINA!B14 -> CHAVEZ AMURRIO SEBASTIAN FABIAN | C12: =IF(LEN!F14=0," ",LEN!F14) -> 15 | D12: =IF(ING!F14=0," ",ING!F14) -> 15 | E12: =IF('C.SOC'!F14=0," ",'C.SOC'!F14) -> 19 | F12: =IF('E. FIS.'!F14=0," ",'E. FIS.'!F14) -> 15 | G12: =IF(MUS.!F14=0," ",MUS.!F14) -> 18 | H12: =IF('A.PL. '!F14=0," ",'A.PL. '!F14) -> 22 | I12: =IF(MAT!F14=0," ",MAT!F14) -> 16 | J12: =IF('T. TEC. GRAL'!F14=0," ",'T. TEC. GRAL'!F14) -> 15 | K12: =IF('BIO-GEO'!F14=0," ",'BIO-GEO'!F14) -> 12 | L12: =IF(PSI!F14=0," ",PSI!F14) -> 15 | M12: =IF('REL.'!F14=0," ",'REL.'!F14) -> 17
A13: =NOMINA!A15 -> 10 | B13: =NOMINA!B15 -> CHOQUE ARISPE YURIANA LUCIA | C13: =IF(LEN!F15=0," ",LEN!F15) -> 17 | D13: =IF(ING!F15=0," ",ING!F15) -> 19 | E13: =IF('C.SOC'!F15=0," ",'C.SOC'!F15) -> 15 | F13: =IF('E. FIS.'!F15=0," ",'E. FIS.'!F15) -> 18 | G13: =IF(MUS.!F15=0," ",MUS.!F15) -> 19 | H13: =IF('A.PL. '!F15=0," ",'A.PL. '!F15) -> 22 | I13: =IF(MAT!F15=0," ",MAT!F15) -> 17 | J13: =IF('T. TEC. GRAL'!F15=0," ",'T. TEC. GRAL'!F15) -> 22 | K13: =IF('BIO-GEO'!F15=0," ",'BIO-GEO'!F15) -> 22 | L13: =IF(PSI!F15=0," ",PSI!F15) -> 22 | M13: =IF('REL.'!F15=0," ",'REL.'!F15) -> 21
A14: =NOMINA!A16 -> 11 | B14: =NOMINA!B16 -> CHOQUE PERALTA JHOEL ELIAZAR | C14: =IF(LEN!F16=0," ",LEN!F16) -> 28 | D14: =IF(ING!F16=0," ",ING!F16) -> 30 | E14: =IF('C.SOC'!F16=0," ",'C.SOC'!F16) -> 27 | F14: =IF('E. FIS.'!F16=0," ",'E. FIS.'!F16) -> 25 | G14: =IF(MUS.!F16=0," ",MUS.!F16) -> 31 | H14: =IF('A.PL. '!F16=0," ",'A.PL. '!F16) -> 24 | I14: =IF(MAT!F16=0," ",MAT!F16) -> 28 | J14: =IF('T. TEC. GRAL'!F16=0," ",'T. TEC. GRAL'!F16) -> 22 | K14: =IF('BIO-GEO'!F16=0," ",'BIO-GEO'!F16) -> 27 | L14: =IF(PSI!F16=0," ",PSI!F16) -> 28 | M14: =IF('REL.'!F16=0," ",'REL.'!F16) -> 23
A15: =NOMINA!A17 -> 12 | B15: =NOMINA!B17 -> COPA RIVERO MARCIA MARCELA | C15: =IF(LEN!F17=0," ",LEN!F17) -> 14 | D15: =IF(ING!F17=0," ",ING!F17) -> 22 | E15: =IF('C.SOC'!F17=0," ",'C.SOC'!F17) -> 17 | F15: =IF('E. FIS.'!F17=0," ",'E. FIS.'!F17) -> 27 | G15: =IF(MUS.!F17=0," ",MUS.!F17) -> 23 | H15: =IF('A.PL. '!F17=0," ",'A.PL. '!F17) -> 20 | I15: =IF(MAT!F17=0," ",MAT!F17) -> 17 | J15: =IF('T. TEC. GRAL'!F17=0," ",'T. TEC. GRAL'!F17) -> 19 | K15: =IF('BIO-GEO'!F17=0," ",'BIO-GEO'!F17) -> 20 | L15: =IF(PSI!F17=0," ",PSI!F17) -> 17 | M15: =IF('REL.'!F17=0," ",'REL.'!F17) -> 24
... A44: =NOMINA!A46 -> 41 | B44: =NOMINA!B46 -> 0 | C44: =IF(LEN!F46=0," ",LEN!F46) | D44: =IF(ING!F46=0," ",ING!F46) | E44: =IF('C.SOC'!F46=0," ",'C.SOC'!F46) | F44: =IF('E. FIS.'!F46=0," ",'E. FIS.'!F46) | G44: =IF(MUS.!F46=0," ",MUS.!F46) | H44: =IF('A.PL. '!F46=0," ",'A.PL. '!F46) | I44: =IF(MAT!F46=0," ",MAT!F46) | J44: =IF('T. TEC. GRAL'!F46=0," ",'T. TEC. GRAL'!F46) | K44: =IF('BIO-GEO'!F46=0," ",'BIO-GEO'!F46) | L44: =IF(PSI!F46=0," ",PSI!F46) | M44: =IF('REL.'!F46=0," ",'REL.'!F46)
B46: aprobados | C46: =COUNTIF(C4:C44,">50") -> 0 | D46: =COUNTIF(D4:D44,">50") -> 0 | E46: =COUNTIF(E4:E44,">50") -> 0 | F46: =COUNTIF(F4:F44,">50") -> 0 | G46: =COUNTIF(G4:G44,">50") -> 0 | H46: =COUNTIF(H4:H44,">50") -> 0 | I46: =COUNTIF(I4:I44,">50") -> 0 | J46: =COUNTIF(J4:J44,">50") -> 0 | ... M46: =COUNTIF(M4:M44,">50") -> 0
B47: reprobados | C47: =COUNTIF(C4:C44,"<51") -> 35 | D47: =COUNTIF(D4:D44,"<51") -> 35 | E47: =COUNTIF(E4:E44,"<51") -> 35 | F47: =COUNTIF(F4:F44,"<51") -> 35 | G47: =COUNTIF(G4:G44,"<51") -> 35 | H47: =COUNTIF(H4:H44,"<51") -> 35 | I47: =COUNTIF(I4:I44,"<51") -> 35 | J47: =COUNTIF(J4:J44,"<51") -> 35 | ... M47: =COUNTIF(M4:M44,"<51") -> 35
B48: SUMA | C48: =SUM(C46:C47) -> 35 | D48: =SUM(D46:D47) -> 35 | E48: =SUM(E46:E47) -> 35 | F48: =SUM(F46:F47) -> 35 | G48: =SUM(G46:G47) -> 35 | H48: =SUM(H46:H47) -> 35 | I48: =SUM(I46:I47) -> 35 | J48: =SUM(J46:J47) -> 35 | ... M48: =SUM(M46:M47) -> 35
B50: PORCENTAJE APROBADOS | C50: =((C46/C48)*100) -> 0 | D50: =((D46/D48)*100) -> 0 | E50: =((E46/E48)*100) -> 0 | F50: =((F46/F48)*100) -> 0 | G50: =((G46/G48)*100) -> 0 | H50: =((H46/H48)*100) -> 0 | I50: =((I46/I48)*100) -> 0 | J50: =((J46/J48)*100) -> 0 | ... M50: =((M46/M48)*100) -> 0 | O50: =AVERAGE(C50:M50) -> 0
B51: PORCENTAJE REPROBADOS | C51: =100-C50 -> 100 | D51: =100-D50 -> 100 | E51: =100-E50 -> 100 | F51: =100-F50 -> 100 | G51: =100-G50 -> 100 | H51: =100-H50 -> 100 | I51: =100-I50 -> 100 | J51: =100-J50 -> 100 | ... M51: =100-M50 -> 100 | O51: =AVERAGE(C51:M51) -> 100

Sheet GRAL. (2)
B1: =NOMINA!$B$2 -> CURSO 2A | C1: LENGUAJE | G1: INGLES | K1: C. SOCIALES | O1: E. FÍSICA | S1: MÚSICA | W1: A. PLÁSTICAS | AA1: MATEMATICAS | AE1: T. TEC. GENERAL | AI1: BIO-GEO | AM1: PSICOLOGÍA | AQ1: RELIGION
C2: 1er Trim. | D2: 2do Trim. | E2: 3er Trim. | F2: P. ANUAL | G2: 1er Trim. | H2: 2do Trim. | I2: 3er Trim. | J2: P. ANUAL | K2: 1er Trim. | L2: 2do Trim. | M2: 3er Trim. | N2: P. ANUAL | O2: 1er Trim. | P2: 2do Trim. | Q2: 3er Trim. | R2: P. ANUAL | S2: 1er Trim. | T2: 2do Trim. | U2: 3er Trim. | V2: P. ANUAL | W2: 1er Trim. | X2: 2do Trim. | Y2: 3er Trim. | Z2: P. ANUAL | AA2: 1er Trim. | AB2: 2do Trim. | AC2: 3er Trim. | AD2: P. ANUAL | AE2: 1er Trim. | AF2: 2do Trim. | AG2: 3er Trim. | AH2: P. ANUAL | AI2: 1er Trim. | AJ2: 2do Trim. | AK2: 3er Trim. | AL2: P. ANUAL | AM2: 1er Trim. | AN2: 2do Trim. | AO2: 3er Trim. | AP2: P. ANUAL | AQ2: 1er Trim. | AR2: 2do Trim. | AS2: 3er Trim. | AT2: P. ANUAL
B3: NOMINA
A4: =NOMINA!A6 -> 1 | B4: =NOMINA!B6 -> ABREU MARRERO LIZ DANIELA | C4: =IF(LEN!C6=0," ",LEN!C6) -> 54 | D4: =IF(LEN!D6=0," ",LEN!D6) | E4: =IF(LEN!E6=0," ",LEN!E6) | F4: =IF(LEN!F6=0," ",LEN!F6) -> 18 | G4: =IF(ING!C6=0," ",ING!C6) -> 60 | H4: =IF(ING!D6=0," ",ING!D6) | I4: =IF(ING!E6=0," ",ING!E6) | J4: =IF(ING!F6=0," ",ING!F6) -> 20 | K4: =IF('C.SOC'!C6=0," ",'C.SOC'!C6) -> 73 | L4: =IF('C.SOC'!D6=0," ",'C.SOC'!D6) | M4: =IF('C.SOC'!E6=0," ",'C.SOC'!E6) | N4: =IF('C.SOC'!F6=0," ",'C.SOC'!F6) -> 24 | O4: =IF('E. FIS.'!C6=0," ",'E. FIS.'!C6) -> 70 | P4: =IF('E. FIS.'!D6=0," ",'E. FIS.'!D6) | Q4: =IF('E. FIS.'!E6=0," ",'E. FIS.'!E6) | R4: =IF('E. FIS.'!F6=0," ",'E. FIS.'!F6) -> 23 | S4: =IF(MUS.!C6=0," ",MUS.!C6) -> 94 | T4: =IF(MUS.!D6=0," ",MUS.!D6) | U4: =IF(MUS.!E6=0," ",MUS.!E6) | V4: =IF(MUS.!F6=0," ",MUS.!F6) -> 31 | W4: =IF('A.PL. '!C6=0," ",'A.PL. '!C6) -> 71 | X4: =IF('A.PL. '!D6=0," ",'A.PL. '!D6) | Y4: =IF('A.PL. '!E6=0," ",'A.PL. '!E6) | Z4: =IF('A.PL. '!F6=0," ",'A.PL. '!F6) -> 24 | AA4: =IF(MAT!C6=0," ",MAT!C6) -> 64 | AB4: =IF(MAT!D6=0," ",MAT!D6) | AC4: =IF(MAT!E6=0," ",MAT!E6) | AD4: =IF(MAT!F6=0," ",MAT!F6) -> 21 | AE4: =IF('T. TEC. GRAL'!C6=0," ",'T. TEC. GRAL'!C6) -> 66 | AF4: =IF('T. TEC. GRAL'!D6=0," ",'T. TEC. GRAL'!D6) | AG4: =IF('T. TEC. GRAL'!E6=0," ",'T. TEC. GRAL'!E6) | AH4: =IF('T. TEC. GRAL'!F6=0," ",'T. TEC. GRAL'!F6) -> 22 | AI4: =IF('BIO-GEO'!C6=0," ",'BIO-GEO'!C6) -> 77 | AJ4: =IF('BIO-GEO'!D6=0," ",'BIO-GEO'!D6) | AK4: =IF('BIO-GEO'!E6=0," ",'BIO-GEO'!E6) | AL4: =IF('BIO-GEO'!F6=0," ",'BIO-GEO'!F6) -> 26 | AM4: =IF(PSI!C6=0," ",PSI!C6) -> 74 | AN4: =IF(PSI!D6=0," ",PSI!D6) | AO4: =IF(PSI!E6=0," ",PSI!E6) | AP4: =IF(PSI!F6=0," ",PSI!F6) -> 25 | AQ4: =IF('REL.'!C6=0," ",'REL.'!C6) -> 64.666667 | AR4: =IF('REL.'!D6=0," ",'REL.'!D6) | AS4: =IF('REL.'!E6=0," ",'REL.'!E6) | AT4: =IF('REL.'!F6=0," ",'REL.'!F6) -> 22
A5: =NOMINA!A7 -> 2 | B5: =NOMINA!B7 -> ALIAGA SAAVEDRA MARCU MAURICIO | C5: =IF(LEN!C7=0," ",LEN!C7) -> 53 | D5: =IF(LEN!D7=0," ",LEN!D7) | E5: =IF(LEN!E7=0," ",LEN!E7) | F5: =IF(LEN!F7=0," ",LEN!F7) -> 18 | G5: =IF(ING!C7=0," ",ING!C7) -> 66 | H5: =IF(ING!D7=0," ",ING!D7) | I5: =IF(ING!E7=0," ",ING!E7) | J5: =IF(ING!F7=0," ",ING!F7) -> 22 | K5: =IF('C.SOC'!C7=0," ",'C.SOC'!C7) -> 58 | L5: =IF('C.SOC'!D7=0," ",'C.SOC'!D7) | M5: =IF('C.SOC'!E7=0," ",'C.SOC'!E7) | N5: =IF('C.SOC'!F7=0," ",'C.SOC'!F7) -> 19 | O5: =IF('E. FIS.'!C7=0," ",'E. FIS.'!C7) -> 54 | P5: =IF('E. FIS.'!D7=0," ",'E. FIS.'!D7) | Q5: =IF('E. FIS.'!E7=0," ",'E. FIS.'!E7) | R5: =IF('E. FIS.'!F7=0," ",'E. FIS.'!F7) -> 18 | S5: =IF(MUS.!C7=0," ",MUS.!C7) -> 87 | T5: =IF(MUS.!D7=0," ",MUS.!D7) | U5: =IF(MUS.!E7=0," ",MUS.!E7) | V5: =IF(MUS.!F7=0," ",MUS.!F7) -> 29 | W5: =IF('A.PL. '!C7=0," ",'A.PL. '!C7) -> 55 | X5: =IF('A.PL. '!D7=0," ",'A.PL. '!D7) | Y5: =IF('A.PL. '!E7=0," ",'A.PL. '!E7) | Z5: =IF('A.PL. '!F7=0," ",'A.PL. '!F7) -> 18 | AA5: =IF(MAT!C7=0," ",MAT!C7) -> 59 | AB5: =IF(MAT!D7=0," ",MAT!D7) | AC5: =IF(MAT!E7=0," ",MAT!E7) | AD5: =IF(MAT!F7=0," ",MAT!F7) -> 20 | AE5: =IF('T. TEC. GRAL'!C7=0," ",'T. TEC. GRAL'!C7) -> 63 | AF5: =IF('T. TEC. GRAL'!D7=0," ",'T. TEC. GRAL'!D7) | AG5: =IF('T. TEC. GRAL'!E7=0," ",'T. TEC. GRAL'!E7) | AH5: =IF('T. TEC. GRAL'!F7=0," ",'T. TEC. GRAL'!F7) -> 21 | AI5: =IF('BIO-GEO'!C7=0," ",'BIO-GEO'!C7) -> 74 | AJ5: =IF('BIO-GEO'!D7=0," ",'BIO-GEO'!D7) | AK5: =IF('BIO-GEO'!E7=0," ",'BIO-GEO'!E7) | AL5: =IF('BIO-GEO'!F7=0," ",'BIO-GEO'!F7) -> 25 | AM5: =IF(PSI!C7=0," ",PSI!C7) -> 80 | AN5: =IF(PSI!D7=0," ",PSI!D7) | AO5: =IF(PSI!E7=0," ",PSI!E7) | AP5: =IF(PSI!F7=0," ",PSI!F7) -> 27 | AQ5: =IF('REL.'!C7=0," ",'REL.'!C7) -> 62.416667 | AR5: =IF('REL.'!D7=0," ",'REL.'!D7) | AS5: =IF('REL.'!E7=0," ",'REL.'!E7) | AT5: =IF('REL.'!F7=0," ",'REL.'!F7) -> 21
A6: =NOMINA!A8 -> 3 | B6: =NOMINA!B8 -> ANTEZANA CACHI JOSE MAXWEL | C6: =IF(LEN!C8=0," ",LEN!C8) -> 65 | D6: =IF(LEN!D8=0," ",LEN!D8) | E6: =IF(LEN!E8=0," ",LEN!E8) | F6: =IF(LEN!F8=0," ",LEN!F8) -> 22 | G6: =IF(ING!C8=0," ",ING!C8) -> 81 | H6: =IF(ING!D8=0," ",ING!D8) | I6: =IF(ING!E8=0," ",ING!E8) | J6: =IF(ING!F8=0," ",ING!F8) -> 27 | K6: =IF('C.SOC'!C8=0," ",'C.SOC'!C8) -> 74 | L6: =IF('C.SOC'!D8=0," ",'C.SOC'!D8) | M6: =IF('C.SOC'!E8=0," ",'C.SOC'!E8) | N6: =IF('C.SOC'!F8=0," ",'C.SOC'!F8) -> 25 | O6: =IF('E. FIS.'!C8=0," ",'E. FIS.'!C8) -> 63 | P6: =IF('E. FIS.'!D8=0," ",'E. FIS.'!D8) | Q6: =IF('E. FIS.'!E8=0," ",'E. FIS.'!E8) | R6: =IF('E. FIS.'!F8=0," ",'E. FIS.'!F8) -> 21 | S6: =IF(MUS.!C8=0," ",MUS.!C8) -> 96 | T6: =IF(MUS.!D8=0," ",MUS.!D8) | U6: =IF(MUS.!E8=0," ",MUS.!E8) | V6: =IF(MUS.!F8=0," ",MUS.!F8) -> 32 | W6: =IF('A.PL. '!C8=0," ",'A.PL. '!C8) -> 59 | X6: =IF('A.PL. '!D8=0," ",'A.PL. '!D8) | Y6: =IF('A.PL. '!E8=0," ",'A.PL. '!E8) | Z6: =IF('A.PL. '!F8=0," ",'A.PL. '!F8) -> 20 | AA6: =IF(MAT!C8=0," ",MAT!C8) -> 91 | AB6: =IF(MAT!D8=0," ",MAT!D8) | AC6: =IF(MAT!E8=0," ",MAT!E8) | AD6: =IF(MAT!F8=0," ",MAT!F8) -> 30 | AE6: =IF('T. TEC. GRAL'!C8=0," ",'T. TEC. GRAL'!C8) -> 65 | AF6: =IF('T. TEC. GRAL'!D8=0," ",'T. TEC. GRAL'!D8) | AG6: =IF('T. TEC. GRAL'!E8=0," ",'T. TEC. GRAL'!E8) | AH6: =IF('T. TEC. GRAL'!F8=0," ",'T. TEC. GRAL'!F8) -> 22 | AI6: =IF('BIO-GEO'!C8=0," ",'BIO-GEO'!C8) -> 75 | AJ6: =IF('BIO-GEO'!D8=0," ",'BIO-GEO'!D8) | AK6: =IF('BIO-GEO'!E8=0," ",'BIO-GEO'!E8) | AL6: =IF('BIO-GEO'!F8=0," ",'BIO-GEO'!F8) -> 25 | AM6: =IF(PSI!C8=0," ",PSI!C8) -> 85 | AN6: =IF(PSI!D8=0," ",PSI!D8) | AO6: =IF(PSI!E8=0," ",PSI!E8) | AP6: =IF(PSI!F8=0," ",PSI!F8) -> 28 | AQ6: =IF('REL.'!C8=0," ",'REL.'!C8) -> 70.333333 | AR6: =IF('REL.'!D8=0," ",'REL.'!D8) | AS6: =IF('REL.'!E8=0," ",'REL.'!E8) | AT6: =IF('REL.'!F8=0," ",'REL.'!F8) -> 23
A7: =NOMINA!A9 -> 4 | B7: =NOMINA!B9 -> ARIZACA SALGUERO SANTIAGO | C7: =IF(LEN!C9=0," ",LEN!C9) -> 46 | D7: =IF(LEN!D9=0," ",LEN!D9) | E7: =IF(LEN!E9=0," ",LEN!E9) | F7: =IF(LEN!F9=0," ",LEN!F9) -> 15 | G7: =IF(ING!C9=0," ",ING!C9) -> 48 | H7: =IF(ING!D9=0," ",ING!D9) | I7: =IF(ING!E9=0," ",ING!E9) | J7: =IF(ING!F9=0," ",ING!F9) -> 16 | K7: =IF('C.SOC'!C9=0," ",'C.SOC'!C9) -> 63 | L7: =IF('C.SOC'!D9=0," ",'C.SOC'!D9) | M7: =IF('C.SOC'!E9=0," ",'C.SOC'!E9) | N7: =IF('C.SOC'!F9=0," ",'C.SOC'!F9) -> 21 | O7: =IF('E. FIS.'!C9=0," ",'E. FIS.'!C9) -> 76 | P7: =IF('E. FIS.'!D9=0," ",'E. FIS.'!D9) | Q7: =IF('E. FIS.'!E9=0," ",'E. FIS.'!E9) | R7: =IF('E. FIS.'!F9=0," ",'E. FIS.'!F9) -> 25 | S7: =IF(MUS.!C9=0," ",MUS.!C9) -> 70 | T7: =IF(MUS.!D9=0," ",MUS.!D9) | U7: =IF(MUS.!E9=0," ",MUS.!E9) | V7: =IF(MUS.!F9=0," ",MUS.!F9) -> 23 | W7: =IF('A.PL. '!C9=0," ",'A.PL. '!C9) -> 63 | X7: =IF('A.PL. '!D9=0," ",'A.PL. '!D9) | Y7: =IF('A.PL. '!E9=0," ",'A.PL. '!E9) | Z7: =IF('A.PL. '!F9=0," ",'A.PL. '!F9) -> 21 | AA7: =IF(MAT!C9=0," ",MAT!C9) -> 61 | AB7: =IF(MAT!D9=0," ",MAT!D9) | AC7: =IF(MAT!E9=0," ",MAT!E9) | AD7: =IF(MAT!F9=0," ",MAT!F9) -> 20 | AE7: =IF('T. TEC. GRAL'!C9=0," ",'T. TEC. GRAL'!C9) -> 68 | AF7: =IF('T. TEC. GRAL'!D9=0," ",'T. TEC. GRAL'!D9) | AG7: =IF('T. TEC. GRAL'!E9=0," ",'T. TEC. GRAL'!E9) | AH7: =IF('T. TEC. GRAL'!F9=0," ",'T. TEC. GRAL'!F9) -> 23 | AI7: =IF('BIO-GEO'!C9=0," ",'BIO-GEO'!C9) -> 77 | AJ7: =IF('BIO-GEO'!D9=0," ",'BIO-GEO'!D9) | AK7: =IF('BIO-GEO'!E9=0," ",'BIO-GEO'!E9) | AL7: =IF('BIO-GEO'!F9=0," ",'BIO-GEO'!F9) -> 26 | AM7: =IF(PSI!C9=0," ",PSI!C9) -> 51 | AN7: =IF(PSI!D9=0," ",PSI!D9) | AO7: =IF(PSI!E9=0," ",PSI!E9) | AP7: =IF(PSI!F9=0," ",PSI!F9) -> 17 | AQ7: =IF('REL.'!C9=0," ",'REL.'!C9) -> 51.75 | AR7: =IF('REL.'!D9=0," ",'REL.'!D9) | AS7: =IF('REL.'!E9=0," ",'REL.'!E9) | AT7: =IF('REL.'!F9=0," ",'REL.'!F9) -> 17
A8: =NOMINA!A10 -> 5 | B8: =NOMINA!B10 -> BAUTISTA GARCIA ALISON LUCIANA | C8: =IF(LEN!C10=0," ",LEN!C10) -> 52 | D8: =IF(LEN!D10=0," ",LEN!D10) | E8: =IF(LEN!E10=0," ",LEN!E10) | F8: =IF(LEN!F10=0," ",LEN!F10) -> 17 | G8: =IF(ING!C10=0," ",ING!C10) -> 57 | H8: =IF(ING!D10=0," ",ING!D10) | I8: =IF(ING!E10=0," ",ING!E10) | J8: =IF(ING!F10=0," ",ING!F10) -> 19 | K8: =IF('C.SOC'!C10=0," ",'C.SOC'!C10) -> 51 | L8: =IF('C.SOC'!D10=0," ",'C.SOC'!D10) | M8: =IF('C.SOC'!E10=0," ",'C.SOC'!E10) | N8: =IF('C.SOC'!F10=0," ",'C.SOC'!F10) -> 17 | O8: =IF('E. FIS.'!C10=0," ",'E. FIS.'!C10) -> 67 | P8: =IF('E. FIS.'!D10=0," ",'E. FIS.'!D10) | Q8: =IF('E. FIS.'!E10=0," ",'E. FIS.'!E10) | R8: =IF('E. FIS.'!F10=0," ",'E. FIS.'!F10) -> 22 | S8: =IF(MUS.!C10=0," ",MUS.!C10) -> 76 | T8: =IF(MUS.!D10=0," ",MUS.!D10) | U8: =IF(MUS.!E10=0," ",MUS.!E10) | V8: =IF(MUS.!F10=0," ",MUS.!F10) -> 25 | W8: =IF('A.PL. '!C10=0," ",'A.PL. '!C10) -> 71 | X8: =IF('A.PL. '!D10=0," ",'A.PL. '!D10) | Y8: =IF('A.PL. '!E10=0," ",'A.PL. '!E10) | Z8: =IF('A.PL. '!F10=0," ",'A.PL. '!F10) -> 24 | AA8: =IF(MAT!C10=0," ",MAT!C10) -> 58 | AB8: =IF(MAT!D10=0," ",MAT!D10) | AC8: =IF(MAT!E10=0," ",MAT!E10) | AD8: =IF(MAT!F10=0," ",MAT!F10) -> 19 | AE8: =IF('T. TEC. GRAL'!C10=0," ",'T. TEC. GRAL'!C10) -> 71 | AF8: =IF('T. TEC. GRAL'!D10=0," ",'T. TEC. GRAL'!D10) | AG8: =IF('T. TEC. GRAL'!E10=0," ",'T. TEC. GRAL'!E10) | AH8: =IF('T. TEC. GRAL'!F10=0," ",'T. TEC. GRAL'!F10) -> 24 | AI8: =IF('BIO-GEO'!C10=0," ",'BIO-GEO'!C10) -> 70 | AJ8: =IF('BIO-GEO'!D10=0," ",'BIO-GEO'!D10) | AK8: =IF('BIO-GEO'!E10=0," ",'BIO-GEO'!E10) | AL8: =IF('BIO-GEO'!F10=0," ",'BIO-GEO'!F10) -> 23 | AM8: =IF(PSI!C10=0," ",PSI!C10) -> 66 | AN8: =IF(PSI!D10=0," ",PSI!D10) | AO8: =IF(PSI!E10=0," ",PSI!E10) | AP8: =IF(PSI!F10=0," ",PSI!F10) -> 22 | AQ8: =IF('REL.'!C10=0," ",'REL.'!C10) -> 78.833333 | AR8: =IF('REL.'!D10=0," ",'REL.'!D10) | AS8: =IF('REL.'!E10=0," ",'REL.'!E10) | AT8: =IF('REL.'!F10=0," ",'REL.'!F10) -> 26
A9: =NOMINA!A11 -> 6 | B9: =NOMINA!B11 -> BOLIVAR REVOLLO NIVARDO ADOLFO | C9: =IF(LEN!C11=0," ",LEN!C11) -> 51 | D9: =IF(LEN!D11=0," ",LEN!D11) | E9: =IF(LEN!E11=0," ",LEN!E11) | F9: =IF(LEN!F11=0," ",LEN!F11) -> 17 | G9: =IF(ING!C11=0," ",ING!C11) -> 63 | H9: =IF(ING!D11=0," ",ING!D11) | I9: =IF(ING!E11=0," ",ING!E11) | J9: =IF(ING!F11=0," ",ING!F11) -> 21 | K9: =IF('C.SOC'!C11=0," ",'C.SOC'!C11) -> 43 | L9: =IF('C.SOC'!D11=0," ",'C.SOC'!D11) | M9: =IF('C.SOC'!E11=0," ",'C.SOC'!E11) | N9: =IF('C.SOC'!F11=0," ",'C.SOC'!F11) -> 14 | O9: =IF('E. FIS.'!C11=0," ",'E. FIS.'!C11) -> 59 | P9: =IF('E. FIS.'!D11=0," ",'E. FIS.'!D11) | Q9: =IF('E. FIS.'!E11=0," ",'E. FIS.'!E11) | R9: =IF('E. FIS.'!F11=0," ",'E. FIS.'!F11) -> 20 | S9: =IF(MUS.!C11=0," ",MUS.!C11) -> 72 | T9: =IF(MUS.!D11=0," ",MUS.!D11) | U9: =IF(MUS.!E11=0," ",MUS.!E11) | V9: =IF(MUS.!F11=0," ",MUS.!F11) -> 24 | W9: =IF('A.PL. '!C11=0," ",'A.PL. '!C11) -> 53 | X9: =IF('A.PL. '!D11=0," ",'A.PL. '!D11) | Y9: =IF('A.PL. '!E11=0," ",'A.PL. '!E11) | Z9: =IF('A.PL. '!F11=0," ",'A.PL. '!F11) -> 18 | AA9: =IF(MAT!C11=0," ",MAT!C11) -> 46 | AB9: =IF(MAT!D11=0," ",MAT!D11) | AC9: =IF(MAT!E11=0," ",MAT!E11) | AD9: =IF(MAT!F11=0," ",MAT!F11) -> 15 | AE9: =IF('T. TEC. GRAL'!C11=0," ",'T. TEC. GRAL'!C11) -> 66 | AF9: =IF('T. TEC. GRAL'!D11=0," ",'T. TEC. GRAL'!D11) | AG9: =IF('T. TEC. GRAL'!E11=0," ",'T. TEC. GRAL'!E11) | AH9: =IF('T. TEC. GRAL'!F11=0," ",'T. TEC. GRAL'!F11) -> 22 | AI9: =IF('BIO-GEO'!C11=0," ",'BIO-GEO'!C11) -> 61 | AJ9: =IF('BIO-GEO'!D11=0," ",'BIO-GEO'!D11) | AK9: =IF('BIO-GEO'!E11=0," ",'BIO-GEO'!E11) | AL9: =IF('BIO-GEO'!F11=0," ",'BIO-GEO'!F11) -> 20 | AM9: =IF(PSI!C11=0," ",PSI!C11) -> 64 | AN9: =IF(PSI!D11=0," ",PSI!D11) | AO9: =IF(PSI!E11=0," ",PSI!E11) | AP9: =IF(PSI!F11=0," ",PSI!F11) -> 21 | AQ9: =IF('REL.'!C11=0," ",'REL.'!C11) -> 77.166667 | AR9: =IF('REL.'!D11=0," ",'REL.'!D11) | AS9: =IF('REL.'!E11=0," ",'REL.'!E11) | AT9: =IF('REL.'!F11=0," ",'REL.'!F11) -> 26
A10: =NOMINA!A12 -> 7 | B10: =NOMINA!B12 -> CADIMA SOLIZ NICOLAS | C10: =IF(LEN!C12=0," ",LEN!C12) -> 46 | D10: =IF(LEN!D12=0," ",LEN!D12) | E10: =IF(LEN!E12=0," ",LEN!E12) | F10: =IF(LEN!F12=0," ",LEN!F12) -> 15 | G10: =IF(ING!C12=0," ",ING!C12) -> 47 | H10: =IF(ING!D12=0," ",ING!D12) | I10: =IF(ING!E12=0," ",ING!E12) | J10: =IF(ING!F12=0," ",ING!F12) -> 16 | K10: =IF('C.SOC'!C12=0," ",'C.SOC'!C12) -> 40 | L10: =IF('C.SOC'!D12=0," ",'C.SOC'!D12) | M10: =IF('C.SOC'!E12=0," ",'C.SOC'!E12) | N10: =IF('C.SOC'!F12=0," ",'C.SOC'!F12) -> 13 | O10: =IF('E. FIS.'!C12=0," ",'E. FIS.'!C12) -> 69 | P10: =IF('E. FIS.'!D12=0," ",'E. FIS.'!D12) | Q10: =IF('E. FIS.'!E12=0," ",'E. FIS.'!E12) | R10: =IF('E. FIS.'!F12=0," ",'E. FIS.'!F12) -> 23 | S10: =IF(MUS.!C12=0," ",MUS.!C12) -> 66 | T10: =IF(MUS.!D12=0," ",MUS.!D12) | U10: =IF(MUS.!E12=0," ",MUS.!E12) | V10: =IF(MUS.!F12=0," ",MUS.!F12) -> 22 | W10: =IF('A.PL. '!C12=0," ",'A.PL. '!C12) -> 59 | X10: =IF('A.PL. '!D12=0," ",'A.PL. '!D12) | Y10: =IF('A.PL. '!E12=0," ",'A.PL. '!E12) | Z10: =IF('A.PL. '!F12=0," ",'A.PL. '!F12) -> 20 | AA10: =IF(MAT!C12=0," ",MAT!C12) -> 46 | AB10: =IF(MAT!D12=0," ",MAT!D12) | AC10: =IF(MAT!E12=0," ",MAT!E12) | AD10: =IF(MAT!F12=0," ",MAT!F12) -> 15 | AE10: =IF('T. TEC. GRAL'!C12=0," ",'T. TEC. GRAL'!C12) -> 57 | AF10: =IF('T. TEC. GRAL'!D12=0," ",'T. TEC. GRAL'!D12) | AG10: =IF('T. TEC. GRAL'!E12=0," ",'T. TEC. GRAL'!E12) | AH10: =IF('T. TEC. GRAL'!F12=0," ",'T. TEC. GRAL'!F12) -> 19 | AI10: =IF('BIO-GEO'!C12=0," ",'BIO-GEO'!C12) -> 67 | AJ10: =IF('BIO-GEO'!D12=0," ",'BIO-GEO'!D12) | AK10: =IF('BIO-GEO'!E12=0," ",'BIO-GEO'!E12) | AL10: =IF('BIO-GEO'!F12=0," ",'BIO-GEO'!F12) -> 22 | AM10: =IF(PSI!C12=0," ",PSI!C12) -> 67 | AN10: =IF(PSI!D12=0," ",PSI!D12) | AO10: =IF(PSI!E12=0," ",PSI!E12) | AP10: =IF(PSI!F12=0," ",PSI!F12) -> 22 | AQ10: =IF('REL.'!C12=0," ",'REL.'!C12) -> 66.166667 | AR10: =IF('REL.'!D12=0," ",'REL.'!D12) | AS10: =IF('REL.'!E12=0," ",'REL.'!E12) | AT10: =IF('REL.'!F12=0," ",'REL.'!F12) -> 22
A11: =NOMINA!A13 -> 8 | B11: =NOMINA!B13 -> CALLE PEREZ ANDREA BELEN | C11: =IF(LEN!C13=0," ",LEN!C13) -> 78 | D11: =IF(LEN!D13=0," ",LEN!D13) | E11: =IF(LEN!E13=0," ",LEN!E13) | F11: =IF(LEN!F13=0," ",LEN!F13) -> 26 | G11: =IF(ING!C13=0," ",ING!C13) -> 80 | H11: =IF(ING!D13=0," ",ING!D13) | I11: =IF(ING!E13=0," ",ING!E13) | J11: =IF(ING!F13=0," ",ING!F13) -> 27 | K11: =IF('C.SOC'!C13=0," ",'C.SOC'!C13) -> 75 | L11: =IF('C.SOC'!D13=0," ",'C.SOC'!D13) | M11: =IF('C.SOC'!E13=0," ",'C.SOC'!E13) | N11: =IF('C.SOC'!F13=0," ",'C.SOC'!F13) -> 25 | O11: =IF('E. FIS.'!C13=0," ",'E. FIS.'!C13) -> 67 | P11: =IF('E. FIS.'!D13=0," ",'E. FIS.'!D13) | Q11: =IF('E. FIS.'!E13=0," ",'E. FIS.'!E13) | R11: =IF('E. FIS.'!F13=0," ",'E. FIS.'!F13) -> 22 | S11: =IF(MUS.!C13=0," ",MUS.!C13) -> 97 | T11: =IF(MUS.!D13=0," ",MUS.!D13) | U11: =IF(MUS.!E13=0," ",MUS.!E13) | V11: =IF(MUS.!F13=0," ",MUS.!F13) -> 32 | W11: =IF('A.PL. '!C13=0," ",'A.PL. '!C13) -> 69 | X11: =IF('A.PL. '!D13=0," ",'A.PL. '!D13) | Y11: =IF('A.PL. '!E13=0," ",'A.PL. '!E13) | Z11: =IF('A.PL. '!F13=0," ",'A.PL. '!F13) -> 23 | AA11: =IF(MAT!C13=0," ",MAT!C13) -> 93 | AB11: =IF(MAT!D13=0," ",MAT!D13) | AC11: =IF(MAT!E13=0," ",MAT!E13) | AD11: =IF(MAT!F13=0," ",MAT!F13) -> 31 | AE11: =IF('T. TEC. GRAL'!C13=0," ",'T. TEC. GRAL'!C13) -> 79 | AF11: =IF('T. TEC. GRAL'!D13=0," ",'T. TEC. GRAL'!D13) | AG11: =IF('T. TEC. GRAL'!E13=0," ",'T. TEC. GRAL'!E13) | AH11: =IF('T. TEC. GRAL'!F13=0," ",'T. TEC. GRAL'!F13) -> 26 | AI11: =IF('BIO-GEO'!C13=0," ",'BIO-GEO'!C13) -> 83 | AJ11: =IF('BIO-GEO'!D13=0," ",'BIO-GEO'!D13) | AK11: =IF('BIO-GEO'!E13=0," ",'BIO-GEO'!E13) | AL11: =IF('BIO-GEO'!F13=0," ",'BIO-GEO'!F13) -> 28 | AM11: =IF(PSI!C13=0," ",PSI!C13) -> 81 | AN11: =IF(PSI!D13=0," ",PSI!D13) | AO11: =IF(PSI!E13=0," ",PSI!E13) | AP11: =IF(PSI!F13=0," ",PSI!F13) -> 27 | AQ11: =IF('REL.'!C13=0," ",'REL.'!C13) -> 75.666667 | AR11: =IF('REL.'!D13=0," ",'REL.'!D13) | AS11: =IF('REL.'!E13=0," ",'REL.'!E13) | AT11: =IF('REL.'!F13=0," ",'REL.'!F13) -> 25
A12: =NOMINA!A14 -> 9 | B12: =NOMINA!B14 -> CHAVEZ AMURRIO SEBASTIAN FABIAN | C12: =IF(LEN!C14=0," ",LEN!C14) -> 44 | D12: =IF(LEN!D14=0," ",LEN!D14) | E12: =IF(LEN!E14=0," ",LEN!E14) | F12: =IF(LEN!F14=0," ",LEN!F14) -> 15 | G12: =IF(ING!C14=0," ",ING!C14) -> 45 | H12: =IF(ING!D14=0," ",ING!D14) | I12: =IF(ING!E14=0," ",ING!E14) | J12: =IF(ING!F14=0," ",ING!F14) -> 15 | K12: =IF('C.SOC'!C14=0," ",'C.SOC'!C14) -> 56 | L12: =IF('C.SOC'!D14=0," ",'C.SOC'!D14) | M12: =IF('C.SOC'!E14=0," ",'C.SOC'!E14) | N12: =IF('C.SOC'!F14=0," ",'C.SOC'!F14) -> 19 | O12: =IF('E. FIS.'!C14=0," ",'E. FIS.'!C14) -> 45 | P12: =IF('E. FIS.'!D14=0," ",'E. FIS.'!D14) | Q12: =IF('E. FIS.'!E14=0," ",'E. FIS.'!E14) | R12: =IF('E. FIS.'!F14=0," ",'E. FIS.'!F14) -> 15 | S12: =IF(MUS.!C14=0," ",MUS.!C14) -> 54 | T12: =IF(MUS.!D14=0," ",MUS.!D14) | U12: =IF(MUS.!E14=0," ",MUS.!E14) | V12: =IF(MUS.!F14=0," ",MUS.!F14) -> 18 | W12: =IF('A.PL. '!C14=0," ",'A.PL. '!C14) -> 67 | X12: =IF('A.PL. '!D14=0," ",'A.PL. '!D14) | Y12: =IF('A.PL. '!E14=0," ",'A.PL. '!E14) | Z12: =IF('A.PL. '!F14=0," ",'A.PL. '!F14) -> 22 | AA12: =IF(MAT!C14=0," ",MAT!C14) -> 49 | AB12: =IF(MAT!D14=0," ",MAT!D14) | AC12: =IF(MAT!E14=0," ",MAT!E14) | AD12: =IF(MAT!F14=0," ",MAT!F14) -> 16 | AE12: =IF('T. TEC. GRAL'!C14=0," ",'T. TEC. GRAL'!C14) -> 44 | AF12: =IF('T. TEC. GRAL'!D14=0," ",'T. TEC. GRAL'!D14) | AG12: =IF('T. TEC. GRAL'!E14=0," ",'T. TEC. GRAL'!E14) | AH12: =IF('T. TEC. GRAL'!F14=0," ",'T. TEC. GRAL'!F14) -> 15 | AI12: =IF('BIO-GEO'!C14=0," ",'BIO-GEO'!C14) -> 35 | AJ12: =IF('BIO-GEO'!D14=0," ",'BIO-GEO'!D14) | AK12: =IF('BIO-GEO'!E14=0," ",'BIO-GEO'!E14) | AL12: =IF('BIO-GEO'!F14=0," ",'BIO-GEO'!F14) -> 12 | AM12: =IF(PSI!C14=0," ",PSI!C14) -> 45 | AN12: =IF(PSI!D14=0," ",PSI!D14) | AO12: =IF(PSI!E14=0," ",PSI!E14) | AP12: =IF(PSI!F14=0," ",PSI!F14) -> 15 | AQ12: =IF('REL.'!C14=0," ",'REL.'!C14) -> 52.25 | AR12: =IF('REL.'!D14=0," ",'REL.'!D14) | AS12: =IF('REL.'!E14=0," ",'REL.'!E14) | AT12: =IF('REL.'!F14=0," ",'REL.'!F14) -> 17
A13: =NOMINA!A15 -> 10 | B13: =NOMINA!B15 -> CHOQUE ARISPE YURIANA LUCIA | C13: =IF(LEN!C15=0," ",LEN!C15) -> 51 | D13: =IF(LEN!D15=0," ",LEN!D15) | E13: =IF(LEN!E15=0," ",LEN!E15) | F13: =IF(LEN!F15=0," ",LEN!F15) -> 17 | G13: =IF(ING!C15=0," ",ING!C15) -> 58 | H13: =IF(ING!D15=0," ",ING!D15) | I13: =IF(ING!E15=0," ",ING!E15) | J13: =IF(ING!F15=0," ",ING!F15) -> 19 | K13: =IF('C.SOC'!C15=0," ",'C.SOC'!C15) -> 44 | L13: =IF('C.SOC'!D15=0," ",'C.SOC'!D15) | M13: =IF('C.SOC'!E15=0," ",'C.SOC'!E15) | N13: =IF('C.SOC'!F15=0," ",'C.SOC'!F15) -> 15 | O13: =IF('E. FIS.'!C15=0," ",'E. FIS.'!C15) -> 55 | P13: =IF('E. FIS.'!D15=0," ",'E. FIS.'!D15) | Q13: =IF('E. FIS.'!E15=0," ",'E. FIS.'!E15) | R13: =IF('E. FIS.'!F15=0," ",'E. FIS.'!F15) -> 18 | S13: =IF(MUS.!C15=0," ",MUS.!C15) -> 58 | T13: =IF(MUS.!D15=0," ",MUS.!D15) | U13: =IF(MUS.!E15=0," ",MUS.!E15) | V13: =IF(MUS.!F15=0," ",MUS.!F15) -> 19 | W13: =IF('A.PL. '!C15=0," ",'A.PL. '!C15) -> 66 | X13: =IF('A.PL. '!D15=0," ",'A.PL. '!D15) | Y13: =IF('A.PL. '!E15=0," ",'A.PL. '!E15) | Z13: =IF('A.PL. '!F15=0," ",'A.PL. '!F15) -> 22 | AA13: =IF(MAT!C15=0," ",MAT!C15) -> 52 | AB13: =IF(MAT!D15=0," ",MAT!D15) | AC13: =IF(MAT!E15=0," ",MAT!E15) | AD13: =IF(MAT!F15=0," ",MAT!F15) -> 17 | AE13: =IF('T. TEC. GRAL'!C15=0," ",'T. TEC. GRAL'!C15) -> 67 | AF13: =IF('T. TEC. GRAL'!D15=0," ",'T. TEC. GRAL'!D15) | AG13: =IF('T. TEC. GRAL'!E15=0," ",'T. TEC. GRAL'!E15) | AH13: =IF('T. TEC. GRAL'!F15=0," ",'T. TEC. GRAL'!F15) -> 22 | AI13: =IF('BIO-GEO'!C15=0," ",'BIO-GEO'!C15) -> 67 | AJ13: =IF('BIO-GEO'!D15=0," ",'BIO-GEO'!D15) | AK13: =IF('BIO-GEO'!E15=0," ",'BIO-GEO'!E15) | AL13: =IF('BIO-GEO'!F15=0," ",'BIO-GEO'!F15) -> 22 | AM13: =IF(PSI!C15=0," ",PSI!C15) -> 67 | AN13: =IF(PSI!D15=0," ",PSI!D15) | AO13: =IF(PSI!E15=0," ",PSI!E15) | AP13: =IF(PSI!F15=0," ",PSI!F15) -> 22 | AQ13: =IF('REL.'!C15=0," ",'REL.'!C15) -> 63.75 | AR13: =IF('REL.'!D15=0," ",'REL.'!D15) | AS13: =IF('REL.'!E15=0," ",'REL.'!E15) | AT13: =IF('REL.'!F15=0," ",'REL.'!F15) -> 21
A14: =NOMINA!A16 -> 11 | B14: =NOMINA!B16 -> CHOQUE PERALTA JHOEL ELIAZAR | C14: =IF(LEN!C16=0," ",LEN!C16) -> 85 | D14: =IF(LEN!D16=0," ",LEN!D16) | E14: =IF(LEN!E16=0," ",LEN!E16) | F14: =IF(LEN!F16=0," ",LEN!F16) -> 28 | G14: =IF(ING!C16=0," ",ING!C16) -> 90 | H14: =IF(ING!D16=0," ",ING!D16) | I14: =IF(ING!E16=0," ",ING!E16) | J14: =IF(ING!F16=0," ",ING!F16) -> 30 | K14: =IF('C.SOC'!C16=0," ",'C.SOC'!C16) -> 82 | L14: =IF('C.SOC'!D16=0," ",'C.SOC'!D16) | M14: =IF('C.SOC'!E16=0," ",'C.SOC'!E16) | N14: =IF('C.SOC'!F16=0," ",'C.SOC'!F16) -> 27 | O14: =IF('E. FIS.'!C16=0," ",'E. FIS.'!C16) -> 74 | P14: =IF('E. FIS.'!D16=0," ",'E. FIS.'!D16) | Q14: =IF('E. FIS.'!E16=0," ",'E. FIS.'!E16) | R14: =IF('E. FIS.'!F16=0," ",'E. FIS.'!F16) -> 25 | S14: =IF(MUS.!C16=0," ",MUS.!C16) -> 94 | T14: =IF(MUS.!D16=0," ",MUS.!D16) | U14: =IF(MUS.!E16=0," ",MUS.!E16) | V14: =IF(MUS.!F16=0," ",MUS.!F16) -> 31 | W14: =IF('A.PL. '!C16=0," ",'A.PL. '!C16) -> 73 | X14: =IF('A.PL. '!D16=0," ",'A.PL. '!D16) | Y14: =IF('A.PL. '!E16=0," ",'A.PL. '!E16) | Z14: =IF('A.PL. '!F16=0," ",'A.PL. '!F16) -> 24 | AA14: =IF(MAT!C16=0," ",MAT!C16) -> 83 | AB14: =IF(MAT!D16=0," ",MAT!D16) | AC14: =IF(MAT!E16=0," ",MAT!E16) | AD14: =IF(MAT!F16=0," ",MAT!F16) -> 28 | AE14: =IF('T. TEC. GRAL'!C16=0," ",'T. TEC. GRAL'!C16) -> 65 | AF14: =IF('T. TEC. GRAL'!D16=0," ",'T. TEC. GRAL'!D16) | AG14: =IF('T. TEC. GRAL'!E16=0," ",'T. TEC. GRAL'!E16) | AH14: =IF('T. TEC. GRAL'!F16=0," ",'T. TEC. GRAL'!F16) -> 22 | AI14: =IF('BIO-GEO'!C16=0," ",'BIO-GEO'!C16) -> 82 | AJ14: =IF('BIO-GEO'!D16=0," ",'BIO-GEO'!D16) | AK14: =IF('BIO-GEO'!E16=0," ",'BIO-GEO'!E16) | AL14: =IF('BIO-GEO'!F16=0," ",'BIO-GEO'!F16) -> 27 | AM14: =IF(PSI!C16=0," ",PSI!C16) -> 83 | AN14: =IF(PSI!D16=0," ",PSI!D16) | AO14: =IF(PSI!E16=0," ",PSI!E16) | AP14: =IF(PSI!F16=0," ",PSI!F16) -> 28 | AQ14: =IF('REL.'!C16=0," ",'REL.'!C16) -> 68.833333 | AR14: =IF('REL.'!D16=0," ",'REL.'!D16) | AS14: =IF('REL.'!E16=0," ",'REL.'!E16) | AT14: =IF('REL.'!F16=0," ",'REL.'!F16) -> 23
A15: =NOMINA!A17 -> 12 | B15: =NOMINA!B17 -> COPA RIVERO MARCIA MARCELA | C15: =IF(LEN!C17=0," ",LEN!C17) -> 43 | D15: =IF(LEN!D17=0," ",LEN!D17) | E15: =IF(LEN!E17=0," ",LEN!E17) | F15: =IF(LEN!F17=0," ",LEN!F17) -> 14 | G15: =IF(ING!C17=0," ",ING!C17) -> 67 | H15: =IF(ING!D17=0," ",ING!D17) | I15: =IF(ING!E17=0," ",ING!E17) | J15: =IF(ING!F17=0," ",ING!F17) -> 22 | K15: =IF('C.SOC'!C17=0," ",'C.SOC'!C17) -> 51 | L15: =IF('C.SOC'!D17=0," ",'C.SOC'!D17) | M15: =IF('C.SOC'!E17=0," ",'C.SOC'!E17) | N15: =IF('C.SOC'!F17=0," ",'C.SOC'!F17) -> 17 | O15: =IF('E. FIS.'!C17=0," ",'E. FIS.'!C17) -> 80 | P15: =IF('E. FIS.'!D17=0," ",'E. FIS.'!D17) | Q15: =IF('E. FIS.'!E17=0," ",'E. FIS.'!E17) | R15: =IF('E. FIS.'!F17=0," ",'E. FIS.'!F17) -> 27 | S15: =IF(MUS.!C17=0," ",MUS.!C17) -> 70 | T15: =IF(MUS.!D17=0," ",MUS.!D17) | U15: =IF(MUS.!E17=0," ",MUS.!E17) | V15: =IF(MUS.!F17=0," ",MUS.!F17) -> 23 | W15: =IF('A.PL. '!C17=0," ",'A.PL. '!C17) -> 61 | X15: =IF('A.PL. '!D17=0," ",'A.PL. '!D17) | Y15: =IF('A.PL. '!E17=0," ",'A.PL. '!E17) | Z15: =IF('A.PL. '!F17=0," ",'A.PL. '!F17) -> 20 | AA15: =IF(MAT!C17=0," ",MAT!C17) -> 52 | AB15: =IF(MAT!D17=0," ",MAT!D17) | AC15: =IF(MAT!E17=0," ",MAT!E17) | AD15: =IF(MAT!F17=0," ",MAT!F17) -> 17 | AE15: =IF('T. TEC. GRAL'!C17=0," ",'T. TEC. GRAL'!C17) -> 56 | AF15: =IF('T. TEC. GRAL'!D17=0," ",'T. TEC. GRAL'!D17) | AG15: =IF('T. TEC. GRAL'!E17=0," ",'T. TEC. GRAL'!E17) | AH15: =IF('T. TEC. GRAL'!F17=0," ",'T. TEC. GRAL'!F17) -> 19 | AI15: =IF('BIO-GEO'!C17=0," ",'BIO-GEO'!C17) -> 59 | AJ15: =IF('BIO-GEO'!D17=0," ",'BIO-GEO'!D17) | AK15: =IF('BIO-GEO'!E17=0," ",'BIO-GEO'!E17) | AL15: =IF('BIO-GEO'!F17=0," ",'BIO-GEO'!F17) -> 20 | AM15: =IF(PSI!C17=0," ",PSI!C17) -> 51 | AN15: =IF(PSI!D17=0," ",PSI!D17) | AO15: =IF(PSI!E17=0," ",PSI!E17) | AP15: =IF(PSI!F17=0," ",PSI!F17) -> 17 | AQ15: =IF('REL.'!C17=0," ",'REL.'!C17) -> 70.666667 | AR15: =IF('REL.'!D17=0," ",'REL.'!D17) | AS15: =IF('REL.'!E17=0," ",'REL.'!E17) | AT15: =IF('REL.'!F17=0," ",'REL.'!F17) -> 24
... A41: =NOMINA!A43 -> 38 | B41: =NOMINA!B43 -> 0 | C41: =IF(LEN!C43=0," ",LEN!C43) | D41: =IF(LEN!D43=0," ",LEN!D43) | E41: =IF(LEN!E43=0," ",LEN!E43) | F41: =IF(LEN!F43=0," ",LEN!F43) | G41: =IF(ING!C43=0," ",ING!C43) | H41: =IF(ING!D43=0," ",ING!D43) | I41: =IF(ING!E43=0," ",ING!E43) | J41: =IF(ING!F43=0," ",ING!F43) | K41: =IF('C.SOC'!C43=0," ",'C.SOC'!C43) | L41: =IF('C.SOC'!D43=0," ",'C.SOC'!D43) | M41: =IF('C.SOC'!E43=0," ",'C.SOC'!E43) | N41: =IF('C.SOC'!F43=0," ",'C.SOC'!F43) | O41: =IF('E. FIS.'!C43=0," ",'E. FIS.'!C43) | P41: =IF('E. FIS.'!D43=0," ",'E. FIS.'!D43) | Q41: =IF('E. FIS.'!E43=0," ",'E. FIS.'!E43) | R41: =IF('E. FIS.'!F43=0," ",'E. FIS.'!F43) | S41: =IF(MUS.!C43=0," ",MUS.!C43) | T41: =IF(MUS.!D43=0," ",MUS.!D43) | U41: =IF(MUS.!E43=0," ",MUS.!E43) | V41: =IF(MUS.!F43=0," ",MUS.!F43) | W41: =IF('A.PL. '!C43=0," ",'A.PL. '!C43) | X41: =IF('A.PL. '!D43=0," ",'A.PL. '!D43) | Y41: =IF('A.PL. '!E43=0," ",'A.PL. '!E43) | Z41: =IF('A.PL. '!F43=0," ",'A.PL. '!F43) | AA41: =IF(MAT!C43=0," ",MAT!C43) | AB41: =IF(MAT!D43=0," ",MAT!D43) | AC41: =IF(MAT!E43=0," ",MAT!E43) | AD41: =IF(MAT!F43=0," ",MAT!F43) | AE41: =IF('T. TEC. GRAL'!C43=0," ",'T. TEC. GRAL'!C43) | AF41: =IF('T. TEC. GRAL'!D43=0," ",'T. TEC. GRAL'!D43) | AG41: =IF('T. TEC. GRAL'!E43=0," ",'T. TEC. GRAL'!E43) | AH41: =IF('T. TEC. GRAL'!F43=0," ",'T. TEC. GRAL'!F43) | AI41: =IF('BIO-GEO'!C43=0," ",'BIO-GEO'!C43) | AJ41: =IF('BIO-GEO'!D43=0," ",'BIO-GEO'!D43) | AK41: =IF('BIO-GEO'!E43=0," ",'BIO-GEO'!E43) | AL41: =IF('BIO-GEO'!F43=0," ",'BIO-GEO'!F43) | AM41: =IF(PSI!C43=0," ",PSI!C43) | AN41: =IF(PSI!D43=0," ",PSI!D43) | AO41: =IF(PSI!E43=0," ",PSI!E43) | AP41: =IF(PSI!F43=0," ",PSI!F43) | AQ41: =IF('REL.'!C43=0," ",'REL.'!C43) | AR41: =IF('REL.'!D43=0," ",'REL.'!D43) | AS41: =IF('REL.'!E43=0," ",'REL.'!E43) | AT41: =IF('REL.'!F43=0," ",'REL.'!F43)
A42: =NOMINA!A44 -> 39 | B42: =NOMINA!B44 -> 0 | C42: =IF(LEN!C44=0," ",LEN!C44) | D42: =IF(LEN!D44=0," ",LEN!D44) | E42: =IF(LEN!E44=0," ",LEN!E44) | F42: =IF(LEN!F44=0," ",LEN!F44) | G42: =IF(ING!G44=0," ",ING!G44) | H42: =IF(ING!D44=0," ",ING!D44) | I42: =IF(ING!E44=0," ",ING!E44) | J42: =IF(ING!F44=0," ",ING!F44) | K42: =IF('C.SOC'!C44=0," ",'C.SOC'!C44) | L42: =IF('C.SOC'!D44=0," ",'C.SOC'!D44) | M42: =IF('C.SOC'!E44=0," ",'C.SOC'!E44) | N42: =IF('C.SOC'!F44=0," ",'C.SOC'!F44) | O42: =IF('E. FIS.'!C44=0," ",'E. FIS.'!C44) | P42: =IF('E. FIS.'!D44=0," ",'E. FIS.'!D44) | Q42: =IF('E. FIS.'!E44=0," ",'E. FIS.'!E44) | R42: =IF('E. FIS.'!F44=0," ",'E. FIS.'!F44) | S42: =IF(MUS.!C44=0," ",MUS.!C44) | T42: =IF(MUS.!D44=0," ",MUS.!D44) | U42: =IF(MUS.!E44=0," ",MUS.!E44) | V42: =IF(MUS.!F44=0," ",MUS.!F44) | W42: =IF('A.PL. '!C44=0," ",'A.PL. '!C44) | X42: =IF('A.PL. '!D44=0," ",'A.PL. '!D44) | Y42: =IF('A.PL. '!E44=0," ",'A.PL. '!E44) | Z42: =IF('A.PL. '!F44=0," ",'A.PL. '!F44) | AA42: =IF(MAT!C44=0," ",MAT!C44) | AB42: =IF(MAT!D44=0," ",MAT!D44) | AC42: =IF(MAT!E44=0," ",MAT!E44) | AD42: =IF(MAT!F44=0," ",MAT!F44) | AE42: =IF('T. TEC. GRAL'!C44=0," ",'T. TEC. GRAL'!C44) | AF42: =IF('T. TEC. GRAL'!D44=0," ",'T. TEC. GRAL'!D44) | AG42: =IF('T. TEC. GRAL'!E44=0," ",'T. TEC. GRAL'!E44) | AH42: =IF('T. TEC. GRAL'!F44=0," ",'T. TEC. GRAL'!F44) | AI42: =IF('BIO-GEO'!C44=0," ",'BIO-GEO'!C44) | AJ42: =IF('BIO-GEO'!D44=0," ",'BIO-GEO'!D44) | AK42: =IF('BIO-GEO'!E44=0," ",'BIO-GEO'!E44) | AL42: =IF('BIO-GEO'!F44=0," ",'BIO-GEO'!F44) | AM42: =IF(PSI!C44=0," ",PSI!C44) | AN42: =IF(PSI!D44=0," ",PSI!D44) | AO42: =IF(PSI!E44=0," ",PSI!E44) | AP42: =IF(PSI!F44=0," ",PSI!F44) | AQ42: =IF('REL.'!C44=0," ",'REL.'!C44) | AR42: =IF('REL.'!D44=0," ",'REL.'!D44) | AS42: =IF('REL.'!E44=0," ",'REL.'!E44) | AT42: =IF('REL.'!F44=0," ",'REL.'!F44)
A43: =NOMINA!A45 -> 40 | B43: =NOMINA!B45 -> 0 | C43: =IF(LEN!C45=0," ",LEN!C45) | D43: =IF(LEN!D45=0," ",LEN!D45) | E43: =IF(LEN!E45=0," ",LEN!E45) | F43: =IF(LEN!F45=0," ",LEN!F45) | G43: =IF(ING!C45=0," ",ING!C45) | H43: =IF(ING!D45=0," ",ING!D45) | I43: =IF(ING!E45=0," ",ING!E45) | J43: =IF(ING!F45=0," ",ING!F45) | K43: =IF('C.SOC'!C45=0," ",'C.SOC'!C45) | L43: =IF('C.SOC'!D45=0," ",'C.SOC'!D45) | M43: =IF('C.SOC'!E45=0," ",'C.SOC'!E45) | N43: =IF('C.SOC'!F45=0," ",'C.SOC'!F45) | O43: =IF('E. FIS.'!C45=0," ",'E. FIS.'!C45) | P43: =IF('E. FIS.'!D45=0," ",'E. FIS.'!D45) | Q43: =IF('E. FIS.'!E45=0," ",'E. FIS.'!E45) | R43: =IF('E. FIS.'!F45=0," ",'E. FIS.'!F45) | S43: =IF(MUS.!C45=0," ",MUS.!C45) | T43: =IF(MUS.!D45=0," ",MUS.!D45) | U43: =IF(MUS.!E45=0," ",MUS.!E45) | V43: =IF(MUS.!F45=0," ",MUS.!F45) | W43: =IF('A.PL. '!C45=0," ",'A.PL. '!C45) | X43: =IF('A.PL. '!D45=0," ",'A.PL. '!D45) | Y43: =IF('A.PL. '!E45=0," ",'A.PL. '!E45) | Z43: =IF('A.PL. '!F45=0," ",'A.PL. '!F45) | AA43: =IF(MAT!C45=0," ",MAT!C45) | AB43: =IF(MAT!D45=0," ",MAT!D45) | AC43: =IF(MAT!E45=0," ",MAT!E45) | AD43: =IF(MAT!F45=0," ",MAT!F45) | AE43: =IF('T. TEC. GRAL'!C45=0," ",'T. TEC. GRAL'!C45) | AF43: =IF('T. TEC. GRAL'!D45=0," ",'T. TEC. GRAL'!D45) | AG43: =IF('T. TEC. GRAL'!E45=0," ",'T. TEC. GRAL'!E45) | AH43: =IF('T. TEC. GRAL'!F45=0," ",'T. TEC. GRAL'!F45) | AI43: =IF('BIO-GEO'!C45=0," ",'BIO-GEO'!C45) | AJ43: =IF('BIO-GEO'!D45=0," ",'BIO-GEO'!D45) | AK43: =IF('BIO-GEO'!E45=0," ",'BIO-GEO'!E45) | AL43: =IF('BIO-GEO'!F45=0," ",'BIO-GEO'!F45) | AM43: =IF(PSI!C45=0," ",PSI!C45) | AN43: =IF(PSI!D45=0," ",PSI!D45) | AO43: =IF(PSI!E45=0," ",PSI!E45) | AP43: =IF(PSI!F45=0," ",PSI!F45) | AQ43: =IF('REL.'!C45=0," ",'REL.'!C45) | AR43: =IF('REL.'!D45=0," ",'REL.'!D45) | AS43: =IF('REL.'!E45=0," ",'REL.'!E45) | AT43: =IF('REL.'!F45=0," ",'REL.'!F45)
A44: =NOMINA!A46 -> 41 | B44: =NOMINA!B46 -> 0 | C44: =IF(LEN!C46=0," ",LEN!C46) | D44: =IF(LEN!D46=0," ",LEN!D46) | E44: =IF(LEN!E46=0," ",LEN!E46) | F44: =IF(LEN!F46=0," ",LEN!F46) | G44: =IF(ING!C46=0," ",ING!C46) | H44: =IF(ING!D46=0," ",ING!D46) | I44: =IF(ING!E46=0," ",ING!E46) | J44: =IF(ING!F46=0," ",ING!F46) | K44: =IF('C.SOC'!C46=0," ",'C.SOC'!C46) | L44: =IF('C.SOC'!D46=0," ",'C.SOC'!D46) | M44: =IF('C.SOC'!E46=0," ",'C.SOC'!E46) | N44: =IF('C.SOC'!F46=0," ",'C.SOC'!F46) | O44: =IF('E. FIS.'!C46=0," ",'E. FIS.'!C46) | P44: =IF('E. FIS.'!D46=0," ",'E. FIS.'!D46) | Q44: =IF('E. FIS.'!E46=0," ",'E. FIS.'!E46) | R44: =IF('E. FIS.'!F46=0," ",'E. FIS.'!F46) | S44: =IF(MUS.!C46=0," ",MUS.!C46) | T44: =IF(MUS.!D46=0," ",MUS.!D46) | U44: =IF(MUS.!E46=0," ",MUS.!E46) | V44: =IF(MUS.!F46=0," ",MUS.!F46) | W44: =IF('A.PL. '!C46=0," ",'A.PL. '!C46) | X44: =IF('A.PL. '!D46=0," ",'A.PL. '!D46) | Y44: =IF('A.PL. '!E46=0," ",'A.PL. '!E46) | Z44: =IF('A.PL. '!F46=0," ",'A.PL. '!F46) | AA44: =IF(MAT!C46=0," ",MAT!C46) | AB44: =IF(MAT!D46=0," ",MAT!D46) | AC44: =IF(MAT!E46=0," ",MAT!E46) | AD44: =IF(MAT!F46=0," ",MAT!F46) | AE44: =IF('T. TEC. GRAL'!C46=0," ",'T. TEC. GRAL'!C46) | AF44: =IF('T. TEC. GRAL'!D46=0," ",'T. TEC. GRAL'!D46) | AG44: =IF('T. TEC. GRAL'!E46=0," ",'T. TEC. GRAL'!E46) | AH44: =IF('T. TEC. GRAL'!F46=0," ",'T. TEC. GRAL'!F46) | AI44: =IF('BIO-GEO'!C46=0," ",'BIO-GEO'!C46) | AJ44: =IF('BIO-GEO'!D46=0," ",'BIO-GEO'!D46) | AK44: =IF('BIO-GEO'!E46=0," ",'BIO-GEO'!E46) | AL44: =IF('BIO-GEO'!F46=0," ",'BIO-GEO'!F46) | AM44: =IF(PSI!C46=0," ",PSI!C46) | AN44: =IF(PSI!D46=0," ",PSI!D46) | AO44: =IF(PSI!E46=0," ",PSI!E46) | AP44: =IF(PSI!F46=0," ",PSI!F46) | AQ44: =IF('REL.'!C46=0," ",'REL.'!C46)
B46: aprobados | C46: =COUNTIF(C4:C44,">50") -> 25 | D46: =COUNTIF(D4:D44,">50") -> 0 | E46: =COUNTIF(E4:E44,">50") -> 0 | F46: =COUNTIF(F4:F44,">50") -> 0 | G46: =COUNTIF(G4:G44,">50") -> 27 | H46: =COUNTIF(H4:H44,">50") -> 0 | I46: =COUNTIF(I4:I44,">50") -> 0 | J46: =COUNTIF(J4:J44,">50") -> 0 | ... AQ46: =COUNTIF(AQ4:AQ44,">50") -> 35 | AR46: =COUNTIF(AR4:AR43,">50") -> 0 | AS46: =COUNTIF(AS4:AS43,">50") -> 0 | AT46: =COUNTIF(AT4:AT43,">50") -> 0
B47: reprobados | C47: =COUNTIF(C4:C44,"<50") -> 10 | D47: =COUNTIF(D4:D44,"<50") -> 0 | E47: =COUNTIF(E4:E44,"<50") -> 0 | F47: =COUNTIF(F4:F44,"<50") -> 35 | G47: =COUNTIF(G4:G44,"<50") -> 8 | H47: =COUNTIF(H4:H44,"<50") -> 0 | I47: =COUNTIF(I4:I44,"<50") -> 0 | J47: =COUNTIF(J4:J44,"<50") -> 35 | ... AQ47: =COUNTIF(AQ4:AQ44,"<50") -> 0 | AR47: =COUNTIF(AR4:AR43,"<50") -> 0 | AS47: =COUNTIF(AS4:AS43,"<50") -> 0 | AT47: =COUNTIF(AT4:AT43,"<50") -> 35
B48: SUMA | C48: =SUM(C46:C47) -> 35 | D48: =SUM(D46:D47) -> 0 | E48: =SUM(E46:E47) -> 0 | F48: =SUM(F46:F47) -> 35 | G48: =SUM(G46:G47) -> 35 | H48: =SUM(H46:H47) -> 0 | I48: =SUM(I46:I47) -> 0 | J48: =SUM(J46:J47) -> 35 | ... AT48: =SUM(AT46:AT47) -> 35
B50: PORCENTAJE APROBADOS | C50: =((C46/C48)*100) -> 71.428571 | D50: =((D46/D48)*100) -> #DIV/0! | E50: =((E46/E48)*100) -> #DIV/0! | F50: =((F46/F48)*100) -> 0 | G50: =((G46/G48)*100) -> 77.142857 | H50: =((H46/H48)*100) -> #DIV/0! | I50: =((I46/I48)*100) -> #DIV/0! | J50: =((J46/J48)*100) -> 0 | ... AT50: =((AT46/AT48)*100) -> 0
B51: PORCENTAJE REPROBADOS | C51: =100-C50 -> 28.571429 | D51: =100-D50 -> #DIV/0! | E51: =100-E50 -> #DIV/0! | F51: =100-F50 -> 100 | G51: =100-G50 -> 22.857143 | H51: =100-H50 -> #DIV/0! | I51: =100-I50 -> #DIV/0! | J51: =100-J50 -> 100 | ... AT51: =100-AT50 -> 100
C52: LENGUAJE | G52: INGLES | K52: C. SOCIALES | O52: E. FÍSICA | S52: MÚSICA | W52: A. PLÁSTICAS | AA52: MATEMATICAS | AE52: T. TEC. GENERAL | AI52: BIO-GEO | AM52: PSICOLOGÍA | AQ52: RELIGION

Sheet Hoja1
