Workbook

Sheet INDICE

Sheet Carátula
W1: PASOS A SEGUIR
W2: 1. LLENE SOLO LOS DATOS DE LA CARATULA Y FILIACION
W3: 2. ESTOS DATOS SALTARAN DE FORMA AUTOMATICA EN TODAS LAS HOJAS
W4: 3. ESTE REGISTRO NO ESTA BLOQUEADO PUEDE MODIFICARLO A SUS NECESIDADES
D7: CUADERNO PEDAGÓGICO
F8: 2026
D10: DISTRITO:
D11: COCHABAMBA 2
D13: UNIDAD EDUCATIVA
D14: SIMON BOLIVAR
F16: LOGO U.E. | M16: CODIGO SIE: | P16: 809811111
M18: NIVEL: | P18: SECUNDARIA
M20: CURSO: | P20: SEXTO | S20: "A"
D22: PROFESOR:
D23: JOSE CUELLAR SANCHEZ
D25: ÁREA:
D26: MATEMÁTICAS
I28: COCHABAMBA - BOLIVIA
R29: www.educa-tics.com

Sheet FIL
A1: FILIACIÓN DE ESTUDIANTES - GESTIÓN 2026 | L1: www.educatic.xyz
A2: =CONCATENATE("PROFESOR(A):"," ",Carátula!D23) -> PROFESOR(A): JOSE CUELLAR SANCHEZ | F2: =CONCATENATE("NIVEL:"," ",Carátula!P18) -> NIVEL: SECUNDARIA
A3: =CONCATENATE("CODIGO SIE:"," ",Carátula!P16) -> CODIGO SIE: 809811111 | F3: =CONCATENATE("GRADO:"," ",Carátula!P20) -> GRADO: SEXTO
A4: =CONCATENATE("UNIDAD EDUCATIVA:"," ",Carátula!D14) -> UNIDAD EDUCATIVA: SIMON BOLIVAR | F4: =CONCATENATE("PARALELO:"," ",Carátula!S20) -> PARALELO: "A" | G4: DATOS DE LA MADRE | J4: DATOS DEL PADRE
A5: N° | B5: RUDE | C5: PATERNO | D5: MATERNO | E5: NOMBRES | F5: TELEFONO/CELULAR | G5: NOMBRE | H5: OCUPACION | I5: CELULAR | J5: NOMBRE | K5: OCUPACION | L5: CELULAR
A6: 1 | C6: CUELLAR | D6: SANCHEZ | E6: JOSE
A7: 2 | C7: VALENCIA | D7: ROJAS | E7: NICOLAS
A8: 3
A9: 4
A10: 5
A11: 6
A12: 7
A13: 8
A14: 9
A15: 10
A16: 11
A17: 12
A18: 13
A19: 14
... A55: 50

Sheet REGISTRO PPFF
D1: REGISTRO DE PADRES DE FAMILIA O TUTORES
A2: UNIDAD EDUCATIVA: | C2: =Carátula!$D$14 -> SIMON BOLIVAR | E2: CODIGÓ SIE: | F2: =Carátula!$P$16 -> 809811111 | R2: =[1]CARATULA!P16 -> 80890037
A3: NIVEL : | C3: =Carátula!$P$18 -> SECUNDARIA | E3: CURSO: | F3: =Carátula!$P$20&" "&Carátula!$S$20 -> SEXTO "A" | R3: =CONCATENATE([1]CARATULA!P20," ",[1]CARATULA!S20) -> TERCERO "A"
A5: Nº | B5: APELLIDOS Y NOMBRES ESTUDIANTE | D5: DATOS DEL PADRE / O TUTOR | F5: DATOS DE LA MADRE | H5: DIRECCION
D6: NOMBRE | E6: TELEFONO | F6: NOMBRE | G6: TELEFONO
A7: 1 | B7: =IF(ISBLANK(FIL!E6),"",CONCATENATE(FIL!C6," ",FIL!D6," ",FIL!E6)) -> CUELLAR SANCHEZ JOSE | D7: =IF(ISBLANK(FIL!G6),"",(FIL!G6)) | F7: =IF(ISBLANK(FIL!J6),"",(FIL!J6))
A8: 2 | B8: =IF(ISBLANK(FIL!E7),"",CONCATENATE(FIL!C7," ",FIL!D7," ",FIL!E7)) -> VALENCIA ROJAS NICOLAS | D8: =IF(ISBLANK(FIL!G7),"",(FIL!G7)) | F8: =IF(ISBLANK(FIL!J7),"",(FIL!J7))
A9: 3 | B9: =IF(ISBLANK(FIL!E8),"",CONCATENATE(FIL!C8," ",FIL!D8," ",FIL!E8)) | D9: =IF(ISBLANK(FIL!G8),"",(FIL!G8)) | F9: =IF(ISBLANK(FIL!J8),"",(FIL!J8))
A10: 4 | B10: =IF(ISBLANK(FIL!E9),"",CONCATENATE(FIL!C9," ",FIL!D9," ",FIL!E9)) | D10: =IF(ISBLANK(FIL!G9),"",(FIL!G9)) | F10: =IF(ISBLANK(FIL!J9),"",(FIL!J9))
A11: 5 | B11: =IF(ISBLANK(FIL!E10),"",CONCATENATE(FIL!C10," ",FIL!D10," ",FIL!E10)) | D11: =IF(ISBLANK(FIL!G10),"",(FIL!G10)) | F11: =IF(ISBLANK(FIL!J10),"",(FIL!J10))
A12: 6 | B12: =IF(ISBLANK(FIL!E11),"",CONCATENATE(FIL!C11," ",FIL!D11," ",FIL!E11)) | D12: =IF(ISBLANK(FIL!G11),"",(FIL!G11)) | F12: =IF(ISBLANK(FIL!J11),"",(FIL!J11))
A13: 7 | B13: =IF(ISBLANK(FIL!E12),"",CONCATENATE(FIL!C12," ",FIL!D12," ",FIL!E12)) | D13: =IF(ISBLANK(FIL!G12),"",(FIL!G12)) | F13: =IF(ISBLANK(FIL!J12),"",(FIL!J12))
A14: 8 | B14: =IF(ISBLANK(FIL!E13),"",CONCATENATE(FIL!C13," ",FIL!D13," ",FIL!E13)) | D14: =IF(ISBLANK(FIL!G13),"",(FIL!G13)) | F14: =IF(ISBLANK(FIL!J13),"",(FIL!J13))
A15: 9 | B15: =IF(ISBLANK(FIL!E14),"",CONCATENATE(FIL!C14," ",FIL!D14," ",FIL!E14)) | D15: =IF(ISBLANK(FIL!G14),"",(FIL!G14)) | F15: =IF(ISBLANK(FIL!J14),"",(FIL!J14))
A16: 10 | B16: =IF(ISBLANK(FIL!E15),"",CONCATENATE(FIL!C15," ",FIL!D15," ",FIL!E15)) | D16: =IF(ISBLANK(FIL!G15),"",(FIL!G15)) | F16: =IF(ISBLANK(FIL!J15),"",(FIL!J15))
A17: 11 | B17: =IF(ISBLANK(FIL!E16),"",CONCATENATE(FIL!C16," ",FIL!D16," ",FIL!E16)) | D17: =IF(ISBLANK(FIL!G16),"",(FIL!G16)) | F17: =IF(ISBLANK(FIL!J16),"",(FIL!J16))
A18: 12 | B18: =IF(ISBLANK(FIL!E17),"",CONCATENATE(FIL!C17," ",FIL!D17," ",FIL!E17)) | D18: =IF(ISBLANK(FIL!G17),"",(FIL!G17)) | F18: =IF(ISBLANK(FIL!J17),"",(FIL!J17))
... A56: 50 | B56: =IF(ISBLANK(FIL!E55),"",CONCATENATE(FIL!C55," ",FIL!D55," ",FIL!E55)) | D56: =IF(ISBLANK(FIL!G55),"",(FIL!G55)) | F56: =IF(ISBLANK(FIL!J55),"",(FIL!J55))

Sheet Asist. 1 Trim. Sec.
A1: ASISTENCIA PRIMER TRIMESTRE - GESTIÓN 2026
A2: PROFESOR(A): | C2: =Carátula!$D$23 -> JOSE CUELLAR SANCHEZ | S2: NIVEL: | X2: =Carátula!$P$18 -> SECUNDARIA
A3: CODIGO SIE: | C3: =Carátula!$P$16 -> 809811111 | S3: GRADO: | X3: =Carátula!$P$20 -> SEXTO
A4: UNIDAD EDUCATIVA: | C4: =Carátula!$D$14 -> SIMON BOLIVAR | S4: PARALELO: | X4: =Carátula!$S$20 -> "A" | AB4: P=Presente | AC4: F=Faltas | AD4: A=Atrasos | AE4: L=Licencias
A5: N° | B5: APELLIDOS Y NOMBRES | C5: MESES:
A8: 1 | B8: =IF(ISBLANK(FIL!E6),"",CONCATENATE(FIL!C6," ",FIL!D6," ",FIL!E6)) -> CUELLAR SANCHEZ JOSE | AB8: =IF(COUNTIF(C8:AA8,"=P")=0,"",COUNTIF(C8:AA8,"=P")) | AC8: =IF(COUNTIF(C8:AA8,"=F")=0,"",COUNTIF(C8:AA8,"=F")) | AD8: =IF(COUNTIF(C8:AA8,"=A")=0,"",COUNTIF(C8:AA8,"=A")) | AE8: =IF(COUNTIF(C8:AA8,"=L")=0,"",COUNTIF(C8:AA8,"=L"))
A9: 2 | B9: =IF(ISBLANK(FIL!E7),"",CONCATENATE(FIL!C7," ",FIL!D7," ",FIL!E7)) -> VALENCIA ROJAS NICOLAS | AB9: =IF(COUNTIF(C9:AA9,"=P")=0,"",COUNTIF(C9:AA9,"=P")) | AC9: =IF(COUNTIF(C9:AA9,"=F")=0,"",COUNTIF(C9:AA9,"=F")) | AD9: =IF(COUNTIF(C9:AA9,"=A")=0,"",COUNTIF(C9:AA9,"=A")) | AE9: =IF(COUNTIF(C9:AA9,"=L")=0,"",COUNTIF(C9:AA9,"=L"))
A10: 3 | B10: =IF(ISBLANK(FIL!E8),"",CONCATENATE(FIL!C8," ",FIL!D8," ",FIL!E8)) | AB10: =IF(COUNTIF(C10:AA10,"=P")=0,"",COUNTIF(C10:AA10,"=P")) | AC10: =IF(COUNTIF(C10:AA10,"=F")=0,"",COUNTIF(C10:AA10,"=F")) | AD10: =IF(COUNTIF(C10:AA10,"=A")=0,"",COUNTIF(C10:AA10,"=A")) | AE10: =IF(COUNTIF(C10:AA10,"=L")=0,"",COUNTIF(C10:AA10,"=L"))
A11: 4 | B11: =IF(ISBLANK(FIL!E9),"",CONCATENATE(FIL!C9," ",FIL!D9," ",FIL!E9)) | AB11: =IF(COUNTIF(C11:AA11,"=P")=0,"",COUNTIF(C11:AA11,"=P")) | AC11: =IF(COUNTIF(C11:AA11,"=F")=0,"",COUNTIF(C11:AA11,"=F")) | AD11: =IF(COUNTIF(C11:AA11,"=A")=0,"",COUNTIF(C11:AA11,"=A")) | AE11: =IF(COUNTIF(C11:AA11,"=L")=0,"",COUNTIF(C11:AA11,"=L"))
A12: 5 | B12: =IF(ISBLANK(FIL!E10),"",CONCATENATE(FIL!C10," ",FIL!D10," ",FIL!E10)) | AB12: =IF(COUNTIF(C12:AA12,"=P")=0,"",COUNTIF(C12:AA12,"=P")) | AC12: =IF(COUNTIF(C12:AA12,"=F")=0,"",COUNTIF(C12:AA12,"=F")) | AD12: =IF(COUNTIF(C12:AA12,"=A")=0,"",COUNTIF(C12:AA12,"=A")) | AE12: =IF(COUNTIF(C12:AA12,"=L")=0,"",COUNTIF(C12:AA12,"=L"))
A13: 6 | B13: =IF(ISBLANK(FIL!E11),"",CONCATENATE(FIL!C11," ",FIL!D11," ",FIL!E11)) | AB13: =IF(COUNTIF(C13:AA13,"=P")=0,"",COUNTIF(C13:AA13,"=P")) | AC13: =IF(COUNTIF(C13:AA13,"=F")=0,"",COUNTIF(C13:AA13,"=F")) | AD13: =IF(COUNTIF(C13:AA13,"=A")=0,"",COUNTIF(C13:AA13,"=A")) | AE13: =IF(COUNTIF(C13:AA13,"=L")=0,"",COUNTIF(C13:AA13,"=L"))
A14: 7 | B14: =IF(ISBLANK(FIL!E12),"",CONCATENATE(FIL!C12," ",FIL!D12," ",FIL!E12)) | AB14: =IF(COUNTIF(C14:AA14,"=P")=0,"",COUNTIF(C14:AA14,"=P")) | AC14: =IF(COUNTIF(C14:AA14,"=F")=0,"",COUNTIF(C14:AA14,"=F")) | AD14: =IF(COUNTIF(C14:AA14,"=A")=0,"",COUNTIF(C14:AA14,"=A")) | AE14: =IF(COUNTIF(C14:AA14,"=L")=0,"",COUNTIF(C14:AA14,"=L"))
A15: 8 | B15: =IF(ISBLANK(FIL!E13),"",CONCATENATE(FIL!C13," ",FIL!D13," ",FIL!E13)) | AB15: =IF(COUNTIF(C15:AA15,"=P")=0,"",COUNTIF(C15:AA15,"=P")) | AC15: =IF(COUNTIF(C15:AA15,"=F")=0,"",COUNTIF(C15:AA15,"=F")) | AD15: =IF(COUNTIF(C15:AA15,"=A")=0,"",COUNTIF(C15:AA15,"=A")) | AE15: =IF(COUNTIF(C15:AA15,"=L")=0,"",COUNTIF(C15:AA15,"=L"))
A16: 9 | B16: =IF(ISBLANK(FIL!E14),"",CONCATENATE(FIL!C14," ",FIL!D14," ",FIL!E14)) | AB16: =IF(COUNTIF(C16:AA16,"=P")=0,"",COUNTIF(C16:AA16,"=P")) | AC16: =IF(COUNTIF(C16:AA16,"=F")=0,"",COUNTIF(C16:AA16,"=F")) | AD16: =IF(COUNTIF(C16:AA16,"=A")=0,"",COUNTIF(C16:AA16,"=A")) | AE16: =IF(COUNTIF(C16:AA16,"=L")=0,"",COUNTIF(C16:AA16,"=L"))
A17: 10 | B17: =IF(ISBLANK(FIL!E15),"",CONCATENATE(FIL!C15," ",FIL!D15," ",FIL!E15)) | AB17: =IF(COUNTIF(C17:AA17,"=P")=0,"",COUNTIF(C17:AA17,"=P")) | AC17: =IF(COUNTIF(C17:AA17,"=F")=0,"",COUNTIF(C17:AA17,"=F")) | AD17: =IF(COUNTIF(C17:AA17,"=A")=0,"",COUNTIF(C17:AA17,"=A")) | AE17: =IF(COUNTIF(C17:AA17,"=L")=0,"",COUNTIF(C17:AA17,"=L"))
A18: 11 | B18: =IF(ISBLANK(FIL!E16),"",CONCATENATE(FIL!C16," ",FIL!D16," ",FIL!E16)) | AB18: =IF(COUNTIF(C18:AA18,"=P")=0,"",COUNTIF(C18:AA18,"=P")) | AC18: =IF(COUNTIF(C18:AA18,"=F")=0,"",COUNTIF(C18:AA18,"=F")) | AD18: =IF(COUNTIF(C18:AA18,"=A")=0,"",COUNTIF(C18:AA18,"=A")) | AE18: =IF(COUNTIF(C18:AA18,"=L")=0,"",COUNTIF(C18:AA18,"=L"))
A19: 12 | B19: =IF(ISBLANK(FIL!E17),"",CONCATENATE(FIL!C17," ",FIL!D17," ",FIL!E17)) | AB19: =IF(COUNTIF(C19:AA19,"=P")=0,"",COUNTIF(C19:AA19,"=P")) | AC19: =IF(COUNTIF(C19:AA19,"=F")=0,"",COUNTIF(C19:AA19,"=F")) | AD19: =IF(COUNTIF(C19:AA19,"=A")=0,"",COUNTIF(C19:AA19,"=A")) | AE19: =IF(COUNTIF(C19:AA19,"=L")=0,"",COUNTIF(C19:AA19,"=L"))
... A57: 50 | B57: =IF(ISBLANK(FIL!E55),"",CONCATENATE(FIL!C55," ",FIL!D55," ",FIL!E55)) | AB57: =IF(COUNTIF(C57:AA57,"=P")=0,"",COUNTIF(C57:AA57,"=P")) | AC57: =IF(COUNTIF(C57:AA57,"=F")=0,"",COUNTIF(C57:AA57,"=F")) | AD57: =IF(COUNTIF(C57:AA57,"=A")=0,"",COUNTIF(C57:AA57,"=A")) | AE57: =IF(COUNTIF(C57:AA57,"=L")=0,"",COUNTIF(C57:AA57,"=L"))
B58: Total Estudiantes: | C58: =COUNTA(FIL!E6:E55) -> 2 | AB58: =IF(SUM(AB8:AB57)=0,"",SUM(AB8:AB57)) | AC58: =IF(SUM(AC8:AC57)=0,"",SUM(AC8:AC57)) | AD58: =IF(SUM(AD8:AD57)=0,"",SUM(AD8:AD57)) | AE58: =IF(SUM(AE8:AE57)=0,"",SUM(AE8:AE57))
B59: Días trabajados: | C59: =COUNTA(C7:AA7) -> 0 | AB59: =IF(ISNUMBER(AB58),AB58/SUM(AB58:AE58),"") | AC59: =IF(ISNUMBER(AC58),AC58/SUM(AB58:AE58),"") | AD59: =IF(ISNUMBER(AD58),AD58/SUM(AB58:AE58),"") | AE59: =IF(ISNUMBER(AE58),AE58/SUM(AB58:AE58),"")

Sheet Asist. Bimestral Prim.
A1: ASISTENCIA TRIMESTRAL - GESTIÓN
A2: PROFESOR(A): | C2: =Carátula!$D$23 -> JOSE CUELLAR SANCHEZ | AH2: NIVEL: | AM2: =Carátula!$P$18 -> SECUNDARIA
A3: CODIGO SIE: | C3: =Carátula!$P$16 -> 809811111 | AH3: GRADO: | AM3: =Carátula!$P$20 -> SEXTO
A4: UNIDAD EDUCATIVA: | C4: =Carátula!$D$14 -> SIMON BOLIVAR | AH4: PARALELO: | AM4: =Carátula!$S$20 -> "A" | AQ4: P=Presente | AR4: F=Faltas | AS4: A=Atrasos | AT4: L=Licencias
A5: N° | B5: APELLIDOS Y NOMBRES
A8: 1 | B8: =IF(ISBLANK(FIL!E6),"",CONCATENATE(FIL!C6," ",FIL!D6," ",FIL!E6)) -> CUELLAR SANCHEZ JOSE | AQ8: =IF(COUNTIF(C8:AP8,"=P")=0,"",COUNTIF(C8:AP8,"=P")) | AR8: =IF(COUNTIF(C8:AP8,"=F")=0,"",COUNTIF(C8:AP8,"=F")) | AS8: =IF(COUNTIF(C8:AP8,"=A")=0,"",COUNTIF(C8:AP8,"=A")) | AT8: =IF(COUNTIF(C8:AP8,"=L")=0,"",COUNTIF(C8:AP8,"=L"))
A9: 2 | B9: =IF(ISBLANK(FIL!E7),"",CONCATENATE(FIL!C7," ",FIL!D7," ",FIL!E7)) -> VALENCIA ROJAS NICOLAS | AQ9: =IF(COUNTIF(C9:AP9,"=P")=0,"",COUNTIF(C9:AP9,"=P")) | AR9: =IF(COUNTIF(C9:AP9,"=F")=0,"",COUNTIF(C9:AP9,"=F")) | AS9: =IF(COUNTIF(C9:AP9,"=A")=0,"",COUNTIF(C9:AP9,"=A")) | AT9: =IF(COUNTIF(C9:AP9,"=L")=0,"",COUNTIF(C9:AP9,"=L"))
A10: 3 | B10: =IF(ISBLANK(FIL!E8),"",CONCATENATE(FIL!C8," ",FIL!D8," ",FIL!E8)) | AQ10: =IF(COUNTIF(C10:AP10,"=P")=0,"",COUNTIF(C10:AP10,"=P")) | AR10: =IF(COUNTIF(C10:AP10,"=F")=0,"",COUNTIF(C10:AP10,"=F")) | AS10: =IF(COUNTIF(C10:AP10,"=A")=0,"",COUNTIF(C10:AP10,"=A")) | AT10: =IF(COUNTIF(C10:AP10,"=L")=0,"",COUNTIF(C10:AP10,"=L"))
A11: 4 | B11: =IF(ISBLANK(FIL!E9),"",CONCATENATE(FIL!C9," ",FIL!D9," ",FIL!E9)) | AQ11: =IF(COUNTIF(C11:AP11,"=P")=0,"",COUNTIF(C11:AP11,"=P")) | AR11: =IF(COUNTIF(C11:AP11,"=F")=0,"",COUNTIF(C11:AP11,"=F")) | AS11: =IF(COUNTIF(C11:AP11,"=A")=0,"",COUNTIF(C11:AP11,"=A")) | AT11: =IF(COUNTIF(C11:AP11,"=L")=0,"",COUNTIF(C11:AP11,"=L"))
A12: 5 | B12: =IF(ISBLANK(FIL!E10),"",CONCATENATE(FIL!C10," ",FIL!D10," ",FIL!E10)) | AQ12: =IF(COUNTIF(C12:AP12,"=P")=0,"",COUNTIF(C12:AP12,"=P")) | AR12: =IF(COUNTIF(C12:AP12,"=F")=0,"",COUNTIF(C12:AP12,"=F")) | AS12: =IF(COUNTIF(C12:AP12,"=A")=0,"",COUNTIF(C12:AP12,"=A")) | AT12: =IF(COUNTIF(C12:AP12,"=L")=0,"",COUNTIF(C12:AP12,"=L"))
A13: 6 | B13: =IF(ISBLANK(FIL!E11),"",CONCATENATE(FIL!C11," ",FIL!D11," ",FIL!E11)) | AQ13: =IF(COUNTIF(C13:AP13,"=P")=0,"",COUNTIF(C13:AP13,"=P")) | AR13: =IF(COUNTIF(C13:AP13,"=F")=0,"",COUNTIF(C13:AP13,"=F")) | AS13: =IF(COUNTIF(C13:AP13,"=A")=0,"",COUNTIF(C13:AP13,"=A")) | AT13: =IF(COUNTIF(C13:AP13,"=L")=0,"",COUNTIF(C13:AP13,"=L"))
A14: 7 | B14: =IF(ISBLANK(FIL!E12),"",CONCATENATE(FIL!C12," ",FIL!D12," ",FIL!E12)) | AQ14: =IF(COUNTIF(C14:AP14,"=P")=0,"",COUNTIF(C14:AP14,"=P")) | AR14: =IF(COUNTIF(C14:AP14,"=F")=0,"",COUNTIF(C14:AP14,"=F")) | AS14: =IF(COUNTIF(C14:AP14,"=A")=0,"",COUNTIF(C14:AP14,"=A")) | AT14: =IF(COUNTIF(C14:AP14,"=L")=0,"",COUNTIF(C14:AP14,"=L"))
A15: 8 | B15: =IF(ISBLANK(FIL!E13),"",CONCATENATE(FIL!C13," ",FIL!D13," ",FIL!E13)) | AQ15: =IF(COUNTIF(C15:AP15,"=P")=0,"",COUNTIF(C15:AP15,"=P")) | AR15: =IF(COUNTIF(C15:AP15,"=F")=0,"",COUNTIF(C15:AP15,"=F")) | AS15: =IF(COUNTIF(C15:AP15,"=A")=0,"",COUNTIF(C15:AP15,"=A")) | AT15: =IF(COUNTIF(C15:AP15,"=L")=0,"",COUNTIF(C15:AP15,"=L"))
A16: 9 | B16: =IF(ISBLANK(FIL!E14),"",CONCATENATE(FIL!C14," ",FIL!D14," ",FIL!E14)) | AQ16: =IF(COUNTIF(C16:AP16,"=P")=0,"",COUNTIF(C16:AP16,"=P")) | AR16: =IF(COUNTIF(C16:AP16,"=F")=0,"",COUNTIF(C16:AP16,"=F")) | AS16: =IF(COUNTIF(C16:AP16,"=A")=0,"",COUNTIF(C16:AP16,"=A")) | AT16: =IF(COUNTIF(C16:AP16,"=L")=0,"",COUNTIF(C16:AP16,"=L"))
A17: 10 | B17: =IF(ISBLANK(FIL!E15),"",CONCATENATE(FIL!C15," ",FIL!D15," ",FIL!E15)) | AQ17: =IF(COUNTIF(C17:AP17,"=P")=0,"",COUNTIF(C17:AP17,"=P")) | AR17: =IF(COUNTIF(C17:AP17,"=F")=0,"",COUNTIF(C17:AP17,"=F")) | AS17: =IF(COUNTIF(C17:AP17,"=A")=0,"",COUNTIF(C17:AP17,"=A")) | AT17: =IF(COUNTIF(C17:AP17,"=L")=0,"",COUNTIF(C17:AP17,"=L"))
A18: 11 | B18: =IF(ISBLANK(FIL!E16),"",CONCATENATE(FIL!C16," ",FIL!D16," ",FIL!E16)) | AQ18: =IF(COUNTIF(C18:AP18,"=P")=0,"",COUNTIF(C18:AP18,"=P")) | AR18: =IF(COUNTIF(C18:AP18,"=F")=0,"",COUNTIF(C18:AP18,"=F")) | AS18: =IF(COUNTIF(C18:AP18,"=A")=0,"",COUNTIF(C18:AP18,"=A")) | AT18: =IF(COUNTIF(C18:AP18,"=L")=0,"",COUNTIF(C18:AP18,"=L"))
A19: 12 | B19: =IF(ISBLANK(FIL!E17),"",CONCATENATE(FIL!C17," ",FIL!D17," ",FIL!E17)) | AQ19: =IF(COUNTIF(C19:AP19,"=P")=0,"",COUNTIF(C19:AP19,"=P")) | AR19: =IF(COUNTIF(C19:AP19,"=F")=0,"",COUNTIF(C19:AP19,"=F")) | AS19: =IF(COUNTIF(C19:AP19,"=A")=0,"",COUNTIF(C19:AP19,"=A")) | AT19: =IF(COUNTIF(C19:AP19,"=L")=0,"",COUNTIF(C19:AP19,"=L"))
... A57: 50 | B57: =IF(ISBLANK(FIL!E55),"",CONCATENATE(FIL!C55," ",FIL!D55," ",FIL!E55)) | AQ57: =IF(COUNTIF(C57:AP57,"=P")=0,"",COUNTIF(C57:AP57,"=P")) | AR57: =IF(COUNTIF(C57:AP57,"=F")=0,"",COUNTIF(C57:AP57,"=F")) | AS57: =IF(COUNTIF(C57:AP57,"=A")=0,"",COUNTIF(C57:AP57,"=A")) | AT57: =IF(COUNTIF(C57:AP57,"=L")=0,"",COUNTIF(C57:AP57,"=L"))
B58: Total Estudiantes: | C58: =COUNTA(FIL!E6:E55) -> 2 | V58: Totales: | AQ58: =IF(SUM(AQ8:AQ57)=0,"",SUM(AQ8:AQ57)) | AR58: =IF(SUM(AR8:AR57)=0,"",SUM(AR8:AR57)) | AS58: =IF(SUM(AS8:AS57)=0,"",SUM(AS8:AS57)) | AT58: =IF(SUM(AT8:AT57)=0,"",SUM(AT8:AT57))
B59: Días trabajados: | C59: =COUNTA(C7:AP7) -> 0 | V59: Porcentajes: | AQ59: =IF(ISNUMBER(AQ58),AQ58/SUM(AQ58:AT58),"") | AR59: =IF(ISNUMBER(AR58),AR58/SUM(AQ58:AT58),"") | AS59: =IF(ISNUMBER(AS58),AS58/SUM(AQ58:AT58),"") | AT59: =IF(ISNUMBER(AT58),AT58/SUM(AQ58:AT58),"")

Sheet Asist. 2 Trim. Sec.
A1: ASISTENCIA SEGUNDO TRIMESTRE - GESTIÓN 2026
A2: PROFESOR(A): | C2: =Carátula!$D$23 -> JOSE CUELLAR SANCHEZ | S2: NIVEL: | X2: =Carátula!$P$18 -> SECUNDARIA
A3: CODIGO SIE: | C3: =Carátula!$P$16 -> 809811111 | S3: GRADO: | X3: =Carátula!$P$20 -> SEXTO
A4: UNIDAD EDUCATIVA: | C4: =Carátula!$D$14 -> SIMON BOLIVAR | S4: PARALELO: | X4: =Carátula!$S$20 -> "A" | AB4: P=Presente | AC4: F=Faltas | AD4: A=Atrasos | AE4: L=Licencias
A5: N° | B5: APELLIDOS Y NOMBRES | C5: MESES:
A8: 1 | B8: =IF(ISBLANK(FIL!E6),"",CONCATENATE(FIL!C6," ",FIL!D6," ",FIL!E6)) -> CUELLAR SANCHEZ JOSE | AB8: =IF(COUNTIF(C8:AA8,"=P")=0,"",COUNTIF(C8:AA8,"=P")) | AC8: =IF(COUNTIF(C8:AA8,"=F")=0,"",COUNTIF(C8:AA8,"=F")) | AD8: =IF(COUNTIF(C8:AA8,"=A")=0,"",COUNTIF(C8:AA8,"=A")) | AE8: =IF(COUNTIF(C8:AA8,"=L")=0,"",COUNTIF(C8:AA8,"=L"))
A9: 2 | B9: =IF(ISBLANK(FIL!E7),"",CONCATENATE(FIL!C7," ",FIL!D7," ",FIL!E7)) -> VALENCIA ROJAS NICOLAS | AB9: =IF(COUNTIF(C9:AA9,"=P")=0,"",COUNTIF(C9:AA9,"=P")) | AC9: =IF(COUNTIF(C9:AA9,"=F")=0,"",COUNTIF(C9:AA9,"=F")) | AD9: =IF(COUNTIF(C9:AA9,"=A")=0,"",COUNTIF(C9:AA9,"=A")) | AE9: =IF(COUNTIF(C9:AA9,"=L")=0,"",COUNTIF(C9:AA9,"=L"))
A10: 3 | B10: =IF(ISBLANK(FIL!E8),"",CONCATENATE(FIL!C8," ",FIL!D8," ",FIL!E8)) | AB10: =IF(COUNTIF(C10:AA10,"=P")=0,"",COUNTIF(C10:AA10,"=P")) | AC10: =IF(COUNTIF(C10:AA10,"=F")=0,"",COUNTIF(C10:AA10,"=F")) | AD10: =IF(COUNTIF(C10:AA10,"=A")=0,"",COUNTIF(C10:AA10,"=A")) | AE10: =IF(COUNTIF(C10:AA10,"=L")=0,"",COUNTIF(C10:AA10,"=L"))
A11: 4 | B11: =IF(ISBLANK(FIL!E9),"",CONCATENATE(FIL!C9," ",FIL!D9," ",FIL!E9)) | AB11: =IF(COUNTIF(C11:AA11,"=P")=0,"",COUNTIF(C11:AA11,"=P")) | AC11: =IF(COUNTIF(C11:AA11,"=F")=0,"",COUNTIF(C11:AA11,"=F")) | AD11: =IF(COUNTIF(C11:AA11,"=A")=0,"",COUNTIF(C11:AA11,"=A")) | AE11: =IF(COUNTIF(C11:AA11,"=L")=0,"",COUNTIF(C11:AA11,"=L"))
A12: 5 | B12: =IF(ISBLANK(FIL!E10),"",CONCATENATE(FIL!C10," ",FIL!D10," ",FIL!E10)) | AB12: =IF(COUNTIF(C12:AA12,"=P")=0,"",COUNTIF(C12:AA12,"=P")) | AC12: =IF(COUNTIF(C12:AA12,"=F")=0,"",COUNTIF(C12:AA12,"=F")) | AD12: =IF(COUNTIF(C12:AA12,"=A")=0,"",COUNTIF(C12:AA12,"=A")) | AE12: =IF(COUNTIF(C12:AA12,"=L")=0,"",COUNTIF(C12:AA12,"=L"))
A13: 6 | B13: =IF(ISBLANK(FIL!E11),"",CONCATENATE(FIL!C11," ",FIL!D11," ",FIL!E11)) | AB13: =IF(COUNTIF(C13:AA13,"=P")=0,"",COUNTIF(C13:AA13,"=P")) | AC13: =IF(COUNTIF(C13:AA13,"=F")=0,"",COUNTIF(C13:AA13,"=F")) | AD13: =IF(COUNTIF(C13:AA13,"=A")=0,"",COUNTIF(C13:AA13,"=A")) | AE13: =IF(COUNTIF(C13:AA13,"=L")=0,"",COUNTIF(C13:AA13,"=L"))
A14: 7 | B14: =IF(ISBLANK(FIL!E12),"",CONCATENATE(FIL!C12," ",FIL!D12," ",FIL!E12)) | AB14: =IF(COUNTIF(C14:AA14,"=P")=0,"",COUNTIF(C14:AA14,"=P")) | AC14: =IF(COUNTIF(C14:AA14,"=F")=0,"",COUNTIF(C14:AA14,"=F")) | AD14: =IF(COUNTIF(C14:AA14,"=A")=0,"",COUNTIF(C14:AA14,"=A")) | AE14: =IF(COUNTIF(C14:AA14,"=L")=0,"",COUNTIF(C14:AA14,"=L"))
A15: 8 | B15: =IF(ISBLANK(FIL!E13),"",CONCATENATE(FIL!C13," ",FIL!D13," ",FIL!E13)) | AB15: =IF(COUNTIF(C15:AA15,"=P")=0,"",COUNTIF(C15:AA15,"=P")) | AC15: =IF(COUNTIF(C15:AA15,"=F")=0,"",COUNTIF(C15:AA15,"=F")) | AD15: =IF(COUNTIF(C15:AA15,"=A")=0,"",COUNTIF(C15:AA15,"=A")) | AE15: =IF(COUNTIF(C15:AA15,"=L")=0,"",COUNTIF(C15:AA15,"=L"))
A16: 9 | B16: =IF(ISBLANK(FIL!E14),"",CONCATENATE(FIL!C14," ",FIL!D14," ",FIL!E14)) | AB16: =IF(COUNTIF(C16:AA16,"=P")=0,"",COUNTIF(C16:AA16,"=P")) | AC16: =IF(COUNTIF(C16:AA16,"=F")=0,"",COUNTIF(C16:AA16,"=F")) | AD16: =IF(COUNTIF(C16:AA16,"=A")=0,"",COUNTIF(C16:AA16,"=A")) | AE16: =IF(COUNTIF(C16:AA16,"=L")=0,"",COUNTIF(C16:AA16,"=L"))
A17: 10 | B17: =IF(ISBLANK(FIL!E15),"",CONCATENATE(FIL!C15," ",FIL!D15," ",FIL!E15)) | AB17: =IF(COUNTIF(C17:AA17,"=P")=0,"",COUNTIF(C17:AA17,"=P")) | AC17: =IF(COUNTIF(C17:AA17,"=F")=0,"",COUNTIF(C17:AA17,"=F")) | AD17: =IF(COUNTIF(C17:AA17,"=A")=0,"",COUNTIF(C17:AA17,"=A")) | AE17: =IF(COUNTIF(C17:AA17,"=L")=0,"",COUNTIF(C17:AA17,"=L"))
A18: 11 | B18: =IF(ISBLANK(FIL!E16),"",CONCATENATE(FIL!C16," ",FIL!D16," ",FIL!E16)) | AB18: =IF(COUNTIF(C18:AA18,"=P")=0,"",COUNTIF(C18:AA18,"=P")) | AC18: =IF(COUNTIF(C18:AA18,"=F")=0,"",COUNTIF(C18:AA18,"=F")) | AD18: =IF(COUNTIF(C18:AA18,"=A")=0,"",COUNTIF(C18:AA18,"=A")) | AE18: =IF(COUNTIF(C18:AA18,"=L")=0,"",COUNTIF(C18:AA18,"=L"))
A19: 12 | B19: =IF(ISBLANK(FIL!E17),"",CONCATENATE(FIL!C17," ",FIL!D17," ",FIL!E17)) | AB19: =IF(COUNTIF(C19:AA19,"=P")=0,"",COUNTIF(C19:AA19,"=P")) | AC19: =IF(COUNTIF(C19:AA19,"=F")=0,"",COUNTIF(C19:AA19,"=F")) | AD19: =IF(COUNTIF(C19:AA19,"=A")=0,"",COUNTIF(C19:AA19,"=A")) | AE19: =IF(COUNTIF(C19:AA19,"=L")=0,"",COUNTIF(C19:AA19,"=L"))
... A57: 50 | B57: =IF(ISBLANK(FIL!E55),"",CONCATENATE(FIL!C55," ",FIL!D55," ",FIL!E55)) | AB57: =IF(COUNTIF(C57:AA57,"=P")=0,"",COUNTIF(C57:AA57,"=P")) | AC57: =IF(COUNTIF(C57:AA57,"=F")=0,"",COUNTIF(C57:AA57,"=F")) | AD57: =IF(COUNTIF(C57:AA57,"=A")=0,"",COUNTIF(C57:AA57,"=A")) | AE57: =IF(COUNTIF(C57:AA57,"=L")=0,"",COUNTIF(C57:AA57,"=L"))
B58: Total Estudiantes: | C58: =COUNTA(FIL!E6:E55) -> 2 | AB58: =IF(SUM(AB8:AB57)=0,"",SUM(AB8:AB57)) | AC58: =IF(SUM(AC8:AC57)=0,"",SUM(AC8:AC57)) | AD58: =IF(SUM(AD8:AD57)=0,"",SUM(AD8:AD57)) | AE58: =IF(SUM(AE8:AE57)=0,"",SUM(AE8:AE57))
B59: Días trabajados: | C59: =COUNTA(C7:AA7) -> 0 | AB59: =IF(ISNUMBER(AB58),AB58/SUM(AB58:AE58),"") | AC59: =IF(ISNUMBER(AC58),AC58/SUM(AB58:AE58),"") | AD59: =IF(ISNUMBER(AD58),AD58/SUM(AB58:AE58),"") | AE59: =IF(ISNUMBER(AE58),AE58/SUM(AB58:AE58),"")

Sheet Asist. 3 Trim. Sec.
A1: ASISTENCIA TERCER TRIMESTRE - GESTIÓN 2026
A2: PROFESOR(A): | C2: =Carátula!$D$23 -> JOSE CUELLAR SANCHEZ | S2: NIVEL: | X2: =Carátula!$P$18 -> SECUNDARIA
A3: CODIGO SIE: | C3: =Carátula!$P$16 -> 809811111 | S3: GRADO: | X3: =Carátula!$P$20 -> SEXTO
A4: UNIDAD EDUCATIVA: | C4: =Carátula!$D$14 -> SIMON BOLIVAR | S4: PARALELO: | X4: =Carátula!$S$20 -> "A" | AB4: P=Presente | AC4: F=Faltas | AD4: A=Atrasos | AE4: L=Licencias
A5: N° | B5: APELLIDOS Y NOMBRES | C5: MESES:
A8: 1 | B8: =IF(ISBLANK(FIL!E6),"",CONCATENATE(FIL!C6," ",FIL!D6," ",FIL!E6)) -> CUELLAR SANCHEZ JOSE | AB8: =IF(COUNTIF(C8:AA8,"=P")=0,"",COUNTIF(C8:AA8,"=P")) | AC8: =IF(COUNTIF(C8:AA8,"=F")=0,"",COUNTIF(C8:AA8,"=F")) | AD8: =IF(COUNTIF(C8:AA8,"=A")=0,"",COUNTIF(C8:AA8,"=A")) | AE8: =IF(COUNTIF(C8:AA8,"=L")=0,"",COUNTIF(C8:AA8,"=L"))
A9: 2 | B9: =IF(ISBLANK(FIL!E7),"",CONCATENATE(FIL!C7," ",FIL!D7," ",FIL!E7)) -> VALENCIA ROJAS NICOLAS | AB9: =IF(COUNTIF(C9:AA9,"=P")=0,"",COUNTIF(C9:AA9,"=P")) | AC9: =IF(COUNTIF(C9:AA9,"=F")=0,"",COUNTIF(C9:AA9,"=F")) | AD9: =IF(COUNTIF(C9:AA9,"=A")=0,"",COUNTIF(C9:AA9,"=A")) | AE9: =IF(COUNTIF(C9:AA9,"=L")=0,"",COUNTIF(C9:AA9,"=L"))
A10: 3 | B10: =IF(ISBLANK(FIL!E8),"",CONCATENATE(FIL!C8," ",FIL!D8," ",FIL!E8)) | AB10: =IF(COUNTIF(C10:AA10,"=P")=0,"",COUNTIF(C10:AA10,"=P")) | AC10: =IF(COUNTIF(C10:AA10,"=F")=0,"",COUNTIF(C10:AA10,"=F")) | AD10: =IF(COUNTIF(C10:AA10,"=A")=0,"",COUNTIF(C10:AA10,"=A")) | AE10: =IF(COUNTIF(C10:AA10,"=L")=0,"",COUNTIF(C10:AA10,"=L"))
A11: 4 | B11: =IF(ISBLANK(FIL!E9),"",CONCATENATE(FIL!C9," ",FIL!D9," ",FIL!E9)) | AB11: =IF(COUNTIF(C11:AA11,"=P")=0,"",COUNTIF(C11:AA11,"=P")) | AC11: =IF(COUNTIF(C11:AA11,"=F")=0,"",COUNTIF(C11:AA11,"=F")) | AD11: =IF(COUNTIF(C11:AA11,"=A")=0,"",COUNTIF(C11:AA11,"=A")) | AE11: =IF(COUNTIF(C11:AA11,"=L")=0,"",COUNTIF(C11:AA11,"=L"))
A12: 5 | B12: =IF(ISBLANK(FIL!E10),"",CONCATENATE(FIL!C10," ",FIL!D10," ",FIL!E10)) | AB12: =IF(COUNTIF(C12:AA12,"=P")=0,"",COUNTIF(C12:AA12,"=P")) | AC12: =IF(COUNTIF(C12:AA12,"=F")=0,"",COUNTIF(C12:AA12,"=F")) | AD12: =IF(COUNTIF(C12:AA12,"=A")=0,"",COUNTIF(C12:AA12,"=A")) | AE12: =IF(COUNTIF(C12:AA12,"=L")=0,"",COUNTIF(C12:AA12,"=L"))
A13: 6 | B13: =IF(ISBLANK(FIL!E11),"",CONCATENATE(FIL!C11," ",FIL!D11," ",FIL!E11)) | AB13: =IF(COUNTIF(C13:AA13,"=P")=0,"",COUNTIF(C13:AA13,"=P")) | AC13: =IF(COUNTIF(C13:AA13,"=F")=0,"",COUNTIF(C13:AA13,"=F")) | AD13: =IF(COUNTIF(C13:AA13,"=A")=0,"",COUNTIF(C13:AA13,"=A")) | AE13: =IF(COUNTIF(C13:AA13,"=L")=0,"",COUNTIF(C13:AA13,"=L"))
A14: 7 | B14: =IF(ISBLANK(FIL!E12),"",CONCATENATE(FIL!C12," ",FIL!D12," ",FIL!E12)) | AB14: =IF(COUNTIF(C14:AA14,"=P")=0,"",COUNTIF(C14:AA14,"=P")) | AC14: =IF(COUNTIF(C14:AA14,"=F")=0,"",COUNTIF(C14:AA14,"=F")) | AD14: =IF(COUNTIF(C14:AA14,"=A")=0,"",COUNTIF(C14:AA14,"=A")) | AE14: =IF(COUNTIF(C14:AA14,"=L")=0,"",COUNTIF(C14:AA14,"=L"))
A15: 8 | B15: =IF(ISBLANK(FIL!E13),"",CONCATENATE(FIL!C13," ",FIL!D13," ",FIL!E13)) | AB15: =IF(COUNTIF(C15:AA15,"=P")=0,"",COUNTIF(C15:AA15,"=P")) | AC15: =IF(COUNTIF(C15:AA15,"=F")=0,"",COUNTIF(C15:AA15,"=F")) | AD15: =IF(COUNTIF(C15:AA15,"=A")=0,"",COUNTIF(C15:AA15,"=A")) | AE15: =IF(COUNTIF(C15:AA15,"=L")=0,"",COUNTIF(C15:AA15,"=L"))
A16: 9 | B16: =IF(ISBLANK(FIL!E14),"",CONCATENATE(FIL!C14," ",FIL!D14," ",FIL!E14)) | AB16: =IF(COUNTIF(C16:AA16,"=P")=0,"",COUNTIF(C16:AA16,"=P")) | AC16: =IF(COUNTIF(C16:AA16,"=F")=0,"",COUNTIF(C16:AA16,"=F")) | AD16: =IF(COUNTIF(C16:AA16,"=A")=0,"",COUNTIF(C16:AA16,"=A")) | AE16: =IF(COUNTIF(C16:AA16,"=L")=0,"",COUNTIF(C16:AA16,"=L"))
A17: 10 | B17: =IF(ISBLANK(FIL!E15),"",CONCATENATE(FIL!C15," ",FIL!D15," ",FIL!E15)) | AB17: =IF(COUNTIF(C17:AA17,"=P")=0,"",COUNTIF(C17:AA17,"=P")) | AC17: =IF(COUNTIF(C17:AA17,"=F")=0,"",COUNTIF(C17:AA17,"=F")) | AD17: =IF(COUNTIF(C17:AA17,"=A")=0,"",COUNTIF(C17:AA17,"=A")) | AE17: =IF(COUNTIF(C17:AA17,"=L")=0,"",COUNTIF(C17:AA17,"=L"))
A18: 11 | B18: =IF(ISBLANK(FIL!E16),"",CONCATENATE(FIL!C16," ",FIL!D16," ",FIL!E16)) | AB18: =IF(COUNTIF(C18:AA18,"=P")=0,"",COUNTIF(C18:AA18,"=P")) | AC18: =IF(COUNTIF(C18:AA18,"=F")=0,"",COUNTIF(C18:AA18,"=F")) | AD18: =IF(COUNTIF(C18:AA18,"=A")=0,"",COUNTIF(C18:AA18,"=A")) | AE18: =IF(COUNTIF(C18:AA18,"=L")=0,"",COUNTIF(C18:AA18,"=L"))
A19: 12 | B19: =IF(ISBLANK(FIL!E17),"",CONCATENATE(FIL!C17," ",FIL!D17," ",FIL!E17)) | AB19: =IF(COUNTIF(C19:AA19,"=P")=0,"",COUNTIF(C19:AA19,"=P")) | AC19: =IF(COUNTIF(C19:AA19,"=F")=0,"",COUNTIF(C19:AA19,"=F")) | AD19: =IF(COUNTIF(C19:AA19,"=A")=0,"",COUNTIF(C19:AA19,"=A")) | AE19: =IF(COUNTIF(C19:AA19,"=L")=0,"",COUNTIF(C19:AA19,"=L"))
... A57: 50 | B57: =IF(ISBLANK(FIL!E55),"",CONCATENATE(FIL!C55," ",FIL!D55," ",FIL!E55)) | AB57: =IF(COUNTIF(C57:AA57,"=P")=0,"",COUNTIF(C57:AA57,"=P")) | AC57: =IF(COUNTIF(C57:AA57,"=F")=0,"",COUNTIF(C57:AA57,"=F")) | AD57: =IF(COUNTIF(C57:AA57,"=A")=0,"",COUNTIF(C57:AA57,"=A")) | AE57: =IF(COUNTIF(C57:AA57,"=L")=0,"",COUNTIF(C57:AA57,"=L"))
B58: Total Estudiantes: | C58: =COUNTA(FIL!E6:E55) -> 2 | AB58: =IF(SUM(AB8:AB57)=0,"",SUM(AB8:AB57)) | AC58: =IF(SUM(AC8:AC57)=0,"",SUM(AC8:AC57)) | AD58: =IF(SUM(AD8:AD57)=0,"",SUM(AD8:AD57)) | AE58: =IF(SUM(AE8:AE57)=0,"",SUM(AE8:AE57))
B59: Días trabajados: | C59: =COUNTA(C7:AA7) -> 0 | AB59: =IF(ISNUMBER(AB58),AB58/SUM(AB58:AE58),"") | AC59: =IF(ISNUMBER(AC58),AC58/SUM(AB58:AE58),"") | AD59: =IF(ISNUMBER(AD58),AD58/SUM(AB58:AE58),"") | AE59: =IF(ISNUMBER(AE58),AE58/SUM(AB58:AE58),"")

Sheet Primer Trimestre
G1: REGISTRO DE CALIFICACIONES | T1: UNIDAD EDUCATIVA | AA1: =Carátula!D14 -> SIMON BOLIVAR | AJ1: www.educa-tics.com
A2: Curso: | C2: =CONCATENATE(Carátula!P20," ",Carátula!S20) -> SEXTO "A" | G2: EVALUACION DEL MAESTRA (O) - DIMENSIONES | AL2: Auto-Eval | AM2: Prom. 1er Trim.
A3: Gestión: | C3: =Carátula!F8 -> 2026 | G3: SER - 10 | K3: SABER - 45 | W3: HACER - 40 | AK3: PROMEDIO PARCIAL | AL3: 5
A4: Materia: | C4: =Carátula!D26 -> MATEMÁTICAS | J4: VALORACIÓN 5 Pts | V4: VALORACION 45 Pts | AJ4: VALORACION 40 Pts | AL4: AUTOEVALAUCIÓN 5 Pts
A5: Prof.: | C5: =Carátula!D23 -> JOSE CUELLAR SANCHEZ
A6: Trimestre: | C6: PRIMER TRIMESTRE
A7: 1
A8: Nº | B8: APELLIDOS Y NOMBRES
A9: 1 | B9: =IF(ISBLANK(FIL!E6),"",CONCATENATE(FIL!C6," ",FIL!D6," ",FIL!E6)) -> CUELLAR SANCHEZ JOSE | G9: 10 | J9: =IF(ISERROR(ROUND(AVERAGE(G9:I9),1)),"",ROUND(AVERAGE(G9:I9),1)) -> 10 | K9: 10 | V9: =IF(ISERROR(ROUND(AVERAGE(K9:U9),1)),"",ROUND(AVERAGE(K9:U9),1)) -> 10 | W9: 40 | AJ9: =IF(ISERROR(ROUND(AVERAGE(W9:AI9),1)),"",ROUND(AVERAGE(W9:AI9),1)) -> 40 | AK9: =IF(AO9<>0,IF(ISERROR(ROUND( (J9+V9+AJ9),0)),"",ROUND(((J9+V9+AJ9)+AO9)/2,0)),IF(ISERROR(ROUND( J9+V9+AJ9,0)),"",ROUND(J9+V9+AJ9,0))) -> 60 | AL9: 5 | AM9: =IF(AO9<>0,IF(ISERROR(ROUND( (AK9+AL9),0)),"",ROUND(((AK9+AL9)+AO9)/2,0)),IF(ISERROR(ROUND( AK9+AL9,0)),"",ROUND(AK9+AL9,0))) -> 65
A10: 2 | B10: =IF(ISBLANK(FIL!E7),"",CONCATENATE(FIL!C7," ",FIL!D7," ",FIL!E7)) -> VALENCIA ROJAS NICOLAS | G10: 6 | J10: =IF(ISERROR(ROUND(AVERAGE(G10:I10),1)),"",ROUND(AVERAGE(G10:I10),1)) -> 6 | K10: 45 | V10: =IF(ISERROR(ROUND(AVERAGE(K10:U10),1)),"",ROUND(AVERAGE(K10:U10),1)) -> 45 | W10: 40 | AJ10: =IF(ISERROR(ROUND(AVERAGE(W10:AI10),1)),"",ROUND(AVERAGE(W10:AI10),1)) -> 40 | AK10: =IF(AO10<>0,IF(ISERROR(ROUND( (J10+V10+AJ10),0)),"",ROUND(((J10+V10+AJ10)+AO10)/2,0)),IF(ISERROR(ROUND( J10+V10+AJ10,0)),"",ROUND(J10+V10+AJ10,0))) -> 91 | AL10: 2 | AM10: =IF(AO10<>0,IF(ISERROR(ROUND( (AK10+AL10),0)),"",ROUND(((AK10+AL10)+AO10)/2,0)),IF(ISERROR(ROUND( AK10+AL10,0)),"",ROUND(AK10+AL10,0))) -> 93
A11: 3 | B11: =IF(ISBLANK(FIL!E8),"",CONCATENATE(FIL!C8," ",FIL!D8," ",FIL!E8)) | J11: =IF(ISERROR(ROUND(AVERAGE(G11:I11),1)),"",ROUND(AVERAGE(G11:I11),1)) | V11: =IF(ISERROR(ROUND(AVERAGE(K11:U11),1)),"",ROUND(AVERAGE(K11:U11),1)) | AJ11: =IF(ISERROR(ROUND(AVERAGE(W11:AI11),1)),"",ROUND(AVERAGE(W11:AI11),1)) | AK11: =IF(AO11<>0,IF(ISERROR(ROUND( (J11+V11+AJ11),0)),"",ROUND(((J11+V11+AJ11)+AO11)/2,0)),IF(ISERROR(ROUND( J11+V11+AJ11,0)),"",ROUND(J11+V11+AJ11,0))) | AM11: =IF(AO11<>0,IF(ISERROR(ROUND( (AK11+AL11),0)),"",ROUND(((AK11+AL11)+AO11)/2,0)),IF(ISERROR(ROUND( AK11+AL11,0)),"",ROUND(AK11+AL11,0)))
A12: 4 | B12: =IF(ISBLANK(FIL!E9),"",CONCATENATE(FIL!C9," ",FIL!D9," ",FIL!E9)) | J12: =IF(ISERROR(ROUND(AVERAGE(G12:I12),1)),"",ROUND(AVERAGE(G12:I12),1)) | V12: =IF(ISERROR(ROUND(AVERAGE(K12:U12),1)),"",ROUND(AVERAGE(K12:U12),1)) | AJ12: =IF(ISERROR(ROUND(AVERAGE(W12:AI12),1)),"",ROUND(AVERAGE(W12:AI12),1)) | AK12: =IF(AO12<>0,IF(ISERROR(ROUND( (J12+V12+AJ12),0)),"",ROUND(((J12+V12+AJ12)+AO12)/2,0)),IF(ISERROR(ROUND( J12+V12+AJ12,0)),"",ROUND(J12+V12+AJ12,0))) | AM12: =IF(AO12<>0,IF(ISERROR(ROUND( (AK12+AL12),0)),"",ROUND(((AK12+AL12)+AO12)/2,0)),IF(ISERROR(ROUND( AK12+AL12,0)),"",ROUND(AK12+AL12,0)))
A13: 5 | B13: =IF(ISBLANK(FIL!E10),"",CONCATENATE(FIL!C10," ",FIL!D10," ",FIL!E10)) | J13: =IF(ISERROR(ROUND(AVERAGE(G13:I13),1)),"",ROUND(AVERAGE(G13:I13),1)) | V13: =IF(ISERROR(ROUND(AVERAGE(K13:U13),1)),"",ROUND(AVERAGE(K13:U13),1)) | AJ13: =IF(ISERROR(ROUND(AVERAGE(W13:AI13),1)),"",ROUND(AVERAGE(W13:AI13),1)) | AK13: =IF(AO13<>0,IF(ISERROR(ROUND( (J13+V13+AJ13),0)),"",ROUND(((J13+V13+AJ13)+AO13)/2,0)),IF(ISERROR(ROUND( J13+V13+AJ13,0)),"",ROUND(J13+V13+AJ13,0))) | AM13: =IF(AO13<>0,IF(ISERROR(ROUND( (AK13+AL13),0)),"",ROUND(((AK13+AL13)+AO13)/2,0)),IF(ISERROR(ROUND( AK13+AL13,0)),"",ROUND(AK13+AL13,0)))
A14: 6 | B14: =IF(ISBLANK(FIL!E11),"",CONCATENATE(FIL!C11," ",FIL!D11," ",FIL!E11)) | J14: =IF(ISERROR(ROUND(AVERAGE(G14:I14),1)),"",ROUND(AVERAGE(G14:I14),1)) | V14: =IF(ISERROR(ROUND(AVERAGE(K14:U14),1)),"",ROUND(AVERAGE(K14:U14),1)) | AJ14: =IF(ISERROR(ROUND(AVERAGE(W14:AI14),1)),"",ROUND(AVERAGE(W14:AI14),1)) | AK14: =IF(AO14<>0,IF(ISERROR(ROUND( (J14+V14+AJ14),0)),"",ROUND(((J14+V14+AJ14)+AO14)/2,0)),IF(ISERROR(ROUND( J14+V14+AJ14,0)),"",ROUND(J14+V14+AJ14,0))) | AM14: =IF(AO14<>0,IF(ISERROR(ROUND( (AK14+AL14),0)),"",ROUND(((AK14+AL14)+AO14)/2,0)),IF(ISERROR(ROUND( AK14+AL14,0)),"",ROUND(AK14+AL14,0)))
A15: 7 | B15: =IF(ISBLANK(FIL!E12),"",CONCATENATE(FIL!C12," ",FIL!D12," ",FIL!E12)) | J15: =IF(ISERROR(ROUND(AVERAGE(G15:I15),1)),"",ROUND(AVERAGE(G15:I15),1)) | V15: =IF(ISERROR(ROUND(AVERAGE(K15:U15),1)),"",ROUND(AVERAGE(K15:U15),1)) | AJ15: =IF(ISERROR(ROUND(AVERAGE(W15:AI15),1)),"",ROUND(AVERAGE(W15:AI15),1)) | AK15: =IF(AO15<>0,IF(ISERROR(ROUND( (J15+V15+AJ15),0)),"",ROUND(((J15+V15+AJ15)+AO15)/2,0)),IF(ISERROR(ROUND( J15+V15+AJ15,0)),"",ROUND(J15+V15+AJ15,0))) | AM15: =IF(AO15<>0,IF(ISERROR(ROUND( (AK15+AL15),0)),"",ROUND(((AK15+AL15)+AO15)/2,0)),IF(ISERROR(ROUND( AK15+AL15,0)),"",ROUND(AK15+AL15,0)))
A16: 8 | B16: =IF(ISBLANK(FIL!E13),"",CONCATENATE(FIL!C13," ",FIL!D13," ",FIL!E13)) | J16: =IF(ISERROR(ROUND(AVERAGE(G16:I16),1)),"",ROUND(AVERAGE(G16:I16),1)) | V16: =IF(ISERROR(ROUND(AVERAGE(K16:U16),1)),"",ROUND(AVERAGE(K16:U16),1)) | AJ16: =IF(ISERROR(ROUND(AVERAGE(W16:AI16),1)),"",ROUND(AVERAGE(W16:AI16),1)) | AK16: =IF(AO16<>0,IF(ISERROR(ROUND( (J16+V16+AJ16),0)),"",ROUND(((J16+V16+AJ16)+AO16)/2,0)),IF(ISERROR(ROUND( J16+V16+AJ16,0)),"",ROUND(J16+V16+AJ16,0))) | AM16: =IF(AO16<>0,IF(ISERROR(ROUND( (AK16+AL16),0)),"",ROUND(((AK16+AL16)+AO16)/2,0)),IF(ISERROR(ROUND( AK16+AL16,0)),"",ROUND(AK16+AL16,0)))
A17: 9 | B17: =IF(ISBLANK(FIL!E14),"",CONCATENATE(FIL!C14," ",FIL!D14," ",FIL!E14)) | J17: =IF(ISERROR(ROUND(AVERAGE(G17:I17),1)),"",ROUND(AVERAGE(G17:I17),1)) | V17: =IF(ISERROR(ROUND(AVERAGE(K17:U17),1)),"",ROUND(AVERAGE(K17:U17),1)) | AJ17: =IF(ISERROR(ROUND(AVERAGE(W17:AI17),1)),"",ROUND(AVERAGE(W17:AI17),1)) | AK17: =IF(AO17<>0,IF(ISERROR(ROUND( (J17+V17+AJ17),0)),"",ROUND(((J17+V17+AJ17)+AO17)/2,0)),IF(ISERROR(ROUND( J17+V17+AJ17,0)),"",ROUND(J17+V17+AJ17,0))) | AM17: =IF(AO17<>0,IF(ISERROR(ROUND( (AK17+AL17),0)),"",ROUND(((AK17+AL17)+AO17)/2,0)),IF(ISERROR(ROUND( AK17+AL17,0)),"",ROUND(AK17+AL17,0)))
A18: 10 | B18: =IF(ISBLANK(FIL!E15),"",CONCATENATE(FIL!C15," ",FIL!D15," ",FIL!E15)) | J18: =IF(ISERROR(ROUND(AVERAGE(G18:I18),1)),"",ROUND(AVERAGE(G18:I18),1)) | V18: =IF(ISERROR(ROUND(AVERAGE(K18:U18),1)),"",ROUND(AVERAGE(K18:U18),1)) | AJ18: =IF(ISERROR(ROUND(AVERAGE(W18:AI18),1)),"",ROUND(AVERAGE(W18:AI18),1)) | AK18: =IF(AO18<>0,IF(ISERROR(ROUND( (J18+V18+AJ18),0)),"",ROUND(((J18+V18+AJ18)+AO18)/2,0)),IF(ISERROR(ROUND( J18+V18+AJ18,0)),"",ROUND(J18+V18+AJ18,0))) | AM18: =IF(AO18<>0,IF(ISERROR(ROUND( (AK18+AL18),0)),"",ROUND(((AK18+AL18)+AO18)/2,0)),IF(ISERROR(ROUND( AK18+AL18,0)),"",ROUND(AK18+AL18,0)))
A19: 11 | B19: =IF(ISBLANK(FIL!E16),"",CONCATENATE(FIL!C16," ",FIL!D16," ",FIL!E16)) | J19: =IF(ISERROR(ROUND(AVERAGE(G19:I19),1)),"",ROUND(AVERAGE(G19:I19),1)) | V19: =IF(ISERROR(ROUND(AVERAGE(K19:U19),1)),"",ROUND(AVERAGE(K19:U19),1)) | AJ19: =IF(ISERROR(ROUND(AVERAGE(W19:AI19),1)),"",ROUND(AVERAGE(W19:AI19),1)) | AK19: =IF(AO19<>0,IF(ISERROR(ROUND( (J19+V19+AJ19),0)),"",ROUND(((J19+V19+AJ19)+AO19)/2,0)),IF(ISERROR(ROUND( J19+V19+AJ19,0)),"",ROUND(J19+V19+AJ19,0))) | AM19: =IF(AO19<>0,IF(ISERROR(ROUND( (AK19+AL19),0)),"",ROUND(((AK19+AL19)+AO19)/2,0)),IF(ISERROR(ROUND( AK19+AL19,0)),"",ROUND(AK19+AL19,0)))
A20: 12 | B20: =IF(ISBLANK(FIL!E17),"",CONCATENATE(FIL!C17," ",FIL!D17," ",FIL!E17)) | J20: =IF(ISERROR(ROUND(AVERAGE(G20:I20),1)),"",ROUND(AVERAGE(G20:I20),1)) | V20: =IF(ISERROR(ROUND(AVERAGE(K20:U20),1)),"",ROUND(AVERAGE(K20:U20),1)) | AJ20: =IF(ISERROR(ROUND(AVERAGE(W20:AI20),1)),"",ROUND(AVERAGE(W20:AI20),1)) | AK20: =IF(AO20<>0,IF(ISERROR(ROUND( (J20+V20+AJ20),0)),"",ROUND(((J20+V20+AJ20)+AO20)/2,0)),IF(ISERROR(ROUND( J20+V20+AJ20,0)),"",ROUND(J20+V20+AJ20,0))) | AM20: =IF(AO20<>0,IF(ISERROR(ROUND( (AK20+AL20),0)),"",ROUND(((AK20+AL20)+AO20)/2,0)),IF(ISERROR(ROUND( AK20+AL20,0)),"",ROUND(AK20+AL20,0)))
A21: 13 | B21: =IF(ISBLANK(FIL!E18),"",CONCATENATE(FIL!C18," ",FIL!D18," ",FIL!E18)) | J21: =IF(ISERROR(ROUND(AVERAGE(G21:I21),1)),"",ROUND(AVERAGE(G21:I21),1)) | V21: =IF(ISERROR(ROUND(AVERAGE(K21:U21),1)),"",ROUND(AVERAGE(K21:U21),1)) | AJ21: =IF(ISERROR(ROUND(AVERAGE(W21:AI21),1)),"",ROUND(AVERAGE(W21:AI21),1)) | AK21: =IF(AO21<>0,IF(ISERROR(ROUND( (J21+V21+AJ21),0)),"",ROUND(((J21+V21+AJ21)+AO21)/2,0)),IF(ISERROR(ROUND( J21+V21+AJ21,0)),"",ROUND(J21+V21+AJ21,0))) | AM21: =IF(AO21<>0,IF(ISERROR(ROUND( (AK21+AL21),0)),"",ROUND(((AK21+AL21)+AO21)/2,0)),IF(ISERROR(ROUND( AK21+AL21,0)),"",ROUND(AK21+AL21,0)))
A22: 14 | B22: =IF(ISBLANK(FIL!E19),"",CONCATENATE(FIL!C19," ",FIL!D19," ",FIL!E19)) | J22: =IF(ISERROR(ROUND(AVERAGE(G22:I22),1)),"",ROUND(AVERAGE(G22:I22),1)) | V22: =IF(ISERROR(ROUND(AVERAGE(K22:U22),1)),"",ROUND(AVERAGE(K22:U22),1)) | AJ22: =IF(ISERROR(ROUND(AVERAGE(W22:AI22),1)),"",ROUND(AVERAGE(W22:AI22),1)) | AK22: =IF(AO22<>0,IF(ISERROR(ROUND( (J22+V22+AJ22),0)),"",ROUND(((J22+V22+AJ22)+AO22)/2,0)),IF(ISERROR(ROUND( J22+V22+AJ22,0)),"",ROUND(J22+V22+AJ22,0))) | AM22: =IF(AO22<>0,IF(ISERROR(ROUND( (AK22+AL22),0)),"",ROUND(((AK22+AL22)+AO22)/2,0)),IF(ISERROR(ROUND( AK22+AL22,0)),"",ROUND(AK22+AL22,0)))
... A55: 47 | B55: =IF(ISBLANK(FIL!E52),"",CONCATENATE(FIL!C52," ",FIL!D52," ",FIL!E52)) | J55: =IF(ISERROR(ROUND(AVERAGE(G55:I55),1)),"",ROUND(AVERAGE(G55:I55),1)) | V55: =IF(ISERROR(ROUND(AVERAGE(K55:U55),1)),"",ROUND(AVERAGE(K55:U55),1)) | AJ55: =IF(ISERROR(ROUND(AVERAGE(W55:AI55),1)),"",ROUND(AVERAGE(W55:AI55),1)) | AK55: =IF(AO55<>0,IF(ISERROR(ROUND( (J55+V55+AJ55),0)),"",ROUND(((J55+V55+AJ55)+AO55)/2,0)),IF(ISERROR(ROUND( J55+V55+AJ55,0)),"",ROUND(J55+V55+AJ55,0))) | AM55: =IF(AO55<>0,IF(ISERROR(ROUND( (AK55+AL55),0)),"",ROUND(((AK55+AL55)+AO55)/2,0)),IF(ISERROR(ROUND( AK55+AL55,0)),"",ROUND(AK55+AL55,0)))
A56: 48 | U56: =IF(ISERROR(ROUND(AVERAGE(H56:T56),1)),"",ROUND(AVERAGE(H56:T56),1)) | AJ56: =IF(ISERROR(ROUND(AVERAGE(V56:AI56),1)),"",ROUND(AVERAGE(V56:AI56),1)) | AL56: =IF(ISERROR(ROUND(U56+AJ56+#REF!,0)),"",ROUND(U56+AJ56+#REF!,0))
A57: 49 | U57: =IF(ISERROR(ROUND(AVERAGE(H57:T57),1)),"",ROUND(AVERAGE(H57:T57),1)) | AJ57: =IF(ISERROR(ROUND(AVERAGE(V57:AI57),1)),"",ROUND(AVERAGE(V57:AI57),1)) | AL57: =IF(ISERROR(ROUND(U57+AJ57+#REF!,0)),"",ROUND(U57+AJ57+#REF!,0))
A58: 50 | U58: =IF(ISERROR(ROUND(AVERAGE(H58:T58),1)),"",ROUND(AVERAGE(H58:T58),1)) | AJ58: =IF(ISERROR(ROUND(AVERAGE(V58:AI58),1)),"",ROUND(AVERAGE(V58:AI58),1)) | AL58: =IF(ISERROR(ROUND(U58+AJ58+#REF!,0)),"",ROUND(U58+AJ58+#REF!,0))
G60: TOTAL DE ESTUDIANTES | AM60: =COUNTIF($AM$9:$AM$58,">0") -> 2
G61: TOTAL APROBADOS | AM61: =IF($AM$60>0,COUNTIF($AM$9:$AM$58,">50"),"") -> 2
G62: TOTAL REPROBADOS | AM62: =IF($AM$60>0,COUNTIF($AM$9:$AM$58,"<51"),"") -> 0
G63: PROMEDIO TRIMESTRAL | AM63: =IF($AM$60>0,ROUND(AVERAGE($AM9:$AM58),0),"") -> 79
A64: _ _ _ _ _ _ _ _ _ _ _ _ _ _ _ _ _ _ _ _ _ _ _ | G64: PORCENTAJE DE APROBADOS | AM64: =IF(AM60>0,AM61*100/AM60,"") -> 100
A65: FIRMA / SELLO | G65: PORCENTAJE DE REPROBADOS | AM65: =IF(AM60>0,AM62*100/AM60,"") -> 0

Sheet Segundo Trimestre
G1: REGISTRO DE CALIFICACIONES | T1: UNIDAD EDUCATIVA | AA1: =Carátula!D14 -> SIMON BOLIVAR | AJ1: www.educa-tics.com
A2: Curso: | C2: =CONCATENATE(Carátula!P20," ",Carátula!S20) -> SEXTO "A" | G2: EVALUACION DEL MAESTRA (O) - DIMENSIONES | AL2: Auto-Eval | AM2: Prom. 1er Trim.
A3: Gestión: | C3: =Carátula!F8 -> 2026 | G3: SER - 10 | K3: SABER - 45 | W3: HACER - 40 | AK3: PROMEDIO PARCIAL | AL3: 5
A4: Materia: | C4: =Carátula!D26 -> MATEMÁTICAS | J4: VALORACIÓN 5 Pts | V4: VALORACION 45 Pts | AJ4: VALORACION 40 Pts | AL4: AUTOEVALAUCIÓN 5 Pts
A5: Prof.: | C5: =Carátula!D23 -> JOSE CUELLAR SANCHEZ
A6: Trimestre: | C6: SEGUNDO TRIMESTRE
A7: 1
A8: Nº | B8: APELLIDOS Y NOMBRES
A9: 1 | B9: =IF(ISBLANK(FIL!E6),"",CONCATENATE(FIL!C6," ",FIL!D6," ",FIL!E6)) -> CUELLAR SANCHEZ JOSE | G9: 10 | J9: =IF(ISERROR(ROUND(AVERAGE(G9:I9),1)),"",ROUND(AVERAGE(G9:I9),1)) -> 10 | K9: 45 | V9: =IF(ISERROR(ROUND(AVERAGE(K9:U9),1)),"",ROUND(AVERAGE(K9:U9),1)) -> 45 | W9: 40 | AJ9: =IF(ISERROR(ROUND(AVERAGE(W9:AI9),1)),"",ROUND(AVERAGE(W9:AI9),1)) -> 40 | AK9: =IF(AO9<>0,IF(ISERROR(ROUND( (J9+V9+AJ9),0)),"",ROUND(((J9+V9+AJ9)+AO9)/2,0)),IF(ISERROR(ROUND( J9+V9+AJ9,0)),"",ROUND(J9+V9+AJ9,0))) -> 95 | AL9: 5 | AM9: =IF(AO9<>0,IF(ISERROR(ROUND( (AK9+AL9),0)),"",ROUND(((AK9+AL9)+AO9)/2,0)),IF(ISERROR(ROUND( AK9+AL9,0)),"",ROUND(AK9+AL9,0))) -> 100
A10: 2 | B10: =IF(ISBLANK(FIL!E7),"",CONCATENATE(FIL!C7," ",FIL!D7," ",FIL!E7)) -> VALENCIA ROJAS NICOLAS | G10: 8 | J10: =IF(ISERROR(ROUND(AVERAGE(G10:I10),1)),"",ROUND(AVERAGE(G10:I10),1)) -> 8 | K10: 10 | V10: =IF(ISERROR(ROUND(AVERAGE(K10:U10),1)),"",ROUND(AVERAGE(K10:U10),1)) -> 10 | W10: 35 | AJ10: =IF(ISERROR(ROUND(AVERAGE(W10:AI10),1)),"",ROUND(AVERAGE(W10:AI10),1)) -> 35 | AK10: =IF(AO10<>0,IF(ISERROR(ROUND( (J10+V10+AJ10),0)),"",ROUND(((J10+V10+AJ10)+AO10)/2,0)),IF(ISERROR(ROUND( J10+V10+AJ10,0)),"",ROUND(J10+V10+AJ10,0))) -> 53 | AL10: 3 | AM10: =IF(AO10<>0,IF(ISERROR(ROUND( (AK10+AL10),0)),"",ROUND(((AK10+AL10)+AO10)/2,0)),IF(ISERROR(ROUND( AK10+AL10,0)),"",ROUND(AK10+AL10,0))) -> 56
A11: 3 | B11: =IF(ISBLANK(FIL!E8),"",CONCATENATE(FIL!C8," ",FIL!D8," ",FIL!E8)) | J11: =IF(ISERROR(ROUND(AVERAGE(G11:I11),1)),"",ROUND(AVERAGE(G11:I11),1)) | V11: =IF(ISERROR(ROUND(AVERAGE(K11:U11),1)),"",ROUND(AVERAGE(K11:U11),1)) | AJ11: =IF(ISERROR(ROUND(AVERAGE(W11:AI11),1)),"",ROUND(AVERAGE(W11:AI11),1)) | AK11: =IF(AO11<>0,IF(ISERROR(ROUND( (J11+V11+AJ11),0)),"",ROUND(((J11+V11+AJ11)+AO11)/2,0)),IF(ISERROR(ROUND( J11+V11+AJ11,0)),"",ROUND(J11+V11+AJ11,0))) | AM11: =IF(AO11<>0,IF(ISERROR(ROUND( (AK11+AL11),0)),"",ROUND(((AK11+AL11)+AO11)/2,0)),IF(ISERROR(ROUND( AK11+AL11,0)),"",ROUND(AK11+AL11,0)))
A12: 4 | B12: =IF(ISBLANK(FIL!E9),"",CONCATENATE(FIL!C9," ",FIL!D9," ",FIL!E9)) | J12: =IF(ISERROR(ROUND(AVERAGE(G12:I12),1)),"",ROUND(AVERAGE(G12:I12),1)) | V12: =IF(ISERROR(ROUND(AVERAGE(K12:U12),1)),"",ROUND(AVERAGE(K12:U12),1)) | AJ12: =IF(ISERROR(ROUND(AVERAGE(W12:AI12),1)),"",ROUND(AVERAGE(W12:AI12),1)) | AK12: =IF(AO12<>0,IF(ISERROR(ROUND( (J12+V12+AJ12),0)),"",ROUND(((J12+V12+AJ12)+AO12)/2,0)),IF(ISERROR(ROUND( J12+V12+AJ12,0)),"",ROUND(J12+V12+AJ12,0))) | AM12: =IF(AO12<>0,IF(ISERROR(ROUND( (AK12+AL12),0)),"",ROUND(((AK12+AL12)+AO12)/2,0)),IF(ISERROR(ROUND( AK12+AL12,0)),"",ROUND(AK12+AL12,0)))
A13: 5 | B13: =IF(ISBLANK(FIL!E10),"",CONCATENATE(FIL!C10," ",FIL!D10," ",FIL!E10)) | J13: =IF(ISERROR(ROUND(AVERAGE(G13:I13),1)),"",ROUND(AVERAGE(G13:I13),1)) | V13: =IF(ISERROR(ROUND(AVERAGE(K13:U13),1)),"",ROUND(AVERAGE(K13:U13),1)) | AJ13: =IF(ISERROR(ROUND(AVERAGE(W13:AI13),1)),"",ROUND(AVERAGE(W13:AI13),1)) | AK13: =IF(AO13<>0,IF(ISERROR(ROUND( (J13+V13+AJ13),0)),"",ROUND(((J13+V13+AJ13)+AO13)/2,0)),IF(ISERROR(ROUND( J13+V13+AJ13,0)),"",ROUND(J13+V13+AJ13,0))) | AM13: =IF(AO13<>0,IF(ISERROR(ROUND( (AK13+AL13),0)),"",ROUND(((AK13+AL13)+AO13)/2,0)),IF(ISERROR(ROUND( AK13+AL13,0)),"",ROUND(AK13+AL13,0)))
A14: 6 | B14: =IF(ISBLANK(FIL!E11),"",CONCATENATE(FIL!C11," ",FIL!D11," ",FIL!E11)) | J14: =IF(ISERROR(ROUND(AVERAGE(G14:I14),1)),"",ROUND(AVERAGE(G14:I14),1)) | V14: =IF(ISERROR(ROUND(AVERAGE(K14:U14),1)),"",ROUND(AVERAGE(K14:U14),1)) | AJ14: =IF(ISERROR(ROUND(AVERAGE(W14:AI14),1)),"",ROUND(AVERAGE(W14:AI14),1)) | AK14: =IF(AO14<>0,IF(ISERROR(ROUND( (J14+V14+AJ14),0)),"",ROUND(((J14+V14+AJ14)+AO14)/2,0)),IF(ISERROR(ROUND( J14+V14+AJ14,0)),"",ROUND(J14+V14+AJ14,0))) | AM14: =IF(AO14<>0,IF(ISERROR(ROUND( (AK14+AL14),0)),"",ROUND(((AK14+AL14)+AO14)/2,0)),IF(ISERROR(ROUND( AK14+AL14,0)),"",ROUND(AK14+AL14,0)))
A15: 7 | B15: =IF(ISBLANK(FIL!E12),"",CONCATENATE(FIL!C12," ",FIL!D12," ",FIL!E12)) | J15: =IF(ISERROR(ROUND(AVERAGE(G15:I15),1)),"",ROUND(AVERAGE(G15:I15),1)) | V15: =IF(ISERROR(ROUND(AVERAGE(K15:U15),1)),"",ROUND(AVERAGE(K15:U15),1)) | AJ15: =IF(ISERROR(ROUND(AVERAGE(W15:AI15),1)),"",ROUND(AVERAGE(W15:AI15),1)) | AK15: =IF(AO15<>0,IF(ISERROR(ROUND( (J15+V15+AJ15),0)),"",ROUND(((J15+V15+AJ15)+AO15)/2,0)),IF(ISERROR(ROUND( J15+V15+AJ15,0)),"",ROUND(J15+V15+AJ15,0))) | AM15: =IF(AO15<>0,IF(ISERROR(ROUND( (AK15+AL15),0)),"",ROUND(((AK15+AL15)+AO15)/2,0)),IF(ISERROR(ROUND( AK15+AL15,0)),"",ROUND(AK15+AL15,0)))
A16: 8 | B16: =IF(ISBLANK(FIL!E13),"",CONCATENATE(FIL!C13," ",FIL!D13," ",FIL!E13)) | J16: =IF(ISERROR(ROUND(AVERAGE(G16:I16),1)),"",ROUND(AVERAGE(G16:I16),1)) | V16: =IF(ISERROR(ROUND(AVERAGE(K16:U16),1)),"",ROUND(AVERAGE(K16:U16),1)) | AJ16: =IF(ISERROR(ROUND(AVERAGE(W16:AI16),1)),"",ROUND(AVERAGE(W16:AI16),1)) | AK16: =IF(AO16<>0,IF(ISERROR(ROUND( (J16+V16+AJ16),0)),"",ROUND(((J16+V16+AJ16)+AO16)/2,0)),IF(ISERROR(ROUND( J16+V16+AJ16,0)),"",ROUND(J16+V16+AJ16,0))) | AM16: =IF(AO16<>0,IF(ISERROR(ROUND( (AK16+AL16),0)),"",ROUND(((AK16+AL16)+AO16)/2,0)),IF(ISERROR(ROUND( AK16+AL16,0)),"",ROUND(AK16+AL16,0)))
A17: 9 | B17: =IF(ISBLANK(FIL!E14),"",CONCATENATE(FIL!C14," ",FIL!D14," ",FIL!E14)) | J17: =IF(ISERROR(ROUND(AVERAGE(G17:I17),1)),"",ROUND(AVERAGE(G17:I17),1)) | V17: =IF(ISERROR(ROUND(AVERAGE(K17:U17),1)),"",ROUND(AVERAGE(K17:U17),1)) | AJ17: =IF(ISERROR(ROUND(AVERAGE(W17:AI17),1)),"",ROUND(AVERAGE(W17:AI17),1)) | AK17: =IF(AO17<>0,IF(ISERROR(ROUND( (J17+V17+AJ17),0)),"",ROUND(((J17+V17+AJ17)+AO17)/2,0)),IF(ISERROR(ROUND( J17+V17+AJ17,0)),"",ROUND(J17+V17+AJ17,0))) | AM17: =IF(AO17<>0,IF(ISERROR(ROUND( (AK17+AL17),0)),"",ROUND(((AK17+AL17)+AO17)/2,0)),IF(ISERROR(ROUND( AK17+AL17,0)),"",ROUND(AK17+AL17,0)))
A18: 10 | B18: =IF(ISBLANK(FIL!E15),"",CONCATENATE(FIL!C15," ",FIL!D15," ",FIL!E15)) | J18: =IF(ISERROR(ROUND(AVERAGE(G18:I18),1)),"",ROUND(AVERAGE(G18:I18),1)) | V18: =IF(ISERROR(ROUND(AVERAGE(K18:U18),1)),"",ROUND(AVERAGE(K18:U18),1)) | AJ18: =IF(ISERROR(ROUND(AVERAGE(W18:AI18),1)),"",ROUND(AVERAGE(W18:AI18),1)) | AK18: =IF(AO18<>0,IF(ISERROR(ROUND( (J18+V18+AJ18),0)),"",ROUND(((J18+V18+AJ18)+AO18)/2,0)),IF(ISERROR(ROUND( J18+V18+AJ18,0)),"",ROUND(J18+V18+AJ18,0))) | AM18: =IF(AO18<>0,IF(ISERROR(ROUND( (AK18+AL18),0)),"",ROUND(((AK18+AL18)+AO18)/2,0)),IF(ISERROR(ROUND( AK18+AL18,0)),"",ROUND(AK18+AL18,0)))
A19: 11 | B19: =IF(ISBLANK(FIL!E16),"",CONCATENATE(FIL!C16," ",FIL!D16," ",FIL!E16)) | J19: =IF(ISERROR(ROUND(AVERAGE(G19:I19),1)),"",ROUND(AVERAGE(G19:I19),1)) | V19: =IF(ISERROR(ROUND(AVERAGE(K19:U19),1)),"",ROUND(AVERAGE(K19:U19),1)) | AJ19: =IF(ISERROR(ROUND(AVERAGE(W19:AI19),1)),"",ROUND(AVERAGE(W19:AI19),1)) | AK19: =IF(AO19<>0,IF(ISERROR(ROUND( (J19+V19+AJ19),0)),"",ROUND(((J19+V19+AJ19)+AO19)/2,0)),IF(ISERROR(ROUND( J19+V19+AJ19,0)),"",ROUND(J19+V19+AJ19,0))) | AM19: =IF(AO19<>0,IF(ISERROR(ROUND( (AK19+AL19),0)),"",ROUND(((AK19+AL19)+AO19)/2,0)),IF(ISERROR(ROUND( AK19+AL19,0)),"",ROUND(AK19+AL19,0)))
A20: 12 | B20: =IF(ISBLANK(FIL!E17),"",CONCATENATE(FIL!C17," ",FIL!D17," ",FIL!E17)) | J20: =IF(ISERROR(ROUND(AVERAGE(G20:I20),1)),"",ROUND(AVERAGE(G20:I20),1)) | V20: =IF(ISERROR(ROUND(AVERAGE(K20:U20),1)),"",ROUND(AVERAGE(K20:U20),1)) | AJ20: =IF(ISERROR(ROUND(AVERAGE(W20:AI20),1)),"",ROUND(AVERAGE(W20:AI20),1)) | AK20: =IF(AO20<>0,IF(ISERROR(ROUND( (J20+V20+AJ20),0)),"",ROUND(((J20+V20+AJ20)+AO20)/2,0)),IF(ISERROR(ROUND( J20+V20+AJ20,0)),"",ROUND(J20+V20+AJ20,0))) | AM20: =IF(AO20<>0,IF(ISERROR(ROUND( (AK20+AL20),0)),"",ROUND(((AK20+AL20)+AO20)/2,0)),IF(ISERROR(ROUND( AK20+AL20,0)),"",ROUND(AK20+AL20,0)))
A21: 13 | B21: =IF(ISBLANK(FIL!E18),"",CONCATENATE(FIL!C18," ",FIL!D18," ",FIL!E18)) | J21: =IF(ISERROR(ROUND(AVERAGE(G21:I21),1)),"",ROUND(AVERAGE(G21:I21),1)) | V21: =IF(ISERROR(ROUND(AVERAGE(K21:U21),1)),"",ROUND(AVERAGE(K21:U21),1)) | AJ21: =IF(ISERROR(ROUND(AVERAGE(W21:AI21),1)),"",ROUND(AVERAGE(W21:AI21),1)) | AK21: =IF(AO21<>0,IF(ISERROR(ROUND( (J21+V21+AJ21),0)),"",ROUND(((J21+V21+AJ21)+AO21)/2,0)),IF(ISERROR(ROUND( J21+V21+AJ21,0)),"",ROUND(J21+V21+AJ21,0))) | AM21: =IF(AO21<>0,IF(ISERROR(ROUND( (AK21+AL21),0)),"",ROUND(((AK21+AL21)+AO21)/2,0)),IF(ISERROR(ROUND( AK21+AL21,0)),"",ROUND(AK21+AL21,0)))
A22: 14 | B22: =IF(ISBLANK(FIL!E19),"",CONCATENATE(FIL!C19," ",FIL!D19," ",FIL!E19)) | J22: =IF(ISERROR(ROUND(AVERAGE(G22:I22),1)),"",ROUND(AVERAGE(G22:I22),1)) | V22: =IF(ISERROR(ROUND(AVERAGE(K22:U22),1)),"",ROUND(AVERAGE(K22:U22),1)) | AJ22: =IF(ISERROR(ROUND(AVERAGE(W22:AI22),1)),"",ROUND(AVERAGE(W22:AI22),1)) | AK22: =IF(AO22<>0,IF(ISERROR(ROUND( (J22+V22+AJ22),0)),"",ROUND(((J22+V22+AJ22)+AO22)/2,0)),IF(ISERROR(ROUND( J22+V22+AJ22,0)),"",ROUND(J22+V22+AJ22,0))) | AM22: =IF(AO22<>0,IF(ISERROR(ROUND( (AK22+AL22),0)),"",ROUND(((AK22+AL22)+AO22)/2,0)),IF(ISERROR(ROUND( AK22+AL22,0)),"",ROUND(AK22+AL22,0)))
... A55: 47 | B55: =IF(ISBLANK(FIL!E52),"",CONCATENATE(FIL!C52," ",FIL!D52," ",FIL!E52)) | J55: =IF(ISERROR(ROUND(AVERAGE(G55:I55),1)),"",ROUND(AVERAGE(G55:I55),1)) | V55: =IF(ISERROR(ROUND(AVERAGE(K55:U55),1)),"",ROUND(AVERAGE(K55:U55),1)) | AJ55: =IF(ISERROR(ROUND(AVERAGE(W55:AI55),1)),"",ROUND(AVERAGE(W55:AI55),1)) | AK55: =IF(AO55<>0,IF(ISERROR(ROUND( (J55+V55+AJ55),0)),"",ROUND(((J55+V55+AJ55)+AO55)/2,0)),IF(ISERROR(ROUND( J55+V55+AJ55,0)),"",ROUND(J55+V55+AJ55,0))) | AM55: =IF(AO55<>0,IF(ISERROR(ROUND( (AK55+AL55),0)),"",ROUND(((AK55+AL55)+AO55)/2,0)),IF(ISERROR(ROUND( AK55+AL55,0)),"",ROUND(AK55+AL55,0)))
A56: 48 | U56: =IF(ISERROR(ROUND(AVERAGE(H56:T56),1)),"",ROUND(AVERAGE(H56:T56),1)) | AJ56: =IF(ISERROR(ROUND(AVERAGE(V56:AI56),1)),"",ROUND(AVERAGE(V56:AI56),1)) | AL56: =IF(ISERROR(ROUND(U56+AJ56+#REF!,0)),"",ROUND(U56+AJ56+#REF!,0))
A57: 49 | U57: =IF(ISERROR(ROUND(AVERAGE(H57:T57),1)),"",ROUND(AVERAGE(H57:T57),1)) | AJ57: =IF(ISERROR(ROUND(AVERAGE(V57:AI57),1)),"",ROUND(AVERAGE(V57:AI57),1)) | AL57: =IF(ISERROR(ROUND(U57+AJ57+#REF!,0)),"",ROUND(U57+AJ57+#REF!,0))
A58: 50 | U58: =IF(ISERROR(ROUND(AVERAGE(H58:T58),1)),"",ROUND(AVERAGE(H58:T58),1)) | AJ58: =IF(ISERROR(ROUND(AVERAGE(V58:AI58),1)),"",ROUND(AVERAGE(V58:AI58),1)) | AL58: =IF(ISERROR(ROUND(U58+AJ58+#REF!,0)),"",ROUND(U58+AJ58+#REF!,0))
G60: TOTAL DE ESTUDIANTES | AM60: =COUNTIF($AM$9:$AM$58,">0") -> 2
G61: TOTAL APROBADOS | AM61: =IF($AM$60>0,COUNTIF($AM$9:$AM$58,">50"),"") -> 2
G62: TOTAL REPROBADOS | AM62: =IF($AM$60>0,COUNTIF($AM$9:$AM$58,"<51"),"") -> 0
G63: PROMEDIO TRIMESTRAL | AM63: =IF($AM$60>0,ROUND(AVERAGE($AM9:$AM58),0),"") -> 78
A64: _ _ _ _ _ _ _ _ _ _ _ _ _ _ _ _ _ _ _ _ _ _ _ | G64: PORCENTAJE DE APROBADOS | AM64: =IF(AM60>0,AM61*100/AM60,"") -> 100
A65: FIRMA / SELLO | G65: PORCENTAJE DE REPROBADOS | AM65: =IF(AM60>0,AM62*100/AM60,"") -> 0

Sheet Tercer Trimestre
G1: REGISTRO DE CALIFICACIONES | T1: UNIDAD EDUCATIVA | AA1: =Carátula!D14 -> SIMON BOLIVAR | AJ1: www.educa-tics.com
A2: Curso: | C2: =CONCATENATE(Carátula!P20," ",Carátula!S20) -> SEXTO "A" | G2: EVALUACION DEL MAESTRA (O) - DIMENSIONES | AL2: Auto-Eval | AM2: Prom. 1er Trim.
A3: Gestión: | C3: =Carátula!F8 -> 2026 | G3: SER - 10 | K3: SABER - 45 | W3: HACER - 40 | AK3: PROMEDIO PARCIAL | AL3: 5
A4: Materia: | C4: =Carátula!D26 -> MATEMÁTICAS | J4: VALORACIÓN 5 Pts | V4: VALORACION 45 Pts | AJ4: VALORACION 40 Pts | AL4: AUTOEVALAUCIÓN 5 Pts
A5: Prof.: | C5: =Carátula!D23 -> JOSE CUELLAR SANCHEZ
A6: Trimestre: | C6: TERCER TRIMESTRE
A7: 1
A8: Nº | B8: APELLIDOS Y NOMBRES
A9: 1 | B9: =IF(ISBLANK(FIL!E6),"",CONCATENATE(FIL!C6," ",FIL!D6," ",FIL!E6)) -> CUELLAR SANCHEZ JOSE | G9: 5 | J9: =IF(ISERROR(ROUND(AVERAGE(G9:I9),1)),"",ROUND(AVERAGE(G9:I9),1)) -> 5 | K9: 17 | V9: =IF(ISERROR(ROUND(AVERAGE(K9:U9),1)),"",ROUND(AVERAGE(K9:U9),1)) -> 17 | W9: 25 | AJ9: =IF(ISERROR(ROUND(AVERAGE(W9:AI9),1)),"",ROUND(AVERAGE(W9:AI9),1)) -> 25 | AK9: =IF(AO9<>0,IF(ISERROR(ROUND( (J9+V9+AJ9),0)),"",ROUND(((J9+V9+AJ9)+AO9)/2,0)),IF(ISERROR(ROUND( J9+V9+AJ9,0)),"",ROUND(J9+V9+AJ9,0))) -> 47 | AL9: 3 | AM9: =IF(AO9<>0,IF(ISERROR(ROUND( (AK9+AL9),0)),"",ROUND(((AK9+AL9)+AO9)/2,0)),IF(ISERROR(ROUND( AK9+AL9,0)),"",ROUND(AK9+AL9,0))) -> 50
A10: 2 | B10: =IF(ISBLANK(FIL!E7),"",CONCATENATE(FIL!C7," ",FIL!D7," ",FIL!E7)) -> VALENCIA ROJAS NICOLAS | G10: 6 | J10: =IF(ISERROR(ROUND(AVERAGE(G10:I10),1)),"",ROUND(AVERAGE(G10:I10),1)) -> 6 | K10: 25 | V10: =IF(ISERROR(ROUND(AVERAGE(K10:U10),1)),"",ROUND(AVERAGE(K10:U10),1)) -> 25 | W10: 25 | AJ10: =IF(ISERROR(ROUND(AVERAGE(W10:AI10),1)),"",ROUND(AVERAGE(W10:AI10),1)) -> 25 | AK10: =IF(AO10<>0,IF(ISERROR(ROUND( (J10+V10+AJ10),0)),"",ROUND(((J10+V10+AJ10)+AO10)/2,0)),IF(ISERROR(ROUND( J10+V10+AJ10,0)),"",ROUND(J10+V10+AJ10,0))) -> 56 | AL10: 2 | AM10: =IF(AO10<>0,IF(ISERROR(ROUND( (AK10+AL10),0)),"",ROUND(((AK10+AL10)+AO10)/2,0)),IF(ISERROR(ROUND( AK10+AL10,0)),"",ROUND(AK10+AL10,0))) -> 58
A11: 3 | B11: =IF(ISBLANK(FIL!E8),"",CONCATENATE(FIL!C8," ",FIL!D8," ",FIL!E8)) | J11: =IF(ISERROR(ROUND(AVERAGE(G11:I11),1)),"",ROUND(AVERAGE(G11:I11),1)) | V11: =IF(ISERROR(ROUND(AVERAGE(K11:U11),1)),"",ROUND(AVERAGE(K11:U11),1)) | AJ11: =IF(ISERROR(ROUND(AVERAGE(W11:AI11),1)),"",ROUND(AVERAGE(W11:AI11),1)) | AK11: =IF(AO11<>0,IF(ISERROR(ROUND( (J11+V11+AJ11),0)),"",ROUND(((J11+V11+AJ11)+AO11)/2,0)),IF(ISERROR(ROUND( J11+V11+AJ11,0)),"",ROUND(J11+V11+AJ11,0))) | AM11: =IF(AO11<>0,IF(ISERROR(ROUND( (AK11+AL11),0)),"",ROUND(((AK11+AL11)+AO11)/2,0)),IF(ISERROR(ROUND( AK11+AL11,0)),"",ROUND(AK11+AL11,0)))
A12: 4 | B12: =IF(ISBLANK(FIL!E9),"",CONCATENATE(FIL!C9," ",FIL!D9," ",FIL!E9)) | J12: =IF(ISERROR(ROUND(AVERAGE(G12:I12),1)),"",ROUND(AVERAGE(G12:I12),1)) | V12: =IF(ISERROR(ROUND(AVERAGE(K12:U12),1)),"",ROUND(AVERAGE(K12:U12),1)) | AJ12: =IF(ISERROR(ROUND(AVERAGE(W12:AI12),1)),"",ROUND(AVERAGE(W12:AI12),1)) | AK12: =IF(AO12<>0,IF(ISERROR(ROUND( (J12+V12+AJ12),0)),"",ROUND(((J12+V12+AJ12)+AO12)/2,0)),IF(ISERROR(ROUND( J12+V12+AJ12,0)),"",ROUND(J12+V12+AJ12,0))) | AM12: =IF(AO12<>0,IF(ISERROR(ROUND( (AK12+AL12),0)),"",ROUND(((AK12+AL12)+AO12)/2,0)),IF(ISERROR(ROUND( AK12+AL12,0)),"",ROUND(AK12+AL12,0)))
A13: 5 | B13: =IF(ISBLANK(FIL!E10),"",CONCATENATE(FIL!C10," ",FIL!D10," ",FIL!E10)) | J13: =IF(ISERROR(ROUND(AVERAGE(G13:I13),1)),"",ROUND(AVERAGE(G13:I13),1)) | V13: =IF(ISERROR(ROUND(AVERAGE(K13:U13),1)),"",ROUND(AVERAGE(K13:U13),1)) | AJ13: =IF(ISERROR(ROUND(AVERAGE(W13:AI13),1)),"",ROUND(AVERAGE(W13:AI13),1)) | AK13: =IF(AO13<>0,IF(ISERROR(ROUND( (J13+V13+AJ13),0)),"",ROUND(((J13+V13+AJ13)+AO13)/2,0)),IF(ISERROR(ROUND( J13+V13+AJ13,0)),"",ROUND(J13+V13+AJ13,0))) | AM13: =IF(AO13<>0,IF(ISERROR(ROUND( (AK13+AL13),0)),"",ROUND(((AK13+AL13)+AO13)/2,0)),IF(ISERROR(ROUND( AK13+AL13,0)),"",ROUND(AK13+AL13,0)))
A14: 6 | B14: =IF(ISBLANK(FIL!E11),"",CONCATENATE(FIL!C11," ",FIL!D11," ",FIL!E11)) | J14: =IF(ISERROR(ROUND(AVERAGE(G14:I14),1)),"",ROUND(AVERAGE(G14:I14),1)) | V14: =IF(ISERROR(ROUND(AVERAGE(K14:U14),1)),"",ROUND(AVERAGE(K14:U14),1)) | AJ14: =IF(ISERROR(ROUND(AVERAGE(W14:AI14),1)),"",ROUND(AVERAGE(W14:AI14),1)) | AK14: =IF(AO14<>0,IF(ISERROR(ROUND( (J14+V14+AJ14),0)),"",ROUND(((J14+V14+AJ14)+AO14)/2,0)),IF(ISERROR(ROUND( J14+V14+AJ14,0)),"",ROUND(J14+V14+AJ14,0))) | AM14: =IF(AO14<>0,IF(ISERROR(ROUND( (AK14+AL14),0)),"",ROUND(((AK14+AL14)+AO14)/2,0)),IF(ISERROR(ROUND( AK14+AL14,0)),"",ROUND(AK14+AL14,0)))
A15: 7 | B15: =IF(ISBLANK(FIL!E12),"",CONCATENATE(FIL!C12," ",FIL!D12," ",FIL!E12)) | J15: =IF(ISERROR(ROUND(AVERAGE(G15:I15),1)),"",ROUND(AVERAGE(G15:I15),1)) | V15: =IF(ISERROR(ROUND(AVERAGE(K15:U15),1)),"",ROUND(AVERAGE(K15:U15),1)) | AJ15: =IF(ISERROR(ROUND(AVERAGE(W15:AI15),1)),"",ROUND(AVERAGE(W15:AI15),1)) | AK15: =IF(AO15<>0,IF(ISERROR(ROUND( (J15+V15+AJ15),0)),"",ROUND(((J15+V15+AJ15)+AO15)/2,0)),IF(ISERROR(ROUND( J15+V15+AJ15,0)),"",ROUND(J15+V15+AJ15,0))) | AM15: =IF(AO15<>0,IF(ISERROR(ROUND( (AK15+AL15),0)),"",ROUND(((AK15+AL15)+AO15)/2,0)),IF(ISERROR(ROUND( AK15+AL15,0)),"",ROUND(AK15+AL15,0)))
A16: 8 | B16: =IF(ISBLANK(FIL!E13),"",CONCATENATE(FIL!C13," ",FIL!D13," ",FIL!E13)) | J16: =IF(ISERROR(ROUND(AVERAGE(G16:I16),1)),"",ROUND(AVERAGE(G16:I16),1)) | V16: =IF(ISERROR(ROUND(AVERAGE(K16:U16),1)),"",ROUND(AVERAGE(K16:U16),1)) | AJ16: =IF(ISERROR(ROUND(AVERAGE(W16:AI16),1)),"",ROUND(AVERAGE(W16:AI16),1)) | AK16: =IF(AO16<>0,IF(ISERROR(ROUND( (J16+V16+AJ16),0)),"",ROUND(((J16+V16+AJ16)+AO16)/2,0)),IF(ISERROR(ROUND( J16+V16+AJ16,0)),"",ROUND(J16+V16+AJ16,0))) | AM16: =IF(AO16<>0,IF(ISERROR(ROUND( (AK16+AL16),0)),"",ROUND(((AK16+AL16)+AO16)/2,0)),IF(ISERROR(ROUND( AK16+AL16,0)),"",ROUND(AK16+AL16,0)))
A17: 9 | B17: =IF(ISBLANK(FIL!E14),"",CONCATENATE(FIL!C14," ",FIL!D14," ",FIL!E14)) | J17: =IF(ISERROR(ROUND(AVERAGE(G17:I17),1)),"",ROUND(AVERAGE(G17:I17),1)) | V17: =IF(ISERROR(ROUND(AVERAGE(K17:U17),1)),"",ROUND(AVERAGE(K17:U17),1)) | AJ17: =IF(ISERROR(ROUND(AVERAGE(W17:AI17),1)),"",ROUND(AVERAGE(W17:AI17),1)) | AK17: =IF(AO17<>0,IF(ISERROR(ROUND( (J17+V17+AJ17),0)),"",ROUND(((J17+V17+AJ17)+AO17)/2,0)),IF(ISERROR(ROUND( J17+V17+AJ17,0)),"",ROUND(J17+V17+AJ17,0))) | AM17: =IF(AO17<>0,IF(ISERROR(ROUND( (AK17+AL17),0)),"",ROUND(((AK17+AL17)+AO17)/2,0)),IF(ISERROR(ROUND( AK17+AL17,0)),"",ROUND(AK17+AL17,0)))
A18: 10 | B18: =IF(ISBLANK(FIL!E15),"",CONCATENATE(FIL!C15," ",FIL!D15," ",FIL!E15)) | J18: =IF(ISERROR(ROUND(AVERAGE(G18:I18),1)),"",ROUND(AVERAGE(G18:I18),1)) | V18: =IF(ISERROR(ROUND(AVERAGE(K18:U18),1)),"",ROUND(AVERAGE(K18:U18),1)) | AJ18: =IF(ISERROR(ROUND(AVERAGE(W18:AI18),1)),"",ROUND(AVERAGE(W18:AI18),1)) | AK18: =IF(AO18<>0,IF(ISERROR(ROUND( (J18+V18+AJ18),0)),"",ROUND(((J18+V18+AJ18)+AO18)/2,0)),IF(ISERROR(ROUND( J18+V18+AJ18,0)),"",ROUND(J18+V18+AJ18,0))) | AM18: =IF(AO18<>0,IF(ISERROR(ROUND( (AK18+AL18),0)),"",ROUND(((AK18+AL18)+AO18)/2,0)),IF(ISERROR(ROUND( AK18+AL18,0)),"",ROUND(AK18+AL18,0)))
A19: 11 | B19: =IF(ISBLANK(FIL!E16),"",CONCATENATE(FIL!C16," ",FIL!D16," ",FIL!E16)) | J19: =IF(ISERROR(ROUND(AVERAGE(G19:I19),1)),"",ROUND(AVERAGE(G19:I19),1)) | V19: =IF(ISERROR(ROUND(AVERAGE(K19:U19),1)),"",ROUND(AVERAGE(K19:U19),1)) | AJ19: =IF(ISERROR(ROUND(AVERAGE(W19:AI19),1)),"",ROUND(AVERAGE(W19:AI19),1)) | AK19: =IF(AO19<>0,IF(ISERROR(ROUND( (J19+V19+AJ19),0)),"",ROUND(((J19+V19+AJ19)+AO19)/2,0)),IF(ISERROR(ROUND( J19+V19+AJ19,0)),"",ROUND(J19+V19+AJ19,0))) | AM19: =IF(AO19<>0,IF(ISERROR(ROUND( (AK19+AL19),0)),"",ROUND(((AK19+AL19)+AO19)/2,0)),IF(ISERROR(ROUND( AK19+AL19,0)),"",ROUND(AK19+AL19,0)))
A20: 12 | B20: =IF(ISBLANK(FIL!E17),"",CONCATENATE(FIL!C17," ",FIL!D17," ",FIL!E17)) | J20: =IF(ISERROR(ROUND(AVERAGE(G20:I20),1)),"",ROUND(AVERAGE(G20:I20),1)) | V20: =IF(ISERROR(ROUND(AVERAGE(K20:U20),1)),"",ROUND(AVERAGE(K20:U20),1)) | AJ20: =IF(ISERROR(ROUND(AVERAGE(W20:AI20),1)),"",ROUND(AVERAGE(W20:AI20),1)) | AK20: =IF(AO20<>0,IF(ISERROR(ROUND( (J20+V20+AJ20),0)),"",ROUND(((J20+V20+AJ20)+AO20)/2,0)),IF(ISERROR(ROUND( J20+V20+AJ20,0)),"",ROUND(J20+V20+AJ20,0))) | AM20: =IF(AO20<>0,IF(ISERROR(ROUND( (AK20+AL20),0)),"",ROUND(((AK20+AL20)+AO20)/2,0)),IF(ISERROR(ROUND( AK20+AL20,0)),"",ROUND(AK20+AL20,0)))
A21: 13 | B21: =IF(ISBLANK(FIL!E18),"",CONCATENATE(FIL!C18," ",FIL!D18," ",FIL!E18)) | J21: =IF(ISERROR(ROUND(AVERAGE(G21:I21),1)),"",ROUND(AVERAGE(G21:I21),1)) | V21: =IF(ISERROR(ROUND(AVERAGE(K21:U21),1)),"",ROUND(AVERAGE(K21:U21),1)) | AJ21: =IF(ISERROR(ROUND(AVERAGE(W21:AI21),1)),"",ROUND(AVERAGE(W21:AI21),1)) | AK21: =IF(AO21<>0,IF(ISERROR(ROUND( (J21+V21+AJ21),0)),"",ROUND(((J21+V21+AJ21)+AO21)/2,0)),IF(ISERROR(ROUND( J21+V21+AJ21,0)),"",ROUND(J21+V21+AJ21,0))) | AM21: =IF(AO21<>0,IF(ISERROR(ROUND( (AK21+AL21),0)),"",ROUND(((AK21+AL21)+AO21)/2,0)),IF(ISERROR(ROUND( AK21+AL21,0)),"",ROUND(AK21+AL21,0)))
A22: 14 | B22: =IF(ISBLANK(FIL!E19),"",CONCATENATE(FIL!C19," ",FIL!D19," ",FIL!E19)) | J22: =IF(ISERROR(ROUND(AVERAGE(G22:I22),1)),"",ROUND(AVERAGE(G22:I22),1)) | V22: =IF(ISERROR(ROUND(AVERAGE(K22:U22),1)),"",ROUND(AVERAGE(K22:U22),1)) | AJ22: =IF(ISERROR(ROUND(AVERAGE(W22:AI22),1)),"",ROUND(AVERAGE(W22:AI22),1)) | AK22: =IF(AO22<>0,IF(ISERROR(ROUND( (J22+V22+AJ22),0)),"",ROUND(((J22+V22+AJ22)+AO22)/2,0)),IF(ISERROR(ROUND( J22+V22+AJ22,0)),"",ROUND(J22+V22+AJ22,0))) | AM22: =IF(AO22<>0,IF(ISERROR(ROUND( (AK22+AL22),0)),"",ROUND(((AK22+AL22)+AO22)/2,0)),IF(ISERROR(ROUND( AK22+AL22,0)),"",ROUND(AK22+AL22,0)))
... A55: 47 | B55: =IF(ISBLANK(FIL!E52),"",CONCATENATE(FIL!C52," ",FIL!D52," ",FIL!E52)) | J55: =IF(ISERROR(ROUND(AVERAGE(G55:I55),1)),"",ROUND(AVERAGE(G55:I55),1)) | V55: =IF(ISERROR(ROUND(AVERAGE(K55:U55),1)),"",ROUND(AVERAGE(K55:U55),1)) | AJ55: =IF(ISERROR(ROUND(AVERAGE(W55:AI55),1)),"",ROUND(AVERAGE(W55:AI55),1)) | AK55: =IF(AO55<>0,IF(ISERROR(ROUND( (J55+V55+AJ55),0)),"",ROUND(((J55+V55+AJ55)+AO55)/2,0)),IF(ISERROR(ROUND( J55+V55+AJ55,0)),"",ROUND(J55+V55+AJ55,0))) | AM55: =IF(AO55<>0,IF(ISERROR(ROUND( (AK55+AL55),0)),"",ROUND(((AK55+AL55)+AO55)/2,0)),IF(ISERROR(ROUND( AK55+AL55,0)),"",ROUND(AK55+AL55,0)))
A56: 48 | U56: =IF(ISERROR(ROUND(AVERAGE(H56:T56),1)),"",ROUND(AVERAGE(H56:T56),1)) | AJ56: =IF(ISERROR(ROUND(AVERAGE(V56:AI56),1)),"",ROUND(AVERAGE(V56:AI56),1)) | AL56: =IF(ISERROR(ROUND(U56+AJ56+#REF!,0)),"",ROUND(U56+AJ56+#REF!,0))
A57: 49 | U57: =IF(ISERROR(ROUND(AVERAGE(H57:T57),1)),"",ROUND(AVERAGE(H57:T57),1)) | AJ57: =IF(ISERROR(ROUND(AVERAGE(V57:AI57),1)),"",ROUND(AVERAGE(V57:AI57),1)) | AL57: =IF(ISERROR(ROUND(U57+AJ57+#REF!,0)),"",ROUND(U57+AJ57+#REF!,0))
A58: 50 | U58: =IF(ISERROR(ROUND(AVERAGE(H58:T58),1)),"",ROUND(AVERAGE(H58:T58),1)) | AJ58: =IF(ISERROR(ROUND(AVERAGE(V58:AI58),1)),"",ROUND(AVERAGE(V58:AI58),1)) | AL58: =IF(ISERROR(ROUND(U58+AJ58+#REF!,0)),"",ROUND(U58+AJ58+#REF!,0))
G60: TOTAL DE ESTUDIANTES | AM60: =COUNTIF($AM$9:$AM$58,">0") -> 2
G61: TOTAL APROBADOS | AM61: =IF($AM$60>0,COUNTIF($AM$9:$AM$58,">50"),"") -> 1
G62: TOTAL REPROBADOS | AM62: =IF($AM$60>0,COUNTIF($AM$9:$AM$58,"<51"),"") -> 1
G63: PROMEDIO TRIMESTRAL | AM63: =IF($AM$60>0,ROUND(AVERAGE($AM9:$AM58),0),"") -> 54
A64: _ _ _ _ _ _ _ _ _ _ _ _ _ _ _ _ _ _ _ _ _ _ _ | G64: PORCENTAJE DE APROBADOS | AM64: =IF(AM60>0,AM61*100/AM60,"") -> 50
A65: FIRMA / SELLO | G65: PORCENTAJE DE REPROBADOS | AM65: =IF(AM60>0,AM62*100/AM60,"") -> 50

Sheet Centralizador
C1: BOLETIN CENTRALIZADOR | I1: www.educatic.xyz
A2: UNIDAD EDUCATIVA : | D2: =Carátula!D14 -> SIMON BOLIVAR | F2: Prom. 1er Trim. | G2: Prom. 2do Trim. | H2: Prom. 3er Trim. | I2: Promedio Anual | J2: OBSERVACIONES
A3: =Carátula!$P$18&" "&Carátula!$P$20&" "&Carátula!$S$20 -> SECUNDARIA SEXTO "A"
A4: Materia: | C4: =Carátula!D26 -> MATEMÁTICAS
A5: Profesor(a): | C5: =Carátula!D23 -> JOSE CUELLAR SANCHEZ
A6: Gestion: | C6: =Carátula!F8 -> 2026
A7: Nº | B7: APELLIDOS Y NOMBRES
A8: 1 | B8: =FIL!C6&" "&FIL!D6&" "&FIL!E6 -> CUELLAR SANCHEZ JOSE | F8: ='Primer Trimestre'!AM9 -> 65 | G8: ='Segundo Trimestre'!AM9 -> 100 | H8: ='Tercer Trimestre'!AM9 -> 50 | I8: =IF(ISERROR(AVERAGE(F8:H8)),"",ROUND(AVERAGE(F8:H8),0)) -> 72
A9: 2 | B9: =FIL!C7&" "&FIL!D7&" "&FIL!E7 -> VALENCIA ROJAS NICOLAS | F9: ='Primer Trimestre'!AM10 -> 93 | G9: ='Segundo Trimestre'!AM10 -> 56 | H9: ='Tercer Trimestre'!AM10 -> 58 | I9: =IF(ISERROR(AVERAGE(F9:H9)),"",ROUND(AVERAGE(F9:H9),0)) -> 69
A10: 3 | B10: =FIL!C8&" "&FIL!D8&" "&FIL!E8 | F10: ='Primer Trimestre'!AM11 | G10: ='Segundo Trimestre'!AM11 | H10: ='Tercer Trimestre'!AM11 | I10: =IF(ISERROR(AVERAGE(F10:H10)),"",ROUND(AVERAGE(F10:H10),0))
A11: 4 | B11: =FIL!C9&" "&FIL!D9&" "&FIL!E9 | F11: ='Primer Trimestre'!AM12 | G11: ='Segundo Trimestre'!AM12 | H11: ='Tercer Trimestre'!AM12 | I11: =IF(ISERROR(AVERAGE(F11:H11)),"",ROUND(AVERAGE(F11:H11),0))
A12: 5 | B12: =FIL!C10&" "&FIL!D10&" "&FIL!E10 | F12: ='Primer Trimestre'!AM13 | G12: ='Segundo Trimestre'!AM13 | H12: ='Tercer Trimestre'!AM13 | I12: =IF(ISERROR(AVERAGE(F12:H12)),"",ROUND(AVERAGE(F12:H12),0))
A13: 6 | B13: =FIL!C11&" "&FIL!D11&" "&FIL!E11 | F13: ='Primer Trimestre'!AM14 | G13: ='Segundo Trimestre'!AM14 | H13: ='Tercer Trimestre'!AM14 | I13: =IF(ISERROR(AVERAGE(F13:H13)),"",ROUND(AVERAGE(F13:H13),0))
A14: 7 | B14: =FIL!C12&" "&FIL!D12&" "&FIL!E12 | F14: ='Primer Trimestre'!AM15 | G14: ='Segundo Trimestre'!AM15 | H14: ='Tercer Trimestre'!AM15 | I14: =IF(ISERROR(AVERAGE(F14:H14)),"",ROUND(AVERAGE(F14:H14),0))
A15: 8 | B15: =FIL!C13&" "&FIL!D13&" "&FIL!E13 | F15: ='Primer Trimestre'!AM16 | G15: ='Segundo Trimestre'!AM16 | H15: ='Tercer Trimestre'!AM16 | I15: =IF(ISERROR(AVERAGE(F15:H15)),"",ROUND(AVERAGE(F15:H15),0))
A16: 9 | B16: =FIL!C14&" "&FIL!D14&" "&FIL!E14 | F16: ='Primer Trimestre'!AM17 | G16: ='Segundo Trimestre'!AM17 | H16: ='Tercer Trimestre'!AM17 | I16: =IF(ISERROR(AVERAGE(F16:H16)),"",ROUND(AVERAGE(F16:H16),0))
A17: 10 | B17: =FIL!C15&" "&FIL!D15&" "&FIL!E15 | F17: ='Primer Trimestre'!AM18 | G17: ='Segundo Trimestre'!AM18 | H17: ='Tercer Trimestre'!AM18 | I17: =IF(ISERROR(AVERAGE(F17:H17)),"",ROUND(AVERAGE(F17:H17),0))
A18: 11 | B18: =FIL!C16&" "&FIL!D16&" "&FIL!E16 | F18: ='Primer Trimestre'!AM19 | G18: ='Segundo Trimestre'!AM19 | H18: ='Tercer Trimestre'!AM19 | I18: =IF(ISERROR(AVERAGE(F18:H18)),"",ROUND(AVERAGE(F18:H18),0))
A19: 12 | B19: =FIL!C17&" "&FIL!D17&" "&FIL!E17 | F19: ='Primer Trimestre'!AM20 | G19: ='Segundo Trimestre'!AM20 | H19: ='Tercer Trimestre'!AM20 | I19: =IF(ISERROR(AVERAGE(F19:H19)),"",ROUND(AVERAGE(F19:H19),0))
... A54: 47 | B54: =FIL!C52&" "&FIL!D52&" "&FIL!E52 | F54: ='Primer Trimestre'!AM55 | G54: ='Segundo Trimestre'!AM55 | H54: ='Tercer Trimestre'!AM55 | I54: =IF(ISERROR(AVERAGE(F54:H54)),"",ROUND(AVERAGE(F54:H54),0))
A55: 48 | B55: =FIL!C53&" "&FIL!D53&" "&FIL!E53 | I55: =IF(ISERROR(AVERAGE(F55:H55)),"",ROUND(AVERAGE(F55:H55),0))
A56: 49 | B56: =FIL!C54&" "&FIL!D54&" "&FIL!E54 | I56: =IF(ISERROR(AVERAGE(F56:H56)),"",ROUND(AVERAGE(F56:H56),0))
A57: 50 | B57: =FIL!C55&" "&FIL!D55&" "&FIL!E55 | I57: =IF(ISERROR(AVERAGE(F57:H57)),"",ROUND(AVERAGE(F57:H57),0))
A61: _ _ _ _ _ _ _ _ _ _ _ _ _ _ _ _ _ _ _ _ _ _ _
A62: FIRMA / SELLO

Sheet Mejores Est
C1: MEJORES ESTUDIANTES | F1: www.educa-tics.com
A2: MEJORES ESTUDIANTES - PRIMER TRIMESTRE | F2: PRIMER TRIMESTRE
A3: Curso: | C3: =Carátula!$P$20&" "&Carátula!$S$20 -> SEXTO "A"
A4: Materia: | C4: =Carátula!$D$26 -> MATEMÁTICAS
A5: Profesor(a): | C5: =Carátula!$D$23 -> JOSE CUELLAR SANCHEZ
A6: Gestion: | C6: =Carátula!$F$8 -> 2026
A7: Nº | B7: APELLIDOS Y NOMBRES
A8: 1 | B8: =IF(F8="","",INDEX(Centralizador!$B$8:$B$57,MATCH(F8,Centralizador!$F$8:$F$57,0))) -> VALENCIA ROJAS NICOLAS | F8: =IFERROR(LARGE(Centralizador!$F$8:$F$57,A8),"") -> 93
A9: 2 | B9: =IF(F9="","",INDEX(Centralizador!$B$8:$B$57,MATCH(F9,Centralizador!$F$8:$F$57,0))) -> CUELLAR SANCHEZ JOSE | F9: =IFERROR(LARGE(Centralizador!$F$8:$F$57,A9),"") -> 65
A10: 3 | B10: =IF(F10="","",INDEX(Centralizador!$B$8:$B$57,MATCH(F10,Centralizador!$F$8:$F$57,0))) | F10: =IFERROR(LARGE(Centralizador!$F$8:$F$57,A10),"")
A11: 4 | B11: =IF(F11="","",INDEX(Centralizador!$B$8:$B$57,MATCH(F11,Centralizador!$F$8:$F$57,0))) | F11: =IFERROR(LARGE(Centralizador!$F$8:$F$57,A11),"")
A12: 5 | B12: =IF(F12="","",INDEX(Centralizador!$B$8:$B$57,MATCH(F12,Centralizador!$F$8:$F$57,0))) | F12: =IFERROR(LARGE(Centralizador!$F$8:$F$57,A12),"")
A13: MEJORES ESTUDIANTES - SEGUNDO TRIMESTRE | F13: SEGUNDO TRIMESTRE
A14: Curso: | C14: =Carátula!$P$20&" "&Carátula!$S$20 -> SEXTO "A"
A15: Materia: | C15: =Carátula!$D$26 -> MATEMÁTICAS
A16: Profesor(a): | C16: =Carátula!$D$23 -> JOSE CUELLAR SANCHEZ
A17: Gestion: | C17: =Carátula!$F$8 -> 2026
A18: Nº | B18: APELLIDOS Y NOMBRES
A19: 1 | B19: =IF(F19="","",INDEX(Centralizador!$B$8:$B$57,MATCH(F19,Centralizador!$G$8:$G$57,0))) -> CUELLAR SANCHEZ JOSE | F19: =IFERROR(LARGE(Centralizador!$G$8:$G$57,A19),"") -> 100
A20: 2 | B20: =IF(F20="","",INDEX(Centralizador!$B$8:$B$57,MATCH(F20,Centralizador!$G$8:$G$57,0))) -> VALENCIA ROJAS NICOLAS | F20: =IFERROR(LARGE(Centralizador!$G$8:$G$57,A20),"") -> 56
A21: 3 | B21: =IF(F21="","",INDEX(Centralizador!$B$8:$B$57,MATCH(F21,Centralizador!$G$8:$G$57,0))) | F21: =IFERROR(LARGE(Centralizador!$G$8:$G$57,A21),"")
A22: 4 | B22: =IF(F22="","",INDEX(Centralizador!$B$8:$B$57,MATCH(F22,Centralizador!$G$8:$G$57,0))) | F22: =IFERROR(LARGE(Centralizador!$G$8:$G$57,A22),"")
A23: 5 | B23: =IF(F23="","",INDEX(Centralizador!$B$8:$B$57,MATCH(F23,Centralizador!$G$8:$G$57,0))) | F23: =IFERROR(LARGE(Centralizador!$G$8:$G$57,A23),"")
A24: MEJORES ESTUDIANTES - ANUAL | F24: ANUAL
A25: Curso: | C25: =Carátula!$P$20&" "&Carátula!$S$20 -> SEXTO "A"
A26: Materia: | C26: =Carátula!$D$26 -> MATEMÁTICAS
A27: Profesor(a): | C27: =Carátula!$D$23 -> JOSE CUELLAR SANCHEZ
A28: Gestion: | C28: =Carátula!$F$8 -> 2026
A29: Nº | B29: APELLIDOS Y NOMBRES
A30: 1 | B30: =IF(F30="","",INDEX(Centralizador!$B$8:$B$57,MATCH(F30,Centralizador!$I$8:$I$57,0))) -> CUELLAR SANCHEZ JOSE | F30: =IFERROR(LARGE(Centralizador!$I$8:$I$57,A30),"") -> 72
A31: 2 | B31: =IF(F31="","",INDEX(Centralizador!$B$8:$B$57,MATCH(F31,Centralizador!$I$8:$I$57,0))) -> VALENCIA ROJAS NICOLAS | F31: =IFERROR(LARGE(Centralizador!$I$8:$I$57,A31),"") -> 69
A32: 3 | B32: =IF(F32="","",INDEX(Centralizador!$B$8:$B$57,MATCH(F32,Centralizador!$I$8:$I$57,0))) | F32: =IFERROR(LARGE(Centralizador!$I$8:$I$57,A32),"")
A33: 4 | B33: =IF(F33="","",INDEX(Centralizador!$B$8:$B$57,MATCH(F33,Centralizador!$I$8:$I$57,0))) | F33: =IFERROR(LARGE(Centralizador!$I$8:$I$57,A33),"")
A34: 5 | B34: =IF(F34="","",INDEX(Centralizador!$B$8:$B$57,MATCH(F34,Centralizador!$I$8:$I$57,0))) | F34: =IFERROR(LARGE(Centralizador!$I$8:$I$57,A34),"")
A39: _ _ _ _ _ _ _ _ _ _ _ _ _ _ _ _ _ _ _ _ _ _ _
A40: FIRMA / SELLO

Sheet Centralizador Materias
A1: UNIDAD EDUCATIVA | E1: CUADRO CENTRALIZADOR DE NOTAS DIFERENTES ÁREAS
A2: =Carátula!D14 -> SIMON BOLIVAR
A4: MAESTRO: | C4: =Carátula!D23 -> JOSE CUELLAR SANCHEZ
A5: CURSO: | C5: =Carátula!P20&" "&Carátula!S20 -> SEXTO "A"
A6: GESTIÓN: | C6: =Carátula!F8 -> 2026 | E6: COMUNICACIÓN Y LENGUAJE | I6: LENGUA EXTRANJERA | M6: CIENCIAS SOCIALES | Q6: EDUCACIÓN FÍSICA Y DEPORTES | U6: EDUCACIÓN MUSICAL | Y6: ARTES PLÁSTICAS Y VISUALES | AC6: MATEMÁTICAS | AG6: TÉCNICA TECNOLÓGICA GENERAL | AK6: CIENCIAS NATURALES BIOLOGÍA GEOGRAFÍA | AO6: FÍSICA | AS6: QUÍMICA | AW6: COSMOVISIONES PSICOLOGÍA Y FILOSOFÍA | BA6: VALORES ESPIRITUALIDAD Y RELIGIONES
A7: N° | B7: APELLIDOS Y NOMBRES | E7: 1er TRIM | F7: 2do TRIM | G7: 3er TRIM | H7: PROM ANUAL | I7: 1er TRIM | J7: 2do TRIM | K7: 3er TRIM | L7: PROM ANUAL | M7: 1er TRIM | N7: 2do TRIM | O7: 3er TRIM | P7: PROM ANUAL | Q7: 1er TRIM | R7: 2do TRIM | S7: 3er TRIM | T7: PROM ANUAL | U7: 1er TRIM | V7: 2do TRIM | W7: 3er TRIM | X7: PROM ANUAL | Y7: 1er TRIM | Z7: 2do TRIM | AA7: 3er TRIM | AB7: PROM ANUAL | AC7: 1er TRIM | AD7: 2do TRIM | AE7: 3er TRIM | AF7: PROM ANUAL | AG7: 1er TRIM | AH7: 2do TRIM | AI7: 3er TRIM | AJ7: PROM ANUAL | AK7: 1er TRIM | AL7: 2do TRIM | AM7: 3er TRIM | AN7: PROM ANUAL | AO7: 1er TRIM | AP7: 2do TRIM | AQ7: 3er TRIM | AR7: PROM ANUAL | AS7: 1er TRIM | AT7: 2do TRIM | AU7: 3er TRIM | AV7: PROM ANUAL | AW7: 1er TRIM | AX7: 2do TRIM | AY7: 3er TRIM | AZ7: PROM ANUAL | BA7: 1er TRIM | BB7: 2do TRIM | BC7: 3er TRIM | BD7: PROM ANUAL
A8: 1 | B8: =FIL!C6&" "&FIL!D6&" "&FIL!E6 -> CUELLAR SANCHEZ JOSE | H8: =IF(OR(E8="",F8="",G8=""),"",ROUND(AVERAGE(E8,F8,G8),0)) | L8: =IF(OR(I8="",J8="",K8=""),"",ROUND(AVERAGE(I8,J8,K8),0)) | P8: =IF(OR(M8="",N8="",O8=""),"",ROUND(AVERAGE(M8,N8,O8),0)) | T8: =IF(OR(Q8="",R8="",S8=""),"",ROUND(AVERAGE(Q8,R8,S8),0)) | X8: =IF(OR(U8="",V8="",W8=""),"",ROUND(AVERAGE(U8,V8,W8),0)) | AB8: =IF(OR(Y8="",Z8="",AA8=""),"",ROUND(AVERAGE(Y8,Z8,AA8),0)) | AF8: =IF(OR(AC8="",AD8="",AE8=""),"",ROUND(AVERAGE(AC8,AD8,AE8),0)) | AJ8: =IF(OR(AG8="",AH8="",AI8=""),"",ROUND(AVERAGE(AG8,AH8,AI8),0)) | AN8: =IF(OR(AK8="",AL8="",AM8=""),"",ROUND(AVERAGE(AK8,AL8,AM8),0)) | AR8: =IF(OR(AO8="",AP8="",AQ8=""),"",ROUND(AVERAGE(AO8,AP8,AQ8),0)) | AV8: =IF(OR(AS8="",AT8="",AU8=""),"",ROUND(AVERAGE(AS8,AT8,AU8),0)) | AZ8: =IF(OR(AW8="",AX8="",AY8=""),"",ROUND(AVERAGE(AW8,AX8,AY8),0)) | BD8: =IF(OR(BA8="",BB8="",BC8=""),"",ROUND(AVERAGE(BA8,BB8,BC8),0))
A9: 2 | B9: =FIL!C7&" "&FIL!D7&" "&FIL!E7 -> VALENCIA ROJAS NICOLAS | H9: =IF(OR(E9="",F9="",G9=""),"",ROUND(AVERAGE(E9,F9,G9),0)) | L9: =IF(OR(I9="",J9="",K9=""),"",ROUND(AVERAGE(I9,J9,K9),0)) | P9: =IF(OR(M9="",N9="",O9=""),"",ROUND(AVERAGE(M9,N9,O9),0)) | T9: =IF(OR(Q9="",R9="",S9=""),"",ROUND(AVERAGE(Q9,R9,S9),0)) | X9: =IF(OR(U9="",V9="",W9=""),"",ROUND(AVERAGE(U9,V9,W9),0)) | AB9: =IF(OR(Y9="",Z9="",AA9=""),"",ROUND(AVERAGE(Y9,Z9,AA9),0)) | AF9: =IF(OR(AC9="",AD9="",AE9=""),"",ROUND(AVERAGE(AC9,AD9,AE9),0)) | AJ9: =IF(OR(AG9="",AH9="",AI9=""),"",ROUND(AVERAGE(AG9,AH9,AI9),0)) | AN9: =IF(OR(AK9="",AL9="",AM9=""),"",ROUND(AVERAGE(AK9,AL9,AM9),0)) | AR9: =IF(OR(AO9="",AP9="",AQ9=""),"",ROUND(AVERAGE(AO9,AP9,AQ9),0)) | AV9: =IF(OR(AS9="",AT9="",AU9=""),"",ROUND(AVERAGE(AS9,AT9,AU9),0)) | AZ9: =IF(OR(AW9="",AX9="",AY9=""),"",ROUND(AVERAGE(AW9,AX9,AY9),0)) | BD9: =IF(OR(BA9="",BB9="",BC9=""),"",ROUND(AVERAGE(BA9,BB9,BC9),0))
A10: 3 | B10: =FIL!C8&" "&FIL!D8&" "&FIL!E8 | H10: =IF(OR(E10="",F10="",G10=""),"",ROUND(AVERAGE(E10,F10,G10),0)) | L10: =IF(OR(I10="",J10="",K10=""),"",ROUND(AVERAGE(I10,J10,K10),0)) | P10: =IF(OR(M10="",N10="",O10=""),"",ROUND(AVERAGE(M10,N10,O10),0)) | T10: =IF(OR(Q10="",R10="",S10=""),"",ROUND(AVERAGE(Q10,R10,S10),0)) | X10: =IF(OR(U10="",V10="",W10=""),"",ROUND(AVERAGE(U10,V10,W10),0)) | AB10: =IF(OR(Y10="",Z10="",AA10=""),"",ROUND(AVERAGE(Y10,Z10,AA10),0)) | AF10: =IF(OR(AC10="",AD10="",AE10=""),"",ROUND(AVERAGE(AC10,AD10,AE10),0)) | AJ10: =IF(OR(AG10="",AH10="",AI10=""),"",ROUND(AVERAGE(AG10,AH10,AI10),0)) | AN10: =IF(OR(AK10="",AL10="",AM10=""),"",ROUND(AVERAGE(AK10,AL10,AM10),0)) | AR10: =IF(OR(AO10="",AP10="",AQ10=""),"",ROUND(AVERAGE(AO10,AP10,AQ10),0)) | AV10: =IF(OR(AS10="",AT10="",AU10=""),"",ROUND(AVERAGE(AS10,AT10,AU10),0)) | AZ10: =IF(OR(AW10="",AX10="",AY10=""),"",ROUND(AVERAGE(AW10,AX10,AY10),0)) | BD10: =IF(OR(BA10="",BB10="",BC10=""),"",ROUND(AVERAGE(BA10,BB10,BC10),0))
A11: 4 | B11: =FIL!C9&" "&FIL!D9&" "&FIL!E9 | H11: =IF(OR(E11="",F11="",G11=""),"",ROUND(AVERAGE(E11,F11,G11),0)) | L11: =IF(OR(I11="",J11="",K11=""),"",ROUND(AVERAGE(I11,J11,K11),0)) | P11: =IF(OR(M11="",N11="",O11=""),"",ROUND(AVERAGE(M11,N11,O11),0)) | T11: =IF(OR(Q11="",R11="",S11=""),"",ROUND(AVERAGE(Q11,R11,S11),0)) | X11: =IF(OR(U11="",V11="",W11=""),"",ROUND(AVERAGE(U11,V11,W11),0)) | AB11: =IF(OR(Y11="",Z11="",AA11=""),"",ROUND(AVERAGE(Y11,Z11,AA11),0)) | AF11: =IF(OR(AC11="",AD11="",AE11=""),"",ROUND(AVERAGE(AC11,AD11,AE11),0)) | AJ11: =IF(OR(AG11="",AH11="",AI11=""),"",ROUND(AVERAGE(AG11,AH11,AI11),0)) | AN11: =IF(OR(AK11="",AL11="",AM11=""),"",ROUND(AVERAGE(AK11,AL11,AM11),0)) | AR11: =IF(OR(AO11="",AP11="",AQ11=""),"",ROUND(AVERAGE(AO11,AP11,AQ11),0)) | AV11: =IF(OR(AS11="",AT11="",AU11=""),"",ROUND(AVERAGE(AS11,AT11,AU11),0)) | AZ11: =IF(OR(AW11="",AX11="",AY11=""),"",ROUND(AVERAGE(AW11,AX11,AY11),0)) | BD11: =IF(OR(BA11="",BB11="",BC11=""),"",ROUND(AVERAGE(BA11,BB11,BC11),0))
A12: 5 | B12: =FIL!C10&" "&FIL!D10&" "&FIL!E10 | H12: =IF(OR(E12="",F12="",G12=""),"",ROUND(AVERAGE(E12,F12,G12),0)) | L12: =IF(OR(I12="",J12="",K12=""),"",ROUND(AVERAGE(I12,J12,K12),0)) | P12: =IF(OR(M12="",N12="",O12=""),"",ROUND(AVERAGE(M12,N12,O12),0)) | T12: =IF(OR(Q12="",R12="",S12=""),"",ROUND(AVERAGE(Q12,R12,S12),0)) | X12: =IF(OR(U12="",V12="",W12=""),"",ROUND(AVERAGE(U12,V12,W12),0)) | AB12: =IF(OR(Y12="",Z12="",AA12=""),"",ROUND(AVERAGE(Y12,Z12,AA12),0)) | AF12: =IF(OR(AC12="",AD12="",AE12=""),"",ROUND(AVERAGE(AC12,AD12,AE12),0)) | AJ12: =IF(OR(AG12="",AH12="",AI12=""),"",ROUND(AVERAGE(AG12,AH12,AI12),0)) | AN12: =IF(OR(AK12="",AL12="",AM12=""),"",ROUND(AVERAGE(AK12,AL12,AM12),0)) | AR12: =IF(OR(AO12="",AP12="",AQ12=""),"",ROUND(AVERAGE(AO12,AP12,AQ12),0)) | AV12: =IF(OR(AS12="",AT12="",AU12=""),"",ROUND(AVERAGE(AS12,AT12,AU12),0)) | AZ12: =IF(OR(AW12="",AX12="",AY12=""),"",ROUND(AVERAGE(AW12,AX12,AY12),0)) | BD12: =IF(OR(BA12="",BB12="",BC12=""),"",ROUND(AVERAGE(BA12,BB12,BC12),0))
A13: 6 | B13: =FIL!C11&" "&FIL!D11&" "&FIL!E11 | H13: =IF(OR(E13="",F13="",G13=""),"",ROUND(AVERAGE(E13,F13,G13),0)) | L13: =IF(OR(I13="",J13="",K13=""),"",ROUND(AVERAGE(I13,J13,K13),0)) | P13: =IF(OR(M13="",N13="",O13=""),"",ROUND(AVERAGE(M13,N13,O13),0)) | T13: =IF(OR(Q13="",R13="",S13=""),"",ROUND(AVERAGE(Q13,R13,S13),0)) | X13: =IF(OR(U13="",V13="",W13=""),"",ROUND(AVERAGE(U13,V13,W13),0)) | AB13: =IF(OR(Y13="",Z13="",AA13=""),"",ROUND(AVERAGE(Y13,Z13,AA13),0)) | AF13: =IF(OR(AC13="",AD13="",AE13=""),"",ROUND(AVERAGE(AC13,AD13,AE13),0)) | AJ13: =IF(OR(AG13="",AH13="",AI13=""),"",ROUND(AVERAGE(AG13,AH13,AI13),0)) | AN13: =IF(OR(AK13="",AL13="",AM13=""),"",ROUND(AVERAGE(AK13,AL13,AM13),0)) | AR13: =IF(OR(AO13="",AP13="",AQ13=""),"",ROUND(AVERAGE(AO13,AP13,AQ13),0)) | AV13: =IF(OR(AS13="",AT13="",AU13=""),"",ROUND(AVERAGE(AS13,AT13,AU13),0)) | AZ13: =IF(OR(AW13="",AX13="",AY13=""),"",ROUND(AVERAGE(AW13,AX13,AY13),0)) | BD13: =IF(OR(BA13="",BB13="",BC13=""),"",ROUND(AVERAGE(BA13,BB13,BC13),0))
A14: 7 | B14: =FIL!C12&" "&FIL!D12&" "&FIL!E12 | H14: =IF(OR(E14="",F14="",G14=""),"",ROUND(AVERAGE(E14,F14,G14),0)) | L14: =IF(OR(I14="",J14="",K14=""),"",ROUND(AVERAGE(I14,J14,K14),0)) | P14: =IF(OR(M14="",N14="",O14=""),"",ROUND(AVERAGE(M14,N14,O14),0)) | T14: =IF(OR(Q14="",R14="",S14=""),"",ROUND(AVERAGE(Q14,R14,S14),0)) | X14: =IF(OR(U14="",V14="",W14=""),"",ROUND(AVERAGE(U14,V14,W14),0)) | AB14: =IF(OR(Y14="",Z14="",AA14=""),"",ROUND(AVERAGE(Y14,Z14,AA14),0)) | AF14: =IF(OR(AC14="",AD14="",AE14=""),"",ROUND(AVERAGE(AC14,AD14,AE14),0)) | AJ14: =IF(OR(AG14="",AH14="",AI14=""),"",ROUND(AVERAGE(AG14,AH14,AI14),0)) | AN14: =IF(OR(AK14="",AL14="",AM14=""),"",ROUND(AVERAGE(AK14,AL14,AM14),0)) | AR14: =IF(OR(AO14="",AP14="",AQ14=""),"",ROUND(AVERAGE(AO14,AP14,AQ14),0)) | AV14: =IF(OR(AS14="",AT14="",AU14=""),"",ROUND(AVERAGE(AS14,AT14,AU14),0)) | AZ14: =IF(OR(AW14="",AX14="",AY14=""),"",ROUND(AVERAGE(AW14,AX14,AY14),0)) | BD14: =IF(OR(BA14="",BB14="",BC14=""),"",ROUND(AVERAGE(BA14,BB14,BC14),0))
A15: 8 | B15: =FIL!C13&" "&FIL!D13&" "&FIL!E13 | H15: =IF(OR(E15="",F15="",G15=""),"",ROUND(AVERAGE(E15,F15,G15),0)) | L15: =IF(OR(I15="",J15="",K15=""),"",ROUND(AVERAGE(I15,J15,K15),0)) | P15: =IF(OR(M15="",N15="",O15=""),"",ROUND(AVERAGE(M15,N15,O15),0)) | T15: =IF(OR(Q15="",R15="",S15=""),"",ROUND(AVERAGE(Q15,R15,S15),0)) | X15: =IF(OR(U15="",V15="",W15=""),"",ROUND(AVERAGE(U15,V15,W15),0)) | AB15: =IF(OR(Y15="",Z15="",AA15=""),"",ROUND(AVERAGE(Y15,Z15,AA15),0)) | AF15: =IF(OR(AC15="",AD15="",AE15=""),"",ROUND(AVERAGE(AC15,AD15,AE15),0)) | AJ15: =IF(OR(AG15="",AH15="",AI15=""),"",ROUND(AVERAGE(AG15,AH15,AI15),0)) | AN15: =IF(OR(AK15="",AL15="",AM15=""),"",ROUND(AVERAGE(AK15,AL15,AM15),0)) | AR15: =IF(OR(AO15="",AP15="",AQ15=""),"",ROUND(AVERAGE(AO15,AP15,AQ15),0)) | AV15: =IF(OR(AS15="",AT15="",AU15=""),"",ROUND(AVERAGE(AS15,AT15,AU15),0)) | AZ15: =IF(OR(AW15="",AX15="",AY15=""),"",ROUND(AVERAGE(AW15,AX15,AY15),0)) | BD15: =IF(OR(BA15="",BB15="",BC15=""),"",ROUND(AVERAGE(BA15,BB15,BC15),0))
A16: 9 | B16: =FIL!C14&" "&FIL!D14&" "&FIL!E14 | H16: =IF(OR(E16="",F16="",G16=""),"",ROUND(AVERAGE(E16,F16,G16),0)) | L16: =IF(OR(I16="",J16="",K16=""),"",ROUND(AVERAGE(I16,J16,K16),0)) | P16: =IF(OR(M16="",N16="",O16=""),"",ROUND(AVERAGE(M16,N16,O16),0)) | T16: =IF(OR(Q16="",R16="",S16=""),"",ROUND(AVERAGE(Q16,R16,S16),0)) | X16: =IF(OR(U16="",V16="",W16=""),"",ROUND(AVERAGE(U16,V16,W16),0)) | AB16: =IF(OR(Y16="",Z16="",AA16=""),"",ROUND(AVERAGE(Y16,Z16,AA16),0)) | AF16: =IF(OR(AC16="",AD16="",AE16=""),"",ROUND(AVERAGE(AC16,AD16,AE16),0)) | AJ16: =IF(OR(AG16="",AH16="",AI16=""),"",ROUND(AVERAGE(AG16,AH16,AI16),0)) | AN16: =IF(OR(AK16="",AL16="",AM16=""),"",ROUND(AVERAGE(AK16,AL16,AM16),0)) | AR16: =IF(OR(AO16="",AP16="",AQ16=""),"",ROUND(AVERAGE(AO16,AP16,AQ16),0)) | AV16: =IF(OR(AS16="",AT16="",AU16=""),"",ROUND(AVERAGE(AS16,AT16,AU16),0)) | AZ16: =IF(OR(AW16="",AX16="",AY16=""),"",ROUND(AVERAGE(AW16,AX16,AY16),0)) | BD16: =IF(OR(BA16="",BB16="",BC16=""),"",ROUND(AVERAGE(BA16,BB16,BC16),0))
A17: 10 | B17: =FIL!C15&" "&FIL!D15&" "&FIL!E15 | H17: =IF(OR(E17="",F17="",G17=""),"",ROUND(AVERAGE(E17,F17,G17),0)) | L17: =IF(OR(I17="",J17="",K17=""),"",ROUND(AVERAGE(I17,J17,K17),0)) | P17: =IF(OR(M17="",N17="",O17=""),"",ROUND(AVERAGE(M17,N17,O17),0)) | T17: =IF(OR(Q17="",R17="",S17=""),"",ROUND(AVERAGE(Q17,R17,S17),0)) | X17: =IF(OR(U17="",V17="",W17=""),"",ROUND(AVERAGE(U17,V17,W17),0)) | AB17: =IF(OR(Y17="",Z17="",AA17=""),"",ROUND(AVERAGE(Y17,Z17,AA17),0)) | AF17: =IF(OR(AC17="",AD17="",AE17=""),"",ROUND(AVERAGE(AC17,AD17,AE17),0)) | AJ17: =IF(OR(AG17="",AH17="",AI17=""),"",ROUND(AVERAGE(AG17,AH17,AI17),0)) | AN17: =IF(OR(AK17="",AL17="",AM17=""),"",ROUND(AVERAGE(AK17,AL17,AM17),0)) | AR17: =IF(OR(AO17="",AP17="",AQ17=""),"",ROUND(AVERAGE(AO17,AP17,AQ17),0)) | AV17: =IF(OR(AS17="",AT17="",AU17=""),"",ROUND(AVERAGE(AS17,AT17,AU17),0)) | AZ17: =IF(OR(AW17="",AX17="",AY17=""),"",ROUND(AVERAGE(AW17,AX17,AY17),0)) | BD17: =IF(OR(BA17="",BB17="",BC17=""),"",ROUND(AVERAGE(BA17,BB17,BC17),0))
A18: 11 | B18: =FIL!C16&" "&FIL!D16&" "&FIL!E16 | H18: =IF(OR(E18="",F18="",G18=""),"",ROUND(AVERAGE(E18,F18,G18),0)) | L18: =IF(OR(I18="",J18="",K18=""),"",ROUND(AVERAGE(I18,J18,K18),0)) | P18: =IF(OR(M18="",N18="",O18=""),"",ROUND(AVERAGE(M18,N18,O18),0)) | T18: =IF(OR(Q18="",R18="",S18=""),"",ROUND(AVERAGE(Q18,R18,S18),0)) | X18: =IF(OR(U18="",V18="",W18=""),"",ROUND(AVERAGE(U18,V18,W18),0)) | AB18: =IF(OR(Y18="",Z18="",AA18=""),"",ROUND(AVERAGE(Y18,Z18,AA18),0)) | AF18: =IF(OR(AC18="",AD18="",AE18=""),"",ROUND(AVERAGE(AC18,AD18,AE18),0)) | AJ18: =IF(OR(AG18="",AH18="",AI18=""),"",ROUND(AVERAGE(AG18,AH18,AI18),0)) | AN18: =IF(OR(AK18="",AL18="",AM18=""),"",ROUND(AVERAGE(AK18,AL18,AM18),0)) | AR18: =IF(OR(AO18="",AP18="",AQ18=""),"",ROUND(AVERAGE(AO18,AP18,AQ18),0)) | AV18: =IF(OR(AS18="",AT18="",AU18=""),"",ROUND(AVERAGE(AS18,AT18,AU18),0)) | AZ18: =IF(OR(AW18="",AX18="",AY18=""),"",ROUND(AVERAGE(AW18,AX18,AY18),0)) | BD18: =IF(OR(BA18="",BB18="",BC18=""),"",ROUND(AVERAGE(BA18,BB18,BC18),0))
A19: 12 | B19: =FIL!C17&" "&FIL!D17&" "&FIL!E17 | H19: =IF(OR(E19="",F19="",G19=""),"",ROUND(AVERAGE(E19,F19,G19),0)) | L19: =IF(OR(I19="",J19="",K19=""),"",ROUND(AVERAGE(I19,J19,K19),0)) | P19: =IF(OR(M19="",N19="",O19=""),"",ROUND(AVERAGE(M19,N19,O19),0)) | T19: =IF(OR(Q19="",R19="",S19=""),"",ROUND(AVERAGE(Q19,R19,S19),0)) | X19: =IF(OR(U19="",V19="",W19=""),"",ROUND(AVERAGE(U19,V19,W19),0)) | AB19: =IF(OR(Y19="",Z19="",AA19=""),"",ROUND(AVERAGE(Y19,Z19,AA19),0)) | AF19: =IF(OR(AC19="",AD19="",AE19=""),"",ROUND(AVERAGE(AC19,AD19,AE19),0)) | AJ19: =IF(OR(AG19="",AH19="",AI19=""),"",ROUND(AVERAGE(AG19,AH19,AI19),0)) | AN19: =IF(OR(AK19="",AL19="",AM19=""),"",ROUND(AVERAGE(AK19,AL19,AM19),0)) | AR19: =IF(OR(AO19="",AP19="",AQ19=""),"",ROUND(AVERAGE(AO19,AP19,AQ19),0)) | AV19: =IF(OR(AS19="",AT19="",AU19=""),"",ROUND(AVERAGE(AS19,AT19,AU19),0)) | AZ19: =IF(OR(AW19="",AX19="",AY19=""),"",ROUND(AVERAGE(AW19,AX19,AY19),0)) | BD19: =IF(OR(BA19="",BB19="",BC19=""),"",ROUND(AVERAGE(BA19,BB19,BC19),0))
... A47: 40 | B47: =FIL!C45&" "&FIL!D45&" "&FIL!E45 | H47: =IF(OR(E47="",F47="",G47=""),"",ROUND(AVERAGE(E47,F47,G47),0)) | L47: =IF(OR(I47="",J47="",K47=""),"",ROUND(AVERAGE(I47,J47,K47),0)) | P47: =IF(OR(M47="",N47="",O47=""),"",ROUND(AVERAGE(M47,N47,O47),0)) | T47: =IF(OR(Q47="",R47="",S47=""),"",ROUND(AVERAGE(Q47,R47,S47),0)) | X47: =IF(OR(U47="",V47="",W47=""),"",ROUND(AVERAGE(U47,V47,W47),0)) | AB47: =IF(OR(Y47="",Z47="",AA47=""),"",ROUND(AVERAGE(Y47,Z47,AA47),0)) | AF47: =IF(OR(AC47="",AD47="",AE47=""),"",ROUND(AVERAGE(AC47,AD47,AE47),0)) | AJ47: =IF(OR(AG47="",AH47="",AI47=""),"",ROUND(AVERAGE(AG47,AH47,AI47),0)) | AN47: =IF(OR(AK47="",AL47="",AM47=""),"",ROUND(AVERAGE(AK47,AL47,AM47),0)) | AR47: =IF(OR(AO47="",AP47="",AQ47=""),"",ROUND(AVERAGE(AO47,AP47,AQ47),0)) | AV47: =IF(OR(AS47="",AT47="",AU47=""),"",ROUND(AVERAGE(AS47,AT47,AU47),0)) | AZ47: =IF(OR(AW47="",AX47="",AY47=""),"",ROUND(AVERAGE(AW47,AX47,AY47),0)) | BD47: =IF(OR(BA47="",BB47="",BC47=""),"",ROUND(AVERAGE(BA47,BB47,BC47),0))

Sheet LIBRETA
E1: LOGO U. E.
C2: MINISTERIO DE EDUCACIÓN
C3: DIRECCIÓN DEPARTAMENTAL DE EDUCACIÓN COCHABAMBA
C4: DIRECCIÓN DISTRITAL DE SACABA
C5: ="UNIDAD EDUCATIVA"&" "&Carátula!D14 -> UNIDAD EDUCATIVA SIMON BOLIVAR
C6: Nivel Secundario
C8: BOLETIN DE NOTAS - 2025
C9: APELLIDOS Y NOMBRES: | D9: =LOOKUP(H9,'Centralizador Materias'!A8:A47,'Centralizador Materias'!B8:B47) | G9: N° | H9: 3
C10: CURSO: | D10: =CONCATENATE(Carátula!P20," ",Carátula!S20) -> SEXTO "A"
C11: GESTIÓN: | D11: =Carátula!F8 -> 2026 | E11: P. GENERAL: | G11: =H28
C13: CAMPOS SABERES Y CONOCIMIENTOS | D13: ÁREAS CURRICULARES | E13: EVALUACIÓN CUANTITATIVA
E14: 1 T | F14: 2 T | G14: 3 T | H14: PA
C15: COMUNIDAD Y SOCIEDAD | D15: COMUNICACIÓN Y LENGUAJES | E15: =LOOKUP(H9,'Centralizador Materias'!A8:A47,'Centralizador Materias'!E8:E47) -> 0 | F15: =LOOKUP(H9,'Centralizador Materias'!A8:A47,'Centralizador Materias'!F8:F47) -> 0 | G15: =LOOKUP(H9,'Centralizador Materias'!A8:A47,'Centralizador Materias'!G8:G47) -> 0 | H15: =LOOKUP(H9,'Centralizador Materias'!A8:A47,'Centralizador Materias'!H8:H47)
D16: LENGUA EXTRANJERA (INGLES) | E16: =LOOKUP(H9,'Centralizador Materias'!A8:A47,'Centralizador Materias'!I8:I47) -> 0 | F16: =LOOKUP(H9,'Centralizador Materias'!A8:A47,'Centralizador Materias'!J8:J47) -> 0 | G16: =LOOKUP(H9,'Centralizador Materias'!A8:A47,'Centralizador Materias'!K8:K47) -> 0 | H16: =LOOKUP(H9,'Centralizador Materias'!A8:A47,'Centralizador Materias'!L8:L47)
D17: CIENCIAS SOCIALES | E17: =LOOKUP(H9,'Centralizador Materias'!A8:A47,'Centralizador Materias'!M8:M47) -> 0 | F17: =LOOKUP(H9,'Centralizador Materias'!A8:A47,'Centralizador Materias'!N8:N47) -> 0 | G17: =LOOKUP(H9,'Centralizador Materias'!A8:A47,'Centralizador Materias'!O8:O47) -> 0 | H17: =LOOKUP(H9,'Centralizador Materias'!A8:A47,'Centralizador Materias'!P8:P47)
D18: EDUCACIÓN FÍSICA Y DEPORTES | E18: =LOOKUP(H9,'Centralizador Materias'!A8:A47,'Centralizador Materias'!Q8:Q47) -> 0 | F18: =LOOKUP(H9,'Centralizador Materias'!A8:A47,'Centralizador Materias'!R8:R47) -> 0 | G18: =LOOKUP(H9,'Centralizador Materias'!A8:A47,'Centralizador Materias'!S8:S47) -> 0 | H18: =LOOKUP(H9,'Centralizador Materias'!A8:A47,'Centralizador Materias'!T8:T47)
D19: EDUCACIÓN MÚSICAL | E19: =LOOKUP(H9,'Centralizador Materias'!A8:A47,'Centralizador Materias'!U8:U47) -> 0 | F19: =LOOKUP(H9,'Centralizador Materias'!A8:A47,'Centralizador Materias'!V8:V47) -> 0 | G19: =LOOKUP(H9,'Centralizador Materias'!A8:A47,'Centralizador Materias'!W8:W47) -> 0 | H19: =LOOKUP(H9,'Centralizador Materias'!A8:A47,'Centralizador Materias'!X8:X47)
D20: ARTES PLÁSTICAS Y VISUALES | E20: =LOOKUP(H9,'Centralizador Materias'!A8:A47,'Centralizador Materias'!Y8:Y47) -> 0 | F20: =LOOKUP(H9,'Centralizador Materias'!A8:A47,'Centralizador Materias'!Z8:Z47) -> 0 | G20: =LOOKUP(H9,'Centralizador Materias'!A8:A47,'Centralizador Materias'!AA8:AA47) -> 0 | H20: =LOOKUP(H9,'Centralizador Materias'!A8:A47,'Centralizador Materias'!AB8:AB47)
C21: CIENCIA TECNOLOGÍA Y PRODUCCIÓN | D21: MATEMÁTICAS | E21: =LOOKUP(H9,'Centralizador Materias'!A8:A47,'Centralizador Materias'!AC8:AC47) -> 0 | F21: =LOOKUP(H9,'Centralizador Materias'!A8:A47,'Centralizador Materias'!AD8:AD47) -> 0 | G21: =LOOKUP(H9,'Centralizador Materias'!A8:A47,'Centralizador Materias'!AE8:AE47) -> 0 | H21: =LOOKUP(H9,'Centralizador Materias'!A8:A47,'Centralizador Materias'!AF8:AF47)
D22: TÉC. TECNOLÓGICA GRAL. | E22: =LOOKUP(H9,'Centralizador Materias'!A8:A47,'Centralizador Materias'!AG8:AG47) -> 0 | F22: =LOOKUP(H9,'Centralizador Materias'!A8:A47,'Centralizador Materias'!AH8:AH47) -> 0 | G22: =LOOKUP(H9,'Centralizador Materias'!A8:A47,'Centralizador Materias'!AI8:AI47) -> 0 | H22: =LOOKUP(H9,'Centralizador Materias'!A8:A47,'Centralizador Materias'!AJ8:AJ47)
C23: VIDA TIERRA TERRITORIO | D23: BIOLOGÍA - GEOGRAFÍA | E23: =LOOKUP(H9,'Centralizador Materias'!A8:A47,'Centralizador Materias'!AK8:AK47) -> 0 | F23: =LOOKUP(H9,'Centralizador Materias'!A8:A47,'Centralizador Materias'!AL8:AL47) -> 0 | G23: =LOOKUP(H9,'Centralizador Materias'!A8:A47,'Centralizador Materias'!AM8:AM47) -> 0 | H23: =LOOKUP(H9,'Centralizador Materias'!A8:A47,'Centralizador Materias'!AN8:AN47)
D24: FÍSICA | E24: =LOOKUP(H9,'Centralizador Materias'!A8:A47,'Centralizador Materias'!AO8:AO47) -> 0 | F24: =LOOKUP(H9,'Centralizador Materias'!A8:A47,'Centralizador Materias'!AP8:AP47) -> 0 | G24: =LOOKUP(H9,'Centralizador Materias'!A8:A47,'Centralizador Materias'!AQ8:AQ47) -> 0 | H24: =LOOKUP(H9,'Centralizador Materias'!A8:A47,'Centralizador Materias'!AR8:AR47)
D25: QUÍMICA | E25: =LOOKUP(H9,'Centralizador Materias'!A8:A47,'Centralizador Materias'!AS8:AS47) -> 0 | F25: =LOOKUP(H9,'Centralizador Materias'!A8:A47,'Centralizador Materias'!AT8:AT47) -> 0 | G25: =LOOKUP(H9,'Centralizador Materias'!A8:A47,'Centralizador Materias'!AU8:AU47) -> 0 | H25: =LOOKUP(H9,'Centralizador Materias'!A8:A47,'Centralizador Materias'!AV8:AV47)
C26: COSMOS Y PENSAMIENTO | D26: COSMOVISIONES PSICOLOGÍA Y FILOSOFÍA | E26: =LOOKUP(H9,'Centralizador Materias'!A8:A47,'Centralizador Materias'!AW8:AW47) -> 0 | F26: =LOOKUP(H9,'Centralizador Materias'!A8:A47,'Centralizador Materias'!AX8:AX47) -> 0 | G26: =LOOKUP(H9,'Centralizador Materias'!A8:A47,'Centralizador Materias'!AY8:AY47) -> 0 | H26: =LOOKUP(H9,'Centralizador Materias'!A8:A47,'Centralizador Materias'!AZ8:AZ47)
D27: VALORES ESPIRITUALIDAD Y RELIGIONES | E27: =LOOKUP(H9,'Centralizador Materias'!A8:A47,'Centralizador Materias'!BA8:BA47) -> 0 | F27: =LOOKUP(H9,'Centralizador Materias'!A8:A47,'Centralizador Materias'!BB8:BB47) -> 0 | G27: =LOOKUP(H9,'Centralizador Materias'!A8:A47,'Centralizador Materias'!BC8:BC47) -> 0 | H27: =LOOKUP(H9,'Centralizador Materias'!A8:A47,'Centralizador Materias'!BD8:BD47)
C28: PROMEDIOS TRIMESTRALES | E28: =IF(ISERROR(AVERAGE(E15:E27)),"",ROUND(AVERAGE(E15:E27),0)) -> 0 | F28: =IF(ISERROR(AVERAGE(F15:F27)),"",ROUND(AVERAGE(F15:F27),0)) -> 0 | G28: =IF(ISERROR(AVERAGE(G15:G27)),"",ROUND(AVERAGE(G15:G27),0)) -> 0 | H28: =IF(ISERROR(AVERAGE(H15:H27)),"",ROUND(AVERAGE(H15:H27),0))

Sheet Horario
B1: HORARIO 2026 PROFESOR
B2: PROFESOR: | C2: =Carátula!D23 -> JOSE CUELLAR SANCHEZ | M2: UNIDAD EDUCATIVA: | R2: =Carátula!$D$14 -> SIMON BOLIVAR
B3: NIVEL : | C3: =Carátula!$P$18 -> SECUNDARIA | M3: CURSO: | Q3: =Carátula!$P$20&" "&Carátula!$S$20 -> SEXTO "A"
B5: HORA | C5: LUNES | G5: MARTES | K5: MIERCOLES | O5: JUEVES | S5: VIERNES | W5: SABADO
B6: 1
B7: 2
C8: R E C R E O
B9: 3
B10: 4
C11: R E C R E O
B12: 5
B13: 6
B14: 7

Sheet Avance Sec.
B1: REPORTE TEMAS AVANZADOS
C3: UNIDAD EDUCATIVA: | E3: =Carátula!$D$14 -> SIMON BOLIVAR
C4: NIVEL : | D4: =Carátula!$P$18 -> SECUNDARIA | N4: CURSO: | R4: =Carátula!$P$20&" "&Carátula!$S$20 -> SEXTO "A"
D6: PROFESOR(A): | F6: =Carátula!$D$23 -> JOSE CUELLAR SANCHEZ
B8: CAMPOS | C8: CURSO | D8: ÁREA | E8: 1er Trimestre | K8: 2do Trimestre | Q8: 3er Trimestre
E9: TP | F9: % | G9: TA | H9: % | I9: TNA | J9: % | K9: TP | L9: % | M9: TA | N9: % | O9: TNA | P9: % | Q9: TP | R9: % | S9: TA | T9: % | U9: TNA | V9: %

Sheet Obs. Est.
A1: GUÍA DE OBSERVACIÓN DEL ESTUDIANTE
A2: ="Curso: "&Carátula!P20&" "&Carátula!S20 -> Curso: SEXTO "A"
A4: N° | B4: ESTUDIANTE | C4: ACCIÓN OBSERVADA | D4: FECHA
A5: 1
A6: 2
A7: 3
A8: 4
A9: 5
A10: 6
A11: 7
A12: 8
A13: 9
A14: 10
A15: 11
A16: 12
... A34: 30

Sheet Entrevista PF
A1: FICHA DE ENTREVISTA CON EL PADRE DE FAMILIA
A2: ="Curso: "&Carátula!P20&" "&Carátula!S20 -> Curso: SEXTO "A"
A4: FECHA | B4: ESTUDIANTE | C4: PADRE O TUTOR | D4: MOTIVO DE LA ENTREVISTA | E4: SUGERENCIA DE SOLUCIÓN | F4: FIRMA | G4: OBSERV

Sheet Entrevista Est.
A1: GUÍA DE ENTREVISTA CON EL ESTUDIANTE
A2: ="UNIDAD EDUCATIVA: "&Carátula!$D$14 -> UNIDAD EDUCATIVA: SIMON BOLIVAR
A3: ="CURSO: "&Carátula!P20&" "&Carátula!S20 -> CURSO: SEXTO "A"
A5: FECHA | B5: ESTUDIANTE | C5: MOTIVO DE LA ENTREVISTA | D5: SUGERENCIA DE SOLUCIÓN | E5: FIRMA

Sheet Citación
A1: ="UNIDAD EDUCATIVA "&Carátula!D14 -> UNIDAD EDUCATIVA SIMON BOLIVAR | J1: =A1 -> UNIDAD EDUCATIVA SIMON BOLIVAR
A2: BOLETIN INFORMATIVO Y/O DE CITACIÓN | J2: BOLETIN INFORMATIVO Y/O DE CITACIÓN
A3: Sr. Padre de familia sentimos mucho comunicarle que su hijo ………………….……………… del curso ……… del Nivel | J3: Sr. Padre de familia sentimos mucho comunicarle que su hijo ………………….……………… del curso ……… del Nivel
B4: No hizo su tarea escolar | F4: Rindió un examen insastifactorio | K4: No hizo su tarea escolar | O4: Rindió un examen insastifactorio
B5: Llegó tarde a clases | F5: No se presentó al examen | K5: Llegó tarde a clases | O5: No se presentó al examen
B6: Se comporta mal en clases | F6: Faltó el respeto a sus compañeros | K6: Se comporta mal en clases | O6: Faltó el respeto a sus compañeros
B7: No asistió a clases | F7: Faltó el respeto al profesor | K7: No asistió a clases | O7: Faltó el respeto al profesor
B8: No presentó sus cuadernos | F8: Asistió a clases sin uniforme | K8: No presentó sus cuadernos | O8: Asistió a clases sin uniforme
B9: Asistió a clases sin material escolar | F9: …………………………………… | K9: Asistió a clases sin material escolar | O9: ……………………………………
A10: Sírvase Ud. devolver el presente boletín firmado hasta el día ………..…, …. de ...…………………….... de 2023 como muestra de su conocimiento. | J10: Sírvase Ud. devolver el presente boletín firmado hasta el día …………, …. de ..………………….... de 2023 como muestra de su conocimiento.
A11: Sírvase Ud. presentarse en la unidad educativa el día …………......., …..... de ……………..... del año 2026 para converzar con el profesor ………….....…..……..………………. sobre la conducta académica de sus hijo. | J11: Sírvase Ud. presentarse en la unidad educativa el día ………....., …... de ………….. de 2026 para converzar con el profesor ………….....…..……..…………. sobre la conducta académica de sus hijo.
A13: Cochabamba, ……….. de …………………..… del año 2026 | J13: Cochabamba, ……….. de …………………..… del año 2026
B16: PROFESOR | F16: PADRE DE FAMILIA | K16: PROFESOR | O16: PADRE DE FAMILIA
A20: =A1 -> UNIDAD EDUCATIVA SIMON BOLIVAR | J20: =A1 -> UNIDAD EDUCATIVA SIMON BOLIVAR
A21: BOLETIN INFORMATIVO Y/O DE CITACIÓN | J21: BOLETIN INFORMATIVO Y/O DE CITACIÓN
A22: Sr. Padre de familia sentimos mucho comunicarle que su hijo ………………….……………… del curso ……… del Nivel | J22: Sr. Padre de familia sentimos mucho comunicarle que su hijo ………………….……………… del curso ……… del Nivel
B23: No hizo su tarea escolar | F23: Rindió un examen insastifactorio | K23: No hizo su tarea escolar | O23: Rindió un examen insastifactorio
B24: Llegó tarde a clases | F24: No se presentó al examen | K24: Llegó tarde a clases | O24: No se presentó al examen
B25: Se comporta mal en clases | F25: Faltó el respeto a sus compañeros | K25: Se comporta mal en clases | O25: Faltó el respeto a sus compañeros
B26: No asistió a clases | F26: Faltó el respeto al profesor | K26: No asistió a clases | O26: Faltó el respeto al profesor
B27: No presentó sus cuadernos | F27: Asistió a clases sin uniforme | K27: No presentó sus cuadernos | O27: Asistió a clases sin uniforme
B28: Asistió a clases sin material escolar | F28: …………………………………… | K28: Asistió a clases sin material escolar | O28: ……………………………………
A29: Sírvase Ud. devolver el presente boletín firmado hasta el día ………..…, …. de ...…………………….... de 2026 como muestra de su conocimiento. | J29: Sírvase Ud. devolver el presente boletín firmado hasta el día ……………, …..…. de ...………………….... de 2023 como muestra de su conocimiento.
A30: Sírvase Ud. presentarse en la unidad educativa el día …………....., …... de ………….. del año 2023 para converzar con el profesor ………….....…..……..………………. sobre la conducta académica de sus hijo. | J30: Sírvase Ud. presentarse en la unidad educativa el día ………………....., ………... de ………….. de 2026 para converzar con el profesor ………….....…..……..………………. sobre la conducta académica de sus hijo.
A32: Cochabamba, ……….. de …………………..… del año 2026 | J32: Cochabamba, ……….. de …………………..… del año 2026
B35: PROFESOR | F35: PADRE DE FAMILIA | K35: PROFESOR | O35: PADRE DE FAMILIA

Sheet Eval. Comu.
A1: ACTA DE LA EVALUACIÓN COMUNITARIA
A2: ="Curso: "&Carátula!P20&" "&Carátula!S20 -> Curso: SEXTO "A" | F2: ="Nivel: "&Carátula!$P$18 -> Nivel: SECUNDARIA
A3: ="Profesor(a): "&Carátula!$D$23 -> Profesor(a): JOSE CUELLAR SANCHEZ
A4: En los predios de la Unidad Educativa a horas …………….....………. y a convocatoria del Profesor ………........…………………………… asesor del curso ………………………. del Nivel …..........., con informes de las diferentes áreas de conocimientos, se reunió con los padres de familia y representantes de estudiantes con el único objetivo de la evaluación comunitaria correspondiente al .......... Trimestre de estudio del curso mencionado en líneas precedentes, después de escuchar las orientaciones pedagógicas logros y dificultades hechas por el asesor y padres de familia se llegó a establecer los criterios de la evaluación comunitaria consensuados al inicio del Trimestre de estudio, para luego cualificar el aprendizaje de los estudiantes y tomar las referencias correspondientes, las mismas quedan registradas en las planillas que a continuación firmamos:
A11: N° | B11: ESTUDIANTE | C11: CALIFICACION CUALITATIVA | D11: PADRE O TUTOR | E11: C.I. | F11: FIRMA | G11: OBS.
A12: 1
A13: 2
A14: 3
A15: 4
A16: 5
A17: 6
A18: 7
A19: 8
A20: 9
A21: 10
A22: 11
A23: 12
... A51: 40
A53: Es dado en la ciudad de Cochabamba a los …… días del mes de ………………. del año 2025

Sheet Acta PPFF
A1: ACTA DE COMPROMISO DEL PARE DE FAMILIA | C1: ACTA DE COMPROMISO DEL PADRE DE FAMILIA
A2: ="U.E.: "&Carátula!$D$14 -> U.E.: SIMON BOLIVAR | C2: =A2 -> U.E.: SIMON BOLIVAR
A3: Yo ……………………………………......…padre de familia de la estudiante …………………...............................del curso …………de secundaria después de escuchar el informe del profesor……………................................sobre la conducta y aprovechamiento académico de mi hijo y estando yo de acuerdo que lo único que busca el docente y el colegio es encausar a mi hijo en el respeto, buena convivencia social y hábito de estudio, me comprometo a realizar un seguimiento más personalizado a mi hijo asistiendo periódicamente a la Institución Educativa para recabar información de la conducta y aprovechamiento académico respectivo, en caso que mi hijo no tuviese cambio positivo solicitaré la transferencia de mi hijo a otra institución educativa. Cochabamba ..... de ....... de 2026 | C3: Yo ……………………………………......…padre de familia de la estudiante …………………...............................del curso …………de secundaria después de escuchar el informe del profesor……………................................sobre la conducta y aprovechamiento académico de mi hijo y estando yo de acuerdo que lo único que busca el docente y el colegio es encausar a mi hijo en el respeto, buena convivencia social y hábito de estudio, me comprometo a realizar un seguimiento más personalizado a mi hijo asistiendo periódicamente a la Institución Educativa para recabar información de la conducta y aprovechamiento académico respectivo, en caso que mi hijo no tuviese cambio positivo solicitaré la transferencia de mi hijo a otra institución educativa. Cochabamba ..... de ....... de 2026
A4: FIRMA PP.FF FIRMA DOCENTE | C4: FIRMA PP.FF FIRMA DOCENTE
A6: ACTA DE COMPROMISO DEL PARE DE FAMILIA | C6: ACTA DE COMPROMISO DEL PADRE DE FAMILIA
A7: =A2 -> U.E.: SIMON BOLIVAR | C7: =A7 -> U.E.: SIMON BOLIVAR
A8: Yo ……………………………………......…padre de familia de la estudiante …………………...............................del curso …………de secundaria después de escuchar el informe del profesor……………................................sobre la conducta y aprovecamiento académico de mi hijo y estando yo de acuerdo que lo único que busca el docente y el colegio es encausar a mi hijo en el respeto, buena convivencia social y hábito de estuio, me comprometo a realizar un seguimiento más personalizado a mi hijo asisitiendo periódicamente a la institución educativa para recabar información de la conducta y aprovechamiento académico respectivo, en caso que mi hijo no tuviese cambio positivo solicitaré la transferencia de mi hijo a otra institución educativa. Cochabamba ..... de ....... de 2026 | C8: Yo ……………………………………......…padre de familia del estudiante …………………...................................del curso …………de secundaria después de escuchar el informe del profesor……………................................sobre la conducta y aprovecamiento académico de mi hijo y estando yo de acuerdo que lo único que busca el docente y el colegio es encausar a mi hijo en el repeto, buena convivencia social y hábito de estuio, me comprometo a realizar un seguimiento más personalizado a mi hijo asisitiendo periódicamente a la institución educativa para recabar información de la conducta y aprovechamiento académico respectivo, en caso que mi hijo no tuviese cambio positivo solicitaré la transferencia de mi hijo a otra institución educativa. Cochabamba ..... de ....... de 2026
A9: FIRMA PP.FF FIRMA DOCENTE | C9: FIRMA PP.FF FIRMA DOCENTE
A11: ACTA DE COMPROMISO DEL PARE DE FAMILIA | C11: ACTA DE COMPROMISO DEL PADRE DE FAMILIA
A12: =A7 -> U.E.: SIMON BOLIVAR | C12: =A12 -> U.E.: SIMON BOLIVAR
A13: Yo ……………………………………......…padre de familia de la estudiante …………………...............................del curso …………de secundaria después de escuchar el informe del profesor……………................................sobre la conducta y aprovechamiento académico de mi hijo y estando yo de acuerdo que lo único que busca el docente y el colegio es encausar a mi hijo en el respeto, buena convivencia social y hábito de estudio, me comprometo a realizar un seguimiento más personalizado a mi hijo asistiendo periódicamente a la Institución Educativa para recabar información de la conducta y aprovechamiento académico respectivo, en caso que mi hijo no tuviese cambio positivo solicitaré la transferencia de mi hijo a otra institución educativa. Cochabamba ..... de ....... de 2026 | C13: Yo ……………………………………......…padre de familia de la estudiante …………………...............................del curso …………de secundaria después de escuchar el informe del profesor……………................................sobre la conducta y aprovechamiento académico de mi hijo y estando yo de acuerdo que lo único que busca el docente y el colegio es encausar a mi hijo en el respeto, buena convivencia social y hábito de estudio, me comprometo a realizar un seguimiento más personalizado a mi hijo asistiendo periódicamente a la Institución Educativa para recabar información de la conducta y aprovechamiento académico respectivo, en caso que mi hijo no tuviese cambio positivo solicitaré la transferencia de mi hijo a otra institución educativa. Cochabamba ..... de ....... de 2026
A14: FIRMA PP.FF FIRMA DOCENTE | C14: FIRMA PP.FF FIRMA DOCENTE

Sheet INFORMES TRIM
A1: ="INFORME PEDAGÓGICO "&Carátula!F8 -> INFORME PEDAGÓGICO 2026
A2: PRIMER TRIMESTRE
A4: DE:
B5: PROFESOR DE CURSO
A7: A:
B8: DIRECTOR DE UNIDAD EDUCATIVA
A10: REFERENCIA: | C10: INFORME PEDAGÓGICO
A12: FECHA:
A18: 1.- | B18: CUADRO ESTADÍSTICO DE ESTUDIANTES
A19: GRADO | C19: EFECTIVOS | G19: RETENIDOS | K19: PROMOVIDOS | O19: OBSERVACIONES
C20: V | D20: M | E20: T | F20: % | G20: V | H20: M | I20: T | J20: % | K20: V | L20: M | M20: T | N20: %
A25: 2.- | B25: PORCENTAJE DE CONTENIDOS PROGRAMADOS
A26: ÁREA | E26: NUMERO DE TEMAS PROGRAMADOS ANUALES | H26: PRIMER TRIMESTRE | O26: OBSERVACIONES
H27: TEMAS PROGRAMADOS | K27: TEMAS AVANZADOS | N27: %
A28: COMUNICACIÓN Y LENGUAJES
A29: CIENCIAS SOCIALES
A30: EDUCACIÓN FÍSICA Y DEPORTES
A31: EDUCACIÓN MUSICAL
A32: ARTES PLÁSTICAS Y VISUALES
A33: CIENCIAS NATURALES
A34: MATEMÁTICAS
A35: TÉCNICA TECNOLOGÍA
A36: VALORES, ESPIRITUALIDADES Y RELIGIONES
A38: 3.- | B38: ESTUDIANTES CON DIFICULTADES DE APRENDIZAJE
A39: ESTUDIANTES | E39: DIFICULTAD DE APRENDIZAJE | H39: ÁREAS | K39: CARACTERÍSTICAS | O39: OBSERVACIONES
A47: 4.- | B47: ESTUDIANTES CON DIFICULTADES DE CONDUCTA
A48: ESTUDIANTES | E48: DIFICULTAD DE CONDUCTA | K48: CARACTERÍSTICAS | O48: OBSERVACIONES
A54: 5.- | B54: LOGROS ALCANZADOS DURANTE EL TRIMESTRE
A60: 6.- | B60: DIFICULTADES QUE SE PRESENTARON DURANTE EL TRIMESTRE
A66: 7.- | B66: SUGERENCIAS PROPUESTAS PARA EL PROXIMO TRIMESTRE

Sheet CALENDARIO ESCOLAR

Sheet DELEGADOS
